Workbook
Name apr_tot_down: #REF!
Name apr_tot_up: #REF!
Name dec_tot_down: 'December 2017'!$Y$33
Name dec_tot_hrs: 'December 2017'!$I$33
Name dec_tot_up: 'December 2017'!$Z$33
Name feb_tot_down: 'February 2018'!$Y$33
Name feb_tot_hrs: 'February 2018'!$I$33
Name feb_tot_up: 'February 2018'!$Z$33
Name jan_tot_down: 'January 2018'!$Y$33
Name jan_tot_hrs: 'January 2018'!$I$33
Name jan_tot_up: 'January 2018'!$Z$33
Name MAR_F_A_DN: 'April 2018'!$M$33
Name MAR_F_A_DN: 'March 2018'!$M$33
Name mar_tot_down: 'April 2018'!$Y$33
Name mar_tot_down: 'March 2018'!$Y$33
Name mar_tot_hrs: 'April 2018'!$I$33
Name mar_tot_hrs: 'March 2018'!$I$33
Name mar_tot_up: 'April 2018'!$Z$33
Name mar_tot_up: 'March 2018'!$Z$33
Name nov_tot_down: 'November 2017'!$Y$33
Name nov_tot_hrs: 'November 2017'!$I$33
Name nov_tot_up: 'November 2017'!$Z$33

Sheet April 2018
A1: Date | B1: Sunset | C1: Civil Twilight | D1: Captain | E1: Monitored (Y/N) | F1: Start time HH:MM | G1: End time HH:MM | H1: Hours monitored | I1: Team Hrs. | J1: Start temp | K1: End temp | L1: Weather | M1: Females assisted down | N1: Males assisted down | O1: Unassisted Females down | P1: Unasissted Males down | Q1: Females assisted up | R1: Males assisted up | S1: Unassisted females up | T1: Unassisted males up | U1: Juveniles assisted up | V1: Roadkill Females | W1: Roadkill Males | X1: Roadkill Unk | Y1: Total frogs down | Z1: Total frogs up | AA1: Total Frogs Assisted Down | AB1: Total Frogs Assisted Up | AC1: % moon visible | AD1: Comments
A2: 43191 | B2: 1939 | C2: 2009 | D2: =CHOOSE(WEEKDAY(A2),"Fred/Anne", "Jane", "Phil","Sue/Panos","Shawn/Owens","Jeff", "Rob") -> Fred/Anne | E2: Y | F2: 0.80208333 | G2: 0.87847222 | H2: =G2-F2 -> 0.076388889 | I2: 9 | J2: 44 | K2: 39 | L2: wet pavement, rain earlier | M2: 0 | N2: 0 | O2: 0 | P2: 0 | Q2: 0 | R2: 0 | S2: 0 | T2: 0 | U2: 0 | V2: 0 | W2: 0 | X2: 1 | Y2: =SUM(M2:P2) -> 0 | Z2: =SUM(Q2:U2) -> 0 | AA2: =SUM(M2:N2) -> 0 | AB2: =SUM(Q2:R2,U2) -> 0 | AC2: 0.99 | AD2: 8 Chorus frogs up, sex not determined. Interestingly, all found crossing MW uphill at 42-39 degrees. One hypothermic to torpor. Two Roadkill chorus frogs.
A3: 43192 | B3: 1940 | C3: 2010 | D3: =CHOOSE(WEEKDAY(A3),"Fred/Anne", "Jane", "Phil","Sue/Panos","Shawn/Owens","Jeff", "Rob") -> Jane | E3: N | H3: =G3-F3 -> 0 | J3: 45 | L3: dry | M3: 0 | N3: 0 | O3: 0 | P3: 0 | Q3: 0 | R3: 0 | S3: 0 | T3: 0 | U3: 0 | V3: 0 | W3: 0 | X3: 0 | Y3: =SUM(M3:P3) -> 0 | Z3: =SUM(Q3:U3) -> 0 | AA3: =SUM(M3:N3) -> 0 | AB3: =SUM(Q3:R3,U3) -> 0 | AC3: 0.96
A4: 43193 | B4: 1942 | C4: 2012 | D4: =CHOOSE(WEEKDAY(A4),"Fred/Anne", "Jane", "Phil/Tom","Sue/Panos","Shawn/Owens","Jeff", "Rob") -> Phil/Tom | E4: N | H4: =G4-F4 -> 0 | J4: 52 | K4: 52 | L4: dry | M4: 0 | N4: 0 | O4: 0 | P4: 0 | Q4: 0 | R4: 0 | S4: 0 | T4: 0 | U4: 0 | V4: 0 | W4: 0 | X4: 0 | Y4: =SUM(M4:P4) -> 0 | Z4: =SUM(Q4:U4) -> 0 | AA4: =SUM(M4:N4) -> 0 | AB4: =SUM(Q4:R4,U4) -> 0 | AC4: 0.91
A5: 43194 | B5: 1943 | C5: 2013 | D5: =CHOOSE(WEEKDAY(A5),"Fred/Anne", "Jane", "Phil","Sue/Panos","Shawn/Owens","Jeff", "Rob") -> Sue/Panos | E5: N | F5: 0.83333333 | G5: 0.83333333 | H5: =G5-F5 -> 0 | J5: 52 | L5: Dry | M5: 0 | N5: 0 | O5: 0 | P5: 0 | Q5: 0 | R5: 0 | S5: 0 | T5: 0 | U5: 0 | V5: 0 | W5: 0 | X5: 0 | Y5: =SUM(M5:P5) -> 0 | Z5: =SUM(Q5:U5) -> 0 | AA5: =SUM(M5:N5) -> 0 | AB5: =SUM(Q5:R5,U5) -> 0 | AC5: 0.85
A6: 43195 | B6: 1944 | C6: 2014 | D6: =CHOOSE(WEEKDAY(A6),"Fred/Anne", "Jane", "Phil","Sue/Panos","Shawn/Owens","Jeff", "Rob") -> Shawn/Owens | E6: Y | F6: 0.83333333 | G6: 1 | H6: =G6-F6 -> 0.16666667 | I6: 24.5 | J6: 55 | K6: 53 | L6: Dry, wet pavement (rained earlier) Drizzle after 11:30 | M6: 0 | N6: 0 | O6: 0 | P6: 1 | Q6: 11 | R6: 21 | S6: 0 | T6: 1 | U6: 4 | V6: 0 | W6: 0 | X6: 0 | Y6: =SUM(M6:P6) -> 1 | Z6: =SUM(Q6:U6) -> 37 | AA6: =SUM(M6:N6) -> 0 | AB6: =SUM(Q6:R6,U6) -> 36 | AC6: 0.77 | AD6: 3 chorus down, 30+ up; 1 NW Salamander up; 10(?) RL banded for tracking
A7: 43196 | B7: 1945 | C7: 2016 | D7: =CHOOSE(WEEKDAY(A7),"Fred/Anne", "Jane", "Phil","Sue/Panos","Shawn/Owens","Jeff", "Rob") -> Jeff | E7: Y | F7: 0.96527778 | G7: 0.99305556 | H7: =G7-F7 -> 0.027777778 | I7: 0.6 | J7: 61 | K7: 59 | L7: Dry (dry and warm all day) | M7: 0 | N7: 0 | O7: 0 | P7: 0 | Q7: 0 | R7: 0 | S7: 0 | T7: 0 | U7: 0 | V7: 0 | W7: 0 | X7: 0 | Y7: =SUM(M7:P7) -> 0 | Z7: =SUM(Q7:U7) -> 0 | AA7: =SUM(M7:N7) -> 0 | AB7: =SUM(Q7:R7,U7) -> 0 | AC7: 0.68 | AD7: Rain forecast for 11PM hour did not occur
A8: 43197 | B8: 1947 | C8: 2017 | D8: =CHOOSE(WEEKDAY(A8),"Fred/Anne", "Jane", "Phil","Sue/Panos","Shawn/Owens","Jeff", "Rob") -> Rob | E8: y | F8: 0.8125 | G8: 0.89583333 | H8: =G8-F8 -> 0.083333333 | I8: 8 | J8: 47 | K8: 47 | L8: steady rain | M8: 0 | N8: 0 | O8: 0 | P8: 0 | Q8: 0 | R8: 0 | S8: 0 | T8: 0 | U8: 0 | V8: 0 | W8: 0 | X8: 0 | Y8: =SUM(M8:P8) -> 0 | Z8: =SUM(Q8:U8) -> 0 | AA8: =SUM(M8:N8) -> 0 | AB8: =SUM(Q8:R8,U8) -> 0 | AC8: 0.59
A9: 43198 | B9: 1948 | C9: 2019 | D9: =CHOOSE(WEEKDAY(A9),"Fred/Anne", "Jane", "Phil","Sue/Panos","Shawn/Owens","Jeff", "Rob") -> Fred/Anne | E9: y | F9: 0.84375 | G9: 0.88541667 | H9: =G9-F9 -> 0.041666667 | I9: 2 | J9: 43 | K9: 42 | L9: Dry; dry pavement | M9: 0 | N9: 0 | O9: 0 | P9: 0 | Q9: 0 | R9: 0 | S9: 0 | T9: 0 | U9: 0 | V9: 0 | W9: 0 | X9: 0 | Y9: =SUM(M9:P9) -> 0 | Z9: =SUM(Q9:U9) -> 0 | AA9: =SUM(M9:N9) -> 0 | AB9: =SUM(Q9:R9,U9) -> 0 | AC9: 0.5 | AD9: Looked carefully for bodies from last night, saw none. 1 LT Salamander moved uphill.
A10: 43199 | B10: 1949 | C10: 2020 | D10: =CHOOSE(WEEKDAY(A10),"Fred/Anne", "Jane", "Phil","Sue/Panos","Shawn/Owens","Jeff", "Rob") -> Jane | E10: Y | F10: 0.86458333 | G10: 0.875 | H10: =G10-F10 -> 0.010416667 | I10: 0.25 | J10: 55 | K10: 55 | L10: Dry | M10: 0 | N10: 0 | O10: 0 | P10: 0 | Q10: 0 | R10: 0 | S10: 0 | T10: 0 | U10: 0 | V10: 0 | W10: 0 | X10: 0 | Y10: =SUM(M10:P10) -> 0 | Z10: =SUM(Q10:U10) -> 0 | AA10: =SUM(M10:N10) -> 0 | AB10: =SUM(Q10:R10,U10) -> 0 | AC10: 0.4
A11: 43200 | B11: 1951 | C11: 2021 | D11: =CHOOSE(WEEKDAY(A11),"Fred/Anne", "Jane", "Phil/Tom","Sue/Panos","Shawn/Owens","Jeff", "Rob") -> Phil/Tom | E11: Y | F11: 0.84375 | G11: 0.85416667 | H11: =G11-F11 -> 0.010416667 | I11: 0.25 | J11: 53 | K11: 52 | L11: Dry | M11: 0 | N11: 0 | O11: 0 | P11: 0 | Q11: 0 | R11: 0 | S11: 0 | T11: 0 | U11: 0 | V11: 0 | W11: 0 | X11: 0 | Y11: =SUM(M11:P11) -> 0 | Z11: =SUM(Q11:U11) -> 0 | AA11: =SUM(M11:N11) -> 0 | AB11: =SUM(Q11:R11,U11) -> 0 | AC11: 0.31
A12: 43201 | B12: 1952 | C12: 2023 | D12: =CHOOSE(WEEKDAY(A12),"Fred/Anne", "Jane", "Phil","Sue/Panos","Shawn/Owens","Jeff", "Rob") -> Sue/Panos | E12: Y | F12: 0.83333333 | G12: 0.88541667 | H12: =G12-F12 -> 0.052083333 | I12: 3 | J12: 48 | K12: 44 | L12: wet pavement, rain earlier | M12: 0 | N12: 0 | O12: 0 | P12: 0 | Q12: 0 | R12: 0 | S12: 0 | T12: 0 | U12: 0 | V12: 0 | W12: 0 | X12: 0 | Y12: =SUM(M12:P12) -> 0 | Z12: =SUM(Q12:U12) -> 0 | AA12: =SUM(M12:N12) -> 0 | AB12: =SUM(Q12:R12,U12) -> 0 | AC12: 0.23 | AD12: 10 chorus frogs up, 5 down
A13: 43202 | B13: 1953 | C13: 2024 | D13: =CHOOSE(WEEKDAY(A13),"Fred/Anne", "Jane", "Phil","Sue/Panos","Shawn/Owens","Jeff", "Rob") -> Shawn/Owens | E13: Y | F13: 0.84375 | G13: 0.86458333 | H13: =G13-F13 -> 0.020833333 | I13: 0.5 | J13: 46 | K13: 45 | L13: Dry, temp cooling | M13: 0 | N13: 0 | O13: 0 | P13: 0 | Q13: 0 | R13: 0 | S13: 0 | T13: 0 | U13: 0 | V13: 0 | W13: 0 | X13: 0 | Y13: =SUM(M13:P13) -> 0 | Z13: =SUM(Q13:U13) -> 0 | AA13: =SUM(M13:N13) -> 0 | AB13: =SUM(Q13:R13,U13) -> 0 | AC13: 0.15 | AD13: Nary a chorus frog; wetlands were loud
A14: 43203 | B14: 1954 | C14: 2025 | D14: =CHOOSE(WEEKDAY(A14),"Fred/Anne", "Jane", "Phil","Sue/Panos","Shawn/Owens","Jeff", "Rob") -> Jeff | E14: Y | F14: 0.85069444 | G14: 0.875 | H14: =G14-F14 -> 0.024305556 | I14: 0.6 | J14: 51 | K14: 50 | L14: Dry, overcast | M14: 0 | N14: 0 | O14: 0 | P14: 0 | Q14: 0 | R14: 0 | S14: 0 | T14: 0 | U14: 0 | V14: 0 | W14: 0 | X14: 0 | Y14: =SUM(M14:P14) -> 0 | Z14: =SUM(Q14:U14) -> 0 | AA14: =SUM(M14:N14) -> 0 | AB14: =SUM(Q14:R14,U14) -> 0 | AC14: 0.09
A15: 43204 | B15: 1956 | C15: 2027 | D15: =CHOOSE(WEEKDAY(A15),"Fred/Anne", "Jane", "Phil","Sue/Panos","Shawn/Owens","Jeff", "Rob") -> Rob | H15: =G15-F15 -> 0 | M15: 0 | N15: 0 | O15: 0 | P15: 0 | Q15: 0 | R15: 0 | S15: 0 | T15: 0 | U15: 0 | V15: 0 | W15: 0 | X15: 0 | Y15: =SUM(M15:P15) -> 0 | Z15: =SUM(Q15:U15) -> 0 | AA15: =SUM(M15:N15) -> 0 | AB15: =SUM(Q15:R15,U15) -> 0 | AC15: 0.04
A16: 43205 | B16: 1957 | C16: 2028 | D16: =CHOOSE(WEEKDAY(A16),"Fred/Anne", "Jane", "Phil","Sue/Panos","Shawn/Owens","Jeff", "Rob") -> Fred/Anne | E16: Y | F16: 0.83680556 | G16: 0.87152778 | H16: =G16-F16 -> 0.034722222 | I16: 3.3 | J16: 48 | K16: 46 | L16: wet, light rain on and off | M16: 0 | N16: 0 | O16: 0 | P16: 0 | Q16: 0 | R16: 0 | S16: 0 | T16: 0 | U16: 0 | V16: 0 | W16: 0 | X16: 0 | Y16: =SUM(M16:P16) -> 0 | Z16: =SUM(Q16:U16) -> 0 | AA16: =SUM(M16:N16) -> 0 | AB16: =SUM(Q16:R16,U16) -> 0 | AC16: 0.01
A17: 43206 | B17: 1958 | C17: 2030 | D17: =CHOOSE(WEEKDAY(A17),"Fred/Anne", "Jane", "Phil","Sue/Panos","Shawn/Owens","Jeff", "Rob") -> Jane | H17: =G17-F17 -> 0 | M17: 0 | N17: 0 | O17: 0 | P17: 0 | Q17: 0 | R17: 0 | S17: 0 | T17: 0 | U17: 0 | V17: 0 | W17: 0 | X17: 0 | Y17: =SUM(M17:P17) -> 0 | Z17: =SUM(Q17:U17) -> 0 | AA17: =SUM(M17:N17) -> 0 | AB17: =SUM(Q17:R17,U17) -> 0 | AC17: 0
A18: 43207 | B18: 2000 | C18: 2031 | D18: =CHOOSE(WEEKDAY(A18),"Fred/Anne", "Jane", "Phil/Tom","Sue/Panos","Shawn/Owens","Jeff", "Rob") -> Phil/Tom | H18: =G18-F18 -> 0 | M18: 0 | N18: 0 | O18: 0 | P18: 0 | Q18: 0 | R18: 0 | S18: 0 | T18: 0 | U18: 0 | V18: 0 | W18: 0 | X18: 0 | Y18: =SUM(M18:P18) -> 0 | Z18: =SUM(Q18:U18) -> 0 | AA18: =SUM(M18:N18) -> 0 | AB18: =SUM(Q18:R18,U18) -> 0 | AC18: 0.02
A19: 43208 | B19: 2001 | C19: 2032 | D19: =CHOOSE(WEEKDAY(A19),"Fred/Anne", "Jane", "Phil","Sue/Panos","Shawn/Owens","Jeff", "Rob") -> Sue/Panos | H19: =G19-F19 -> 0 | M19: 0 | N19: 0 | O19: 0 | P19: 0 | Q19: 0 | R19: 0 | S19: 0 | T19: 0 | U19: 0 | V19: 0 | W19: 0 | X19: 0 | Y19: =SUM(M19:P19) -> 0 | Z19: =SUM(Q19:U19) -> 0 | AA19: =SUM(M19:N19) -> 0 | AB19: =SUM(Q19:R19,U19) -> 0 | AC19: 0.07
A20: 43209 | B20: 2002 | C20: 2034 | D20: =CHOOSE(WEEKDAY(A20),"Fred/Anne", "Jane", "Phil","Sue/Panos","Shawn/Owens","Jeff", "Rob") -> Shawn/Owens | H20: =G20-F20 -> 0 | M20: 0 | N20: 0 | O20: 0 | P20: 0 | Q20: 0 | R20: 0 | S20: 0 | T20: 0 | U20: 0 | V20: 0 | W20: 0 | X20: 0 | Y20: =SUM(M20:P20) -> 0 | Z20: =SUM(Q20:U20) -> 0 | AA20: =SUM(M20:N20) -> 0 | AB20: =SUM(Q20:R20,U20) -> 0 | AC20: 0.13
A21: 43210 | B21: 2004 | C21: 2035 | D21: =CHOOSE(WEEKDAY(A21),"Fred/Anne", "Jane", "Phil","Sue/Panos","Shawn/Owens","Jeff", "Rob") -> Jeff | H21: =G21-F21 -> 0 | M21: 0 | N21: 0 | O21: 0 | P21: 0 | Q21: 0 | R21: 0 | S21: 0 | T21: 0 | U21: 0 | V21: 0 | W21: 0 | X21: 0 | Y21: =SUM(M21:P21) -> 0 | Z21: =SUM(Q21:U21) -> 0 | AA21: =SUM(M21:N21) -> 0 | AB21: =SUM(Q21:R21,U21) -> 0 | AC21: 0.22
A22: 43211 | B22: 2005 | C22: 2037 | D22: =CHOOSE(WEEKDAY(A22),"Fred/Anne", "Jane", "Phil","Sue/Panos","Shawn/Owens","Jeff", "Rob") -> Rob | H22: =G22-F22 -> 0 | M22: 0 | N22: 0 | O22: 0 | P22: 0 | Q22: 0 | R22: 0 | S22: 0 | T22: 0 | U22: 0 | V22: 0 | W22: 0 | X22: 0 | Y22: =SUM(M22:P22) -> 0 | Z22: =SUM(Q22:U22) -> 0 | AA22: =SUM(M22:N22) -> 0 | AB22: =SUM(Q22:R22,U22) -> 0 | AC22: 0.32
A23: 43212 | B23: 2006 | C23: 2038 | D23: =CHOOSE(WEEKDAY(A23),"Fred/Anne", "Jane", "Phil","Sue/Panos","Shawn/Owens","Jeff", "Rob") -> Fred/Anne | H23: =G23-F23 -> 0 | M23: 0 | N23: 0 | O23: 0 | P23: 0 | Q23: 0 | R23: 0 | S23: 0 | T23: 0 | U23: 0 | V23: 0 | W23: 0 | X23: 0 | Y23: =SUM(M23:P23) -> 0 | Z23: =SUM(Q23:U23) -> 0 | AA23: =SUM(M23:N23) -> 0 | AB23: =SUM(Q23:R23,U23) -> 0 | AC23: 0.44
A24: 43213 | B24: 2007 | C24: 2039 | D24: =CHOOSE(WEEKDAY(A24),"Fred/Anne", "Jane", "Phil","Sue/Panos","Shawn/Owens","Jeff", "Rob") -> Jane | H24: =G24-F24 -> 0 | M24: 0 | N24: 0 | O24: 0 | P24: 0 | Q24: 0 | R24: 0 | S24: 0 | T24: 0 | U24: 0 | V24: 0 | W24: 0 | X24: 0 | Y24: =SUM(M24:P24) -> 0 | Z24: =SUM(Q24:U24) -> 0 | AA24: =SUM(M24:N24) -> 0 | AB24: =SUM(Q24:R24,U24) -> 0 | AC24: 0.55
A25: 43214 | B25: 2009 | C25: 2041 | D25: =CHOOSE(WEEKDAY(A25),"Fred/Anne", "Jane", "Phil/Tom","Sue/Panos","Shawn/Owens","Jeff", "Rob") -> Phil/Tom | H25: =G25-F25 -> 0 | M25: 0 | N25: 0 | O25: 0 | P25: 0 | Q25: 0 | R25: 0 | S25: 0 | T25: 0 | U25: 0 | V25: 0 | W25: 0 | X25: 0 | Y25: =SUM(M25:P25) -> 0 | Z25: =SUM(Q25:U25) -> 0 | AA25: =SUM(M25:N25) -> 0 | AB25: =SUM(Q25:R25,U25) -> 0 | AC25: 0.66
A26: 43215 | B26: 2010 | C26: 2042 | D26: =CHOOSE(WEEKDAY(A26),"Fred/Anne", "Jane", "Phil","Sue/Panos","Shawn/Owens","Jeff", "Rob") -> Sue/Panos | H26: =G26-F26 -> 0 | M26: 0 | N26: 0 | O26: 0 | P26: 0 | Q26: 0 | R26: 0 | S26: 0 | T26: 0 | U26: 0 | V26: 0 | W26: 0 | X26: 0 | Y26: =SUM(M26:P26) -> 0 | Z26: =SUM(Q26:U26) -> 0 | AA26: =SUM(M26:N26) -> 0 | AB26: =SUM(Q26:R26,U26) -> 0 | AC26: 0.76
A27: 43216 | B27: 2011 | C27: 2044 | D27: =CHOOSE(WEEKDAY(A27),"Fred/Anne", "Jane", "Phil","Sue/Panos","Shawn/Owens","Jeff", "Rob") -> Shawn/Owens | H27: =G27-F27 -> 0 | M27: 0 | N27: 0 | O27: 0 | P27: 0 | Q27: 0 | R27: 0 | S27: 0 | T27: 0 | U27: 0 | V27: 0 | W27: 0 | X27: 0 | Y27: =SUM(M27:P27) -> 0 | Z27: =SUM(Q27:U27) -> 0 | AA27: =SUM(M27:N27) -> 0 | AB27: =SUM(Q27:R27,U27) -> 0 | AC27: 0.85
A28: 43217 | B28: 2013 | C28: 2045 | D28: =CHOOSE(WEEKDAY(A28),"Fred/Anne", "Jane", "Phil","Sue/Panos","Shawn/Owens","Jeff", "Rob") -> Jeff | H28: =G28-F28 -> 0 | M28: 0 | N28: 0 | O28: 0 | P28: 0 | Q28: 0 | R28: 0 | S28: 0 | T28: 0 | U28: 0 | V28: 0 | W28: 0 | X28: 0 | Y28: =SUM(M28:P28) -> 0 | Z28: =SUM(Q28:U28) -> 0 | AA28: =SUM(M28:N28) -> 0 | AB28: =SUM(Q28:R28,U28) -> 0 | AC28: 0.92
A29: 43218 | B29: 2014 | C29: 2046 | D29: =CHOOSE(WEEKDAY(A29),"Fred/Anne", "Jane", "Phil","Sue/Panos","Shawn/Owens","Jeff", "Rob") -> Rob | H29: =G29-F29 -> 0 | M29: 0 | N29: 0 | O29: 0 | P29: 0 | Q29: 0 | R29: 0 | S29: 0 | T29: 0 | U29: 0 | V29: 0 | W29: 0 | X29: 0 | Y29: =SUM(M29:P29) -> 0 | Z29: =SUM(Q29:U29) -> 0 | AA29: =SUM(M29:N29) -> 0 | AB29: =SUM(Q29:R29,U29) -> 0 | AC29: 0.97
A30: 43219 | B30: 2015 | C30: 2048 | D30: =CHOOSE(WEEKDAY(A30),"Fred/Anne", "Jane", "Phil","Sue/Panos","Shawn/Owens","Jeff", "Rob") -> Fred/Anne | H30: =G30-F30 -> 0 | M30: 0 | N30: 0 | O30: 0 | P30: 0 | Q30: 0 | R30: 0 | S30: 0 | T30: 0 | U30: 0 | V30: 0 | W30: 0 | X30: 0 | Y30: =SUM(M30:P30) -> 0 | Z30: =SUM(Q30:U30) -> 0 | AA30: =SUM(M30:N30) -> 0 | AB30: =SUM(Q30:R30,U30) -> 0 | AC30: 0.99
A31: 43220 | B31: 2016 | C31: 2049 | D31: =CHOOSE(WEEKDAY(A31),"Fred/Anne", "Jane", "Phil","Sue/Panos","Shawn/Owens","Jeff", "Rob") -> Jane | H31: =G31-F31 -> 0 | M31: 0 | N31: 0 | O31: 0 | P31: 0 | Q31: 0 | R31: 0 | S31: 0 | T31: 0 | U31: 0 | V31: 0 | W31: 0 | X31: 0 | Y31: =SUM(M31:P31) -> 0 | Z31: =SUM(Q31:U31) -> 0 | AA31: =SUM(M31:N31) -> 0 | AB31: =SUM(Q31:R31,U31) -> 0 | AC31: 1
A32: xx/xx/xxxx | B32: xxxx | C32: xxxx | H32: =G32-F32 -> 0 | M32: xxxx | N32: xxxx | O32: xxxx | P32: xxxx | Q32: xxxx | R32: xxxx | S32: xxxx | T32: xxxx | U32: xxxx | V32: xxxx | W32: xxxx | X32: xxxx | Y32: xxxx | Z32: xxxx | AA32: xxxx | AB32: xxxx | AC32: x
E33: Monthly total | H33: =SUM(H3:H32) -> 0.47222222 | I33: =SUM(I2:I32) -> 52 | M33: =SUM(M2:M32) -> 0 | N33: =SUM(N2:N32) -> 0 | O33: =SUM(O2:O32) -> 0 | P33: =SUM(P2:P32) -> 1 | Q33: =SUM(Q2:Q32) -> 11 | R33: =SUM(R2:R32) -> 21 | S33: =SUM(S2:S32) -> 0 | T33: =SUM(T2:T32) -> 1 | ... AB33: =SUM(AB2:AB32) -> 36
E34: Cumulative Total | H34: ='November 2017'!H$33+'December 2017'!H$33+'January 2018'!H$33+'February 2018'!H$33+'March 2018'!H$33+'April 2018'!H$33 -> 5.1930556 | I34: ='November 2017'!I$33+'December 2017'!I$33+'January 2018'!I$33+'February 2018'!I$33+'March 2018'!I$33+'April 2018'!I$33 -> 486.30986 | M34: ='November 2017'!M$33+'December 2017'!M$33+'January 2018'!M$33+'February 2018'!M$33+'March 2018'!M$33+'April 2018'!M$33 -> 135 | N34: ='November 2017'!N$33+'December 2017'!N$33+'January 2018'!N$33+'February 2018'!N$33+'March 2018'!N$33+'April 2018'!N$33 -> 281 | O34: ='November 2017'!O$33+'December 2017'!O$33+'January 2018'!O$33+'February 2018'!O$33+'March 2018'!O$33+'April 2018'!O$33 -> 7 | P34: ='November 2017'!P$33+'December 2017'!P$33+'January 2018'!P$33+'February 2018'!P$33+'March 2018'!P$33+'April 2018'!P$33 -> 10 | Q34: ='November 2017'!Q$33+'December 2017'!Q$33+'January 2018'!Q$33+'February 2018'!Q$33+'March 2018'!Q$33+'April 2018'!Q$33 -> 104 | R34: ='November 2017'!R$33+'December 2017'!R$33+'January 2018'!R$33+'February 2018'!R$33+'March 2018'!R$33+'April 2018'!R$33 -> 165 | S34: ='November 2017'!S$33+'December 2017'!S$33+'January 2018'!S$33+'February 2018'!S$33+'March 2018'!S$33+'April 2018'!S$33 -> 9 | T34: ='November 2017'!T$33+'December 2017'!T$33+'January 2018'!T$33+'February 2018'!T$33+'March 2018'!T$33+'April 2018'!T$33 -> 7 | ... Z34: ='November 2017'!Z$33+'December 2017'!Z$33+'January 2018'!Z$33+'February 2018'!Z$33+'March 2018'!Z$33+'April 2018'!Z$33 -> 297 | AA34: ='November 2017'!AA33+'December 2017'!AA33+'January 2018'!AA33+'February 2018'!AA33+'March 2018'!AA33+'April 2018'!AA33 -> 416 | AB34: ='November 2017'!AB33+'December 2017'!AB33+'January 2018'!AB33+'February 2018'!AB33+'March 2018'!AB33+'April 2018'!AB33 -> 282
E35: Season Total | H35: ='November 2017'!H$33+'December 2017'!H$33+'January 2018'!H$33+'February 2018'!H$33+'March 2018'!H$33+'April 2018'!H$33 -> 5.1930556 | I35: ='November 2017'!I33+'December 2017'!I33+'January 2018'!I33+'February 2018'!I33+'March 2018'!I33+'April 2018'!I33 -> 486.30986 | M35: ='November 2017'!M33+'December 2017'!M33+'January 2018'!M33+'February 2018'!M33+'March 2018'!M33+'April 2018'!M33 -> 135 | N35: ='November 2017'!N33+'December 2017'!N33+'January 2018'!N33+'February 2018'!N33+'March 2018'!N33+'April 2018'!N33 -> 281 | O35: ='November 2017'!O33+'December 2017'!O33+'January 2018'!O33+'February 2018'!O33+'March 2018'!O33+'April 2018'!O33 -> 7 | P35: ='November 2017'!P33+'December 2017'!P33+'January 2018'!P33+'February 2018'!P33+'March 2018'!P33+'April 2018'!P33 -> 10 | Q35: ='November 2017'!Q33+'December 2017'!Q33+'January 2018'!Q33+'February 2018'!Q33+'March 2018'!Q33+'April 2018'!Q33 -> 104 | R35: ='November 2017'!R33+'December 2017'!R33+'January 2018'!R33+'February 2018'!R33+'March 2018'!R33+'April 2018'!R33 -> 165 | S35: ='November 2017'!S33+'December 2017'!S33+'January 2018'!S33+'February 2018'!S33+'March 2018'!S33+'April 2018'!S33 -> 9 | T35: ='November 2017'!T33+'December 2017'!T33+'January 2018'!T33+'February 2018'!T33+'March 2018'!T33+'April 2018'!T33 -> 7 | ... AB35: ='November 2017'!AB33+'December 2017'!AB33+'January 2018'!AB33+'February 2018'!AB33+'March 2018'!AB33+'April 2018'!AB33 -> 282
E36: 2016-17 Total | Y36: 834 | Z36: 751
E37: 2015-16 Total | Y37: 688 | Z37: 1040
E38: 2014-15 Total | Y38: 695 | Z38: 750
E39: 2013-14 Total | M39: 135 | N39: 281 | O39: 7 | P39: 10 | Q39: 104 | R39: 165 | S39: 9 | T39: 7 | Y39: 580 | Z39: 572

Sheet Sheet22

Sheet November 2017
A1: Date | B1: Sunset | C1: Civil Twilight | D1: Captain | E1: Monitored (Y/N) | F1: Start time HH:MM | G1: End time HH:MM | H1: Hours Monitored | I1: Team Hrs. | J1: Start Temp | K1: End Temp | L1: Weather | M1: Females assisted down | N1: Males assisted down | O1: Females unassisted down | P1: Males unassisted down | Q1: Females assisted up | R1: Males assisted up | S1: Females unassisted up | T1: Males unassisted up | U1: Juveniles | V1: Roadkills female | W1: Roadkills male | X1: Roadkills unk | Y1: Total Frogs down | Z1: Total Frogs up | AA1: Total Frogs Assisted Down | AB1: Total Frogs Assisted Up | AC1: % moon visible | AD1: Comments
A2: 43040 | B2: 1657 | C2: 1728 | H2: =G2-F2 -> 0 | M2: 0 | N2: 0 | O2: 0 | P2: 0 | Q2: 0 | R2: 0 | S2: 0 | T2: 0 | U2: 0 | V2: 0 | W2: 0 | X2: 0 | Y2: =SUM(M2:P2) -> 0 | Z2: =SUM(Q2:U2) -> 0 | AA2: =SUM(M2:N2) -> 0 | AB2: =SUM(Q2:R2,U2) -> 0 | AC2: 0.89
A3: 43041 | B3: 1656 | C3: 1727 | D3: =CHOOSE(WEEKDAY(A3),"Fred/Anne", "Jane", "Phil","Sue/Panos","Shawn/Orem","Jeff", "Rob") -> Shawn/Orem | H3: =G3-F3 -> 0 | M3: 0 | N3: 0 | O3: 0 | P3: 0 | Q3: 0 | R3: 0 | S3: 0 | T3: 0 | U3: 0 | V3: 0 | W3: 0 | X3: 0 | Y3: =SUM(M3:P3) -> 0 | Z3: =SUM(Q3:U3) -> 0 | AA3: =SUM(M3:N3) -> 0 | AB3: =SUM(Q3:R3,U3) -> 0 | AC3: 0.95
A4: 43042 | B4: 1654 | C4: 1725 | D4: =CHOOSE(WEEKDAY(A4),"Fred/Anne", "Jane", "Phil","Sue/Panos","Shawn/Owens","Jeff", "Rob") -> Jeff | H4: =G4-F4 -> 0 | M4: 0 | N4: 0 | O4: 0 | P4: 0 | Q4: 0 | R4: 0 | S4: 0 | T4: 0 | U4: 0 | V4: 0 | W4: 0 | X4: 0 | Y4: =SUM(M4:P4) -> 0 | Z4: =SUM(Q4:U4) -> 0 | AA4: =SUM(M4:N4) -> 0 | AB4: =SUM(Q4:R4,U4) -> 0 | AC4: 0.99
A5: 43043 | B5: 1653 | C5: 1724 | D5: =CHOOSE(WEEKDAY(A5),"Fred/Anne", "Jane", "Phil","Sue/Panos","Shawn/Owens","Jeff", "Rob") -> Rob | H5: =G5-F5 -> 0 | M5: 0 | N5: 0 | O5: 0 | P5: 0 | Q5: 0 | R5: 0 | S5: 0 | T5: 0 | U5: 0 | V5: 0 | W5: 0 | X5: 0 | Y5: =SUM(M5:P5) -> 0 | Z5: =SUM(Q5:U5) -> 0 | AA5: =SUM(M5:N5) -> 0 | AB5: =SUM(Q5:R5,U5) -> 0 | AC5: 1
A6: 43044 | B6: 1652 | C6: 1723 | D6: =CHOOSE(WEEKDAY(A6),"Fred/Anne", "Jane", "Phil","Sue/Panos","Shawn/Owens","Jeff", "Rob") -> Fred/Anne | H6: =G6-F6 -> 0 | M6: 0 | N6: 0 | O6: 0 | P6: 0 | Q6: 0 | R6: 0 | S6: 0 | T6: 0 | U6: 0 | V6: 0 | W6: 0 | X6: 0 | Y6: =SUM(M6:P6) -> 0 | Z6: =SUM(Q6:U6) -> 0 | AA6: =SUM(M6:N6) -> 0 | AB6: =SUM(Q6:R6,U6) -> 0 | AC6: 0.98
A7: 43045 | B7: 1650 | C7: 1722 | D7: =CHOOSE(WEEKDAY(A7),"Fred/Anne", "Jane", "Phil","Sue/Panos","Shawn/Owens","Jeff", "Rob") -> Jane | H7: =G7-F7 -> 0 | M7: 0 | N7: 0 | O7: 0 | P7: 0 | Q7: 0 | R7: 0 | S7: 0 | T7: 0 | U7: 0 | V7: 0 | W7: 0 | X7: 0 | Y7: =SUM(M7:P7) -> 0 | Z7: =SUM(Q7:U7) -> 0 | AA7: =SUM(M7:N7) -> 0 | AB7: =SUM(Q7:R7,U7) -> 0 | AC7: 0.93
A8: 43046 | B8: 1649 | C8: 1720 | D8: =CHOOSE(WEEKDAY(A8),"Fred/Anne", "Jane", "Phil","Sue/Panos","Shawn/Owens","Jeff", "Rob") -> Phil | H8: =G8-F8 -> 0 | M8: 0 | N8: 0 | O8: 0 | P8: 0 | Q8: 0 | R8: 0 | S8: 0 | T8: 0 | U8: 0 | V8: 0 | W8: 0 | X8: 0 | Y8: =SUM(M8:P8) -> 0 | Z8: =SUM(Q8:U8) -> 0 | AA8: =SUM(M8:N8) -> 0 | AB8: =SUM(Q8:R8,U8) -> 0 | AC8: 0.86
A9: 43047 | B9: 1648 | C9: 1719 | D9: =CHOOSE(WEEKDAY(A9),"Fred/Anne", "Jane", "Phil","Sue/Panos","Shawn/Owens","Jeff", "Rob") -> Sue/Panos | E9: y | F9: 0.70833333 | G9: 0.70833333 | H9: =G9-F9 -> 0 | J9: 43 | L9: wet | M9: 0 | N9: 0 | O9: 0 | P9: 0 | Q9: 0 | R9: 0 | S9: 0 | T9: 0 | U9: 0 | V9: 0 | W9: 0 | X9: 0 | Y9: =SUM(M9:P9) -> 0 | Z9: =SUM(Q9:U9) -> 0 | AA9: =SUM(M9:N9) -> 0 | AB9: =SUM(Q9:R9,U9) -> 0 | AC9: 0.77 | AD9: Rob's checking
A10: 43048 | B10: 1647 | C10: 1718 | D10: =CHOOSE(WEEKDAY(A10),"Fred/Anne", "Jane", "Phil","Sue/Panos","Shawn/Orem","Jeff", "Rob") -> Shawn/Orem | E10: y | F10: 0.72916667 | G10: 0.72916667 | H10: =G10-F10 -> 0 | J10: 49 | L10: showery | M10: 0 | N10: 0 | O10: 0 | P10: 0 | Q10: 0 | R10: 0 | S10: 0 | T10: 0 | U10: 0 | V10: 0 | W10: 0 | X10: 0 | Y10: =SUM(M10:P10) -> 0 | Z10: =SUM(Q10:U10) -> 0 | AA10: =SUM(M10:N10) -> 0 | AB10: =SUM(Q10:R10,U10) -> 0 | AC10: 0.67 | AD10: ditto
A11: 43049 | B11: 1645 | C11: 1717 | D11: =CHOOSE(WEEKDAY(A11),"Fred/Anne", "Jane", "Phil","Sue/Panos","Shawn/Owens","Jeff", "Rob") -> Jeff | E11: Y | F11: 0.72916667 | G11: 0.77638889 | H11: =G11-F11 -> 0.047222222 | I11: 1.13 | J11: 49 | K11: 49 | L11: overcast, not raining, pvmnt wet | M11: 0 | N11: 0 | O11: 0 | P11: 0 | Q11: 0 | R11: 0 | S11: 0 | T11: 0 | U11: 0 | V11: 0 | W11: 0 | X11: 0 | Y11: =SUM(M11:P11) -> 0 | Z11: =SUM(Q11:U11) -> 0 | AA11: =SUM(M11:N11) -> 0 | AB11: =SUM(Q11:R11,U11) -> 0 | AC11: 0.56 | AD11: ditto - Hrborton / Jeff checked
A12: 43050 | B12: 1644 | C12: 1716 | D12: =CHOOSE(WEEKDAY(A12),"Fred/Anne", "Jane", "Phil","Sue/Panos","Shawn/Owens","Jeff", "Rob") -> Rob | E12: Y | F12: 0.72916667 | G12: 0.77083333 | H12: =G12-F12 -> 0.041666667 | I12: 1 | J12: 48 | K12: 48 | L12: wet pavement, intermittent drizzle | M12: 1 | N12: 0 | O12: 0 | P12: 0 | Q12: 0 | R12: 0 | S12: 0 | T12: 0 | U12: 0 | V12: 0 | W12: 0 | X12: 0 | Y12: =SUM(M12:P12) -> 1 | Z12: =SUM(Q12:U12) -> 0 | AA12: =SUM(M12:N12) -> 1 | AB12: =SUM(Q12:R12,U12) -> 0 | AC12: 0.45 | AD12: Maggie caught a frog in the ditch
A13: 43051 | B13: 1643 | C13: 1715 | D13: =CHOOSE(WEEKDAY(A13),"Fred/Anne", "Jane", "Phil","Sue/Panos","Shawn/Owens","Jeff", "Rob") -> Fred/Anne | E13: y | F13: 0.70833333 | G13: 0.73958333 | H13: =G13-F13 -> 0.03125 | J13: 50 | K13: 50 | L13: wet pavement | M13: 0 | N13: 0 | O13: 0 | P13: 0 | Q13: 0 | R13: 0 | S13: 0 | T13: 0 | U13: 0 | V13: 0 | W13: 0 | X13: 0 | Y13: =SUM(M13:P13) -> 0 | Z13: =SUM(Q13:U13) -> 0 | AA13: =SUM(M13:N13) -> 0 | AB13: =SUM(Q13:R13,U13) -> 0 | AC13: 0.34 | AD13: Rob checked
A14: 43052 | B14: 1642 | C14: 1714 | D14: =CHOOSE(WEEKDAY(A14),"Fred/Anne", "Jane", "Phil","Sue/Panos","Shawn/Owens","Jeff", "Rob") -> Jane | E14: y | F14: 0.21875 | G14: 0.22916667 | H14: =G14-F14 -> 0.010416667 | I14: 0.15 | J14: 48 | L14: drying pavement | M14: 0 | N14: 0 | O14: 0 | P14: 0 | Q14: 0 | R14: 0 | S14: 0 | T14: 0 | U14: 0 | V14: 0 | W14: 0 | X14: 0 | Y14: =SUM(M14:P14) -> 0 | Z14: =SUM(Q14:U14) -> 0 | AA14: =SUM(M14:N14) -> 0 | AB14: =SUM(Q14:R14,U14) -> 0 | AC14: 0.25 | AD14: ditto
A15: 43053 | B15: 1641 | C15: 1713 | D15: =CHOOSE(WEEKDAY(A15),"Fred/Anne", "Jane", "Phil","Sue/Panos","Shawn/Owens","Jeff", "Rob") -> Phil | E15: y | F15: 0.83333333 | G15: 0.84722222 | H15: =G15-F15 -> 0.013888889 | L15: light rain / wet pavement | M15: 0 | N15: 0 | O15: 0 | P15: 0 | Q15: 0 | R15: 0 | S15: 0 | T15: 0 | U15: 0 | V15: 0 | W15: 0 | X15: 0 | Y15: =SUM(M15:P15) -> 0 | Z15: =SUM(Q15:U15) -> 0 | AA15: =SUM(M15:N15) -> 0 | AB15: =SUM(Q15:R15,U15) -> 0 | AC15: 0.16 | AD15: met with John earlier, went home, returned when rain seemed to pick up.
A16: 43054 | B16: 1640 | C16: 1712 | D16: =CHOOSE(WEEKDAY(A16),"Fred/Anne", "Jane", "Phil","Sue/Panos","Shawn/Owens","Jeff", "Rob") -> Sue/Panos | E16: Y | F16: 0.72916667 | G16: 0.72916667 | H16: =G16-F16 -> 0 | J16: 44 | K16: 44 | L16: light rain / wet pavement | M16: 0 | N16: 0 | O16: 0 | P16: 0 | Q16: 0 | R16: 0 | S16: 0 | T16: 0 | U16: 0 | V16: 0 | W16: 0 | X16: 0 | Y16: =SUM(M16:P16) -> 0 | Z16: =SUM(Q16:U16) -> 0 | AA16: =SUM(M16:N16) -> 0 | AB16: =SUM(Q16:R16,U16) -> 0 | AC16: 0.1 | AD16: Sue, Rob, & Panos checked
A17: 43055 | B17: 1639 | C17: 1711 | D17: =CHOOSE(WEEKDAY(A17),"Fred/Anne", "Jane", "Phil","Sue/Panos","Shawn/Orem","Jeff", "Rob") -> Shawn/Orem | E17: y | F17: 0.70833333 | G17: 0.72916667 | H17: =G17-F17 -> 0.020833333 | J17: 42 | L17: wet pavemnt, intermittent drizzle | M17: 0 | N17: 0 | O17: 0 | P17: 0 | Q17: 0 | R17: 0 | S17: 0 | T17: 0 | U17: 0 | V17: 0 | W17: 0 | X17: 0 | Y17: =SUM(M17:P17) -> 0 | Z17: =SUM(Q17:U17) -> 0 | AA17: =SUM(M17:N17) -> 0 | AB17: =SUM(Q17:R17,U17) -> 0 | AC17: 0.05 | AD17: John checked
A18: 43056 | B18: 1638 | C18: 1710 | D18: =CHOOSE(WEEKDAY(A18),"Fred/Anne", "Jane", "Phil","Sue/Panos","Shawn/Owens","Jeff", "Rob") -> Jeff | E18: N | H18: =G18-F18 -> 0 | M18: 0 | N18: 0 | O18: 0 | P18: 0 | Q18: 0 | R18: 0 | S18: 0 | T18: 0 | U18: 0 | V18: 0 | W18: 0 | X18: 0 | Y18: =SUM(M18:P18) -> 0 | Z18: =SUM(Q18:U18) -> 0 | AA18: =SUM(M18:N18) -> 0 | AB18: =SUM(Q18:R18,U18) -> 0 | AC18: 0.01
A19: 43057 | B19: 1637 | C19: 1709 | D19: =CHOOSE(WEEKDAY(A19),"Fred/Anne", "Jane", "Phil","Sue/Panos","Shawn/Owens","Jeff", "Rob") -> Rob | E19: n | H19: =G19-F19 -> 0 | L19: dry | M19: 0 | N19: 0 | O19: 0 | P19: 0 | Q19: 0 | R19: 0 | S19: 0 | T19: 0 | U19: 0 | V19: 0 | W19: 0 | X19: 0 | Y19: =SUM(M19:P19) -> 0 | Z19: =SUM(Q19:U19) -> 0 | AA19: =SUM(M19:N19) -> 0 | AB19: =SUM(Q19:R19,U19) -> 0 | AC19: 0
A20: 43058 | B20: 1636 | C20: 1709 | D20: =CHOOSE(WEEKDAY(A20),"Fred/Anne", "Jane", "Phil","Sue/Panos","Shawn/Owens","Jeff", "Rob") -> Fred/Anne | E20: Y | F20: 0.70833333 | G20: 0.75 | H20: =G20-F20 -> 0.041666667 | I20: 4.3 | J20: 44 | K20: 44 | L20: Dry. Rain predicted. Check later | M20: 0 | N20: 0 | O20: 0 | P20: 0 | Q20: 0 | R20: 0 | S20: 0 | T20: 0 | U20: 0 | V20: 0 | W20: 0 | X20: 0 | Y20: =SUM(M20:P20) -> 0 | Z20: =SUM(Q20:U20) -> 0 | AA20: =SUM(M20:N20) -> 0 | AB20: =SUM(Q20:R20,U20) -> 0 | AC20: 0.01 | AD20: Checked again at 8 after an hour of steady rain. Nothing. Temp 44.
A21: 43059 | B21: 1635 | C21: 1708 | D21: =CHOOSE(WEEKDAY(A21),"Fred/Anne", "Jane", "Phil","Sue/Panos","Shawn/Owens","Jeff", "Rob") -> Jane | E21: Y | H21: =G21-F21 -> 0 | I21: 0.3 | J21: 48 | K21: 46 | L21: Moist air, very light rain later | M21: 0 | N21: 0 | O21: 0 | P21: 0 | Q21: 0 | R21: 0 | S21: 0 | T21: 0 | U21: 0 | V21: 0 | W21: 0 | X21: 0 | Y21: =SUM(M21:P21) -> 0 | Z21: =SUM(Q21:U21) -> 0 | AA21: =SUM(M21:N21) -> 0 | AB21: =SUM(Q21:R21,U21) -> 0 | AC21: 0.03 | AD21: Checked at 6:15 and 9 and 2:45 AM.
A22: 43060 | B22: 1634 | C22: 1707 | D22: =CHOOSE(WEEKDAY(A22),"Fred/Anne", "Jane", "Phil","Sue/Panos","Shawn/Owens","Jeff", "Rob") -> Phil | E22: Y | F22: 0.70833333 | G22: 0.875 | H22: =G22-F22 -> 0.16666667 | I22: 10.75 | J22: 52 | K22: 52 | L22: Rain | M22: 2 | N22: 2 | O22: 0 | P22: 0 | Q22: 0 | R22: 0 | S22: 0 | T22: 0 | U22: 0 | V22: 0 | W22: 0 | X22: 0 | Y22: =SUM(M22:P22) -> 4 | Z22: =SUM(Q22:U22) -> 0 | AA22: =SUM(M22:N22) -> 4 | AB22: =SUM(Q22:R22,U22) -> 0 | AC22: 0.07 | AD22: warm rain. found first male just after 7pm in pothole puddle at bottom of Harborton.
A23: 43061 | B23: 1634 | C23: 1706 | D23: =CHOOSE(WEEKDAY(A23),"Fred/Anne", "Jane", "Phil","Sue/Panos","Shawn/Owens","Jeff", "Rob") -> Sue/Panos | E23: Y | F23: 0.70833333 | G23: 0.875 | H23: =G23-F23 -> 0.16666667 | I23: 20.1 | J23: 57 | K23: 59 | L23: mist / wet pavement / showers | M23: 0 | N23: 5 | O23: 0 | P23: 0 | Q23: 0 | R23: 0 | S23: 0 | T23: 0 | U23: 0 | V23: 0 | W23: 1 | X23: 0 | Y23: =SUM(M23:P23) -> 5 | Z23: =SUM(Q23:U23) -> 0 | AA23: =SUM(M23:N23) -> 5 | AB23: =SUM(Q23:R23,U23) -> 0 | AC23: 0.13 | AD23: Panos captured first 3 frogs within 15 mins during short mist event right after dusk.
A24: 43062 | B24: 1633 | C24: 1706 | D24: =CHOOSE(WEEKDAY(A24),"Fred/Anne", "Jane", "Phil","Sue/Panos","Shawn/Orem","Jeff", "Rob") -> Shawn/Orem | E24: Y | F24: 0.75 | G24: 0.76041667 | H24: =G24-F24 -> 0.010416667 | I24: 0.25 | J24: 52 | L24: Dry (Still dry 9:30 PM) | M24: 0 | N24: 0 | O24: 0 | P24: 0 | Q24: 0 | R24: 0 | S24: 0 | T24: 0 | U24: 0 | V24: 0 | W24: 0 | X24: 0 | Y24: =SUM(M24:P24) -> 0 | Z24: =SUM(Q24:U24) -> 0 | AA24: =SUM(M24:N24) -> 0 | AB24: =SUM(Q24:R24,U24) -> 0 | AC24: 0.2 | AD24: No rain since late morning.
A25: 43063 | B25: 1632 | C25: 1705 | D25: =CHOOSE(WEEKDAY(A25),"Fred/Anne", "Jane", "Phil","Sue/Panos","Shawn/Owens","Jeff", "Rob") -> Jeff | E25: Y | F25: 0.72222222 | G25: 0.73263889 | H25: =G25-F25 -> 0.010416667 | I25: 0.25 | J25: 46 | K25: 46 | L25: Dry pvmnt, clear skies | M25: 0 | N25: 0 | O25: 0 | P25: 0 | Q25: 0 | R25: 0 | S25: 0 | T25: 0 | U25: 0 | V25: 0 | W25: 0 | X25: 0 | Y25: =SUM(M25:P25) -> 0 | Z25: =SUM(Q25:U25) -> 0 | AA25: =SUM(M25:N25) -> 0 | AB25: =SUM(Q25:R25,U25) -> 0 | AC25: 0.28 | AD25: 8PM, 45, no frogs
A26: 43064 | B26: 1632 | C26: 1705 | D26: =CHOOSE(WEEKDAY(A26),"Fred/Anne", "Jane", "Phil","Sue/Panos","Shawn/Owens","Jeff", "Rob") -> Rob | E26: y | F26: 0.69791667 | G26: 0.73958333 | H26: =G26-F26 -> 0.041666667 | I26: 2 | J26: 46 | K26: 46 | L26: showery tapering off | M26: 0 | N26: 0 | O26: 0 | P26: 0 | Q26: 0 | R26: 0 | S26: 0 | T26: 0 | U26: 0 | V26: 0 | W26: 0 | X26: 0 | Y26: =SUM(M26:P26) -> 0 | Z26: =SUM(Q26:U26) -> 0 | AA26: =SUM(M26:N26) -> 0 | AB26: =SUM(Q26:R26,U26) -> 0 | AC26: 0.37
A27: 43065 | B27: 1631 | C27: 1704 | D27: =CHOOSE(WEEKDAY(A27),"Fred/Anne", "Jane", "Phil","Sue/Panos","Shawn/Owens","Jeff", "Rob") -> Fred/Anne | H27: =G27-F27 -> 0 | M27: 0 | N27: 0 | O27: 0 | P27: 0 | Q27: 0 | R27: 0 | S27: 0 | T27: 0 | U27: 0 | V27: 0 | W27: 0 | X27: 0 | Y27: =SUM(M27:P27) -> 0 | Z27: =SUM(Q27:U27) -> 0 | AA27: =SUM(M27:N27) -> 0 | AB27: =SUM(Q27:R27,U27) -> 0 | AC27: 0.46
A28: 43066 | B28: 1630 | C28: 1704 | D28: =CHOOSE(WEEKDAY(A28),"Fred/Anne", "Jane", "Phil","Sue/Panos","Shawn/Owens","Jeff", "Rob") -> Jane | E28: N | H28: =G28-F28 -> 0 | J28: 45 | L28: Dry pavement | M28: 0 | N28: 0 | O28: 0 | P28: 0 | Q28: 0 | R28: 0 | S28: 0 | T28: 0 | U28: 0 | V28: 0 | W28: 0 | X28: 0 | Y28: =SUM(M28:P28) -> 0 | Z28: =SUM(Q28:U28) -> 0 | AA28: =SUM(M28:N28) -> 0 | AB28: =SUM(Q28:R28,U28) -> 0 | AC28: 0.56
A29: 43067 | B29: 1630 | C29: 1703 | D29: =CHOOSE(WEEKDAY(A29),"Fred/Anne", "Jane", "Phil","Sue/Panos","Shawn/Owens","Jeff", "Rob") -> Phil | E29: y | F29: 0.6875 | G29: 0.72916667 | H29: =G29-F29 -> 0.041666667 | I29: 1 | J29: ? | K29: ? | L29: wet pavement. no rain. | M29: 0 | N29: 0 | O29: 0 | P29: 0 | Q29: 0 | R29: 0 | S29: 0 | T29: 0 | U29: 0 | V29: 0 | W29: 0 | X29: 0 | Y29: =SUM(M29:P29) -> 0 | Z29: =SUM(Q29:U29) -> 0 | AA29: =SUM(M29:N29) -> 0 | AB29: =SUM(Q29:R29,U29) -> 0 | AC29: 0.66 | AD29: temperature for "Linnton, OR" seems to be malfunctioning on Weather Underground.
A30: 43068 | B30: 1629 | C30: 1703 | D30: =CHOOSE(WEEKDAY(A30),"Fred/Anne", "Jane", "Phil","Sue/Panos","Shawn/Owens","Jeff", "Rob") -> Sue/Panos | E30: N | H30: =G30-F30 -> 0 | J30: 44 | L30: Dry pavement, no rain | M30: 0 | N30: 0 | O30: 0 | P30: 0 | Q30: 0 | R30: 0 | S30: 0 | T30: 0 | U30: 0 | V30: 0 | W30: 0 | X30: 0 | Y30: =SUM(M30:P30) -> 0 | Z30: =SUM(Q30:U30) -> 0 | AA30: =SUM(M30:N30) -> 0 | AB30: =SUM(Q30:R30,U30) -> 0 | AC30: 0.76
A31: 43069 | B31: 1629 | C31: 1702 | D31: =CHOOSE(WEEKDAY(A31),"Fred/Anne", "Jane", "Phil","Sue/Panos","Shawn/Orem","Jeff", "Rob") -> Shawn/Orem | E31: Y | F31: 0.20138889 | G31: 0.21180556 | H31: =G31-F31 -> 0.010416667 | I31: 0.5 | J31: 44 | K31: 43 | L31: Wet pavement, no rain. | M31: 0 | N31: 0 | O31: 0 | P31: 0 | Q31: 0 | R31: 0 | S31: 0 | T31: 0 | U31: 0 | V31: 0 | W31: 0 | X31: 0 | Y31: =SUM(M31:P31) -> 0 | Z31: =SUM(Q31:U31) -> 0 | AA31: =SUM(M31:N31) -> 0 | AB31: =SUM(Q31:R31,U31) -> 0 | AC31: 0.85
A32: XX/XX/XX | C32: 1702 | W32: x | X32: x | Y32: x | Z32: x | AC32: x
E33: Monthly total | H33: =SUM(H2:H32) -> 0.65486111 | I33: =SUM(I2:I32) -> 41.73 | M33: =SUM(M2:M32) -> 3 | N33: =SUM(N2:N32) -> 7 | O33: =SUM(O2:O32) -> 0 | P33: =SUM(P2:P32) -> 0 | Q33: =SUM(Q2:Q32) -> 0 | R33: =SUM(R2:R32) -> 0 | S33: =SUM(S2:S32) -> 0 | T33: =SUM(T2:T32) -> 0 | ... AB33: =SUM(AB2:AB32) -> 0
E34: Cumulative Total | H34: ='November 2017'!H$33 -> 0.65486111 | I34: ='November 2017'!I$33 -> 41.73 | M34: ='November 2017'!M$33 -> 3 | N34: ='November 2017'!N$33 -> 7 | O34: ='November 2017'!O$33 -> 0 | P34: ='November 2017'!P$33 -> 0 | Q34: ='November 2017'!Q$33 -> 0 | R34: ='November 2017'!R$33 -> 0 | S34: ='November 2017'!S$33 -> 0 | T34: ='November 2017'!T$33 -> 0 | ... AA34: ='November 2017'!AA$33 -> 10 | AB34: ='November 2017'!AB33 -> 0
E35: Season Total | H35: ='November 2017'!H$33+'December 2017'!H$33+'January 2018'!H$33+'February 2018'!H$33+'March 2018'!H$33+'April 2018'!H$33 -> 5.1930556 | I35: ='November 2017'!I33+'December 2017'!I33+'January 2018'!I33+'February 2018'!I33+'March 2018'!I33+'April 2018'!I33 -> 486.30986 | M35: ='November 2017'!M33+'December 2017'!M33+'January 2018'!M33+'February 2018'!M33+'March 2018'!M33+'April 2018'!M33 -> 135 | N35: ='November 2017'!N33+'December 2017'!N33+'January 2018'!N33+'February 2018'!N33+'March 2018'!N33+'April 2018'!N33 -> 281 | O35: ='November 2017'!O33+'December 2017'!O33+'January 2018'!O33+'February 2018'!O33+'March 2018'!O33+'April 2018'!O33 -> 7 | P35: ='November 2017'!P33+'December 2017'!P33+'January 2018'!P33+'February 2018'!P33+'March 2018'!P33+'April 2018'!P33 -> 10 | Q35: ='November 2017'!Q33+'December 2017'!Q33+'January 2018'!Q33+'February 2018'!Q33+'March 2018'!Q33+'April 2018'!Q33 -> 104 | R35: ='November 2017'!R33+'December 2017'!R33+'January 2018'!R33+'February 2018'!R33+'March 2018'!R33+'April 2018'!R33 -> 165 | S35: ='November 2017'!S33+'December 2017'!S33+'January 2018'!S33+'February 2018'!S33+'March 2018'!S33+'April 2018'!S33 -> 9 | T35: ='November 2017'!T33+'December 2017'!T33+'January 2018'!T33+'February 2018'!T33+'March 2018'!T33+'April 2018'!T33 -> 7 | ... AB35: ='November 2017'!AB33+'December 2017'!AB33+'January 2018'!AB33+'February 2018'!AB33+'March 2018'!AB33+'April 2018'!AB33 -> 282
E36: 2016-17 Total | Y36: 834 | Z36: 751
E37: 2015-16 Total | Y37: 688 | Z37: 1040
E38: 2014-15 Total | Y38: 695 | Z38: 750
E39: 2013-14 Total | Y39: 580 | Z39: 572
A40: 43107 | B40: 1645 | D40: Fred/Anne | E40: Y | F40: 4;45 | G40: 6;15 | H40: 0.0625 | J40: 45 | K40: 44.2 | L40: Rain | M40: 0 | N40: 0

Sheet December 2017
A1: Date | B1: Sunset | C1: Civil Twilight | D1: Captain | E1: Monitored (Y/N) | F1: Start time HH:MM | G1: End time HH:MM | H1: Hours Monitored | I1: Team Hrs. | J1: Start Temp | K1: End Temp | L1: Weather | M1: Females assisted down | N1: Males assisted down | O1: Females unassisted down | P1: Males unassisted down | Q1: Females assisted up | R1: Males assisted up | S1: Females unassisted up | T1: Males unassisted up | U1: Juveniles | V1: Roadkills female | W1: Roadkills male | X1: Roadkills unk | Y1: Total Frogs down | Z1: Total Frogs up | AA1: Total Frogs Assisted Down | AB1: Total Frogs Assisted Up | AC1: % moon visible | AD1: Comments
A2: 43070 | B2: 1629 | C2: 1702 | D2: =CHOOSE(WEEKDAY(A2),"Fred/Anne", "Jane", "Phil","Sue/Panos","Shawn/Owens","Jeff", "Rob") -> Jeff | E2: Y | F2: 0.72916667 | G2: 0.80208333 | H2: =G2-F2 -> 0.072916667 | I2: 1.75 | J2: 47 | K2: 46 | L2: Light rain | M2: 0 | N2: 0 | O2: 0 | P2: 0 | Q2: 0 | R2: 0 | S2: 0 | T2: 0 | U2: 0 | V2: 0 | W2: 0 | X2: 0 | Y2: =SUM(M2:P2) -> 0 | Z2: =SUM(Q2:U2) -> 0 | AA2: =SUM(M2:N2) -> 0 | AB2: =SUM(Q2:R2,U2) -> 0 | AC2: 0.92 | AD2: Heard chorus frog at bottom of Harborton.
A3: 43071 | B3: 1628 | C3: 1702 | D3: =CHOOSE(WEEKDAY(A3),"Fred/Anne", "Jane", "Phil","Sue/Panos","Shawn/Owens","Jeff", "Rob") -> Rob | E3: y | F3: 0.70833333 | G3: 0.75 | H3: =G3-F3 -> 0.041666667 | I3: 1 | J3: 44 | K3: 42 | L3: showery on & off | M3: 0 | N3: 0 | O3: 0 | P3: 0 | Q3: 0 | R3: 0 | S3: 0 | T3: 0 | U3: 0 | V3: 0 | W3: 0 | X3: 0 | Y3: =SUM(M3:P3) -> 0 | Z3: =SUM(Q3:U3) -> 0 | AA3: =SUM(M3:N3) -> 0 | AB3: =SUM(Q3:R3,U3) -> 0 | AC3: 0.97
A4: 43072 | B4: 1628 | C4: 1702 | D4: =CHOOSE(WEEKDAY(A4),"Fred/Anne", "Jane", "Phil","Sue/Panos","Shawn/Owens","Jeff", "Rob") -> Fred/Anne | E4: Y | F4: 0.70486111 | G4: 0.71527778 | H4: =G4-F4 -> 0.010416667 | I4: 0.25 | J4: 41 | K4: 41 | L4: dry partial clear/cloud | M4: 0 | N4: 0 | O4: 0 | P4: 0 | Q4: 0 | R4: 0 | S4: 0 | T4: 0 | U4: 0 | V4: 0 | W4: 0 | X4: 0 | Y4: =SUM(M4:P4) -> 0 | Z4: =SUM(Q4:U4) -> 0 | AA4: =SUM(M4:N4) -> 0 | AB4: =SUM(Q4:R4,U4) -> 0 | AC4: 1 | AD4: road somewhat moist but no puddles/wetness
A5: 43073 | B5: 1628 | C5: 1701 | D5: =CHOOSE(WEEKDAY(A5),"Fred/Anne", "Jane", "Phil","Sue/Panos","Shawn/Owens","Jeff", "Rob") -> Jane | E5: N | H5: =G5-F5 -> 0 | I5: 0 | J5: 44 | L5: dry | M5: 0 | N5: 0 | O5: 0 | P5: 0 | Q5: 0 | R5: 0 | S5: 0 | T5: 0 | U5: 0 | V5: 0 | W5: 0 | X5: 0 | Y5: =SUM(M5:P5) -> 0 | Z5: =SUM(Q5:U5) -> 0 | AA5: =SUM(M5:N5) -> 0 | AB5: =SUM(Q5:R5,U5) -> 0 | AC5: 0.99
A6: 43074 | B6: 1627 | C6: 1701 | D6: =CHOOSE(WEEKDAY(A6),"Fred/Anne", "Jane", "Phil/Tom","Sue/Panos","Shawn/Owens","Jeff", "Rob") -> Phil/Tom | E6: N | F6: 0.70833333 | G6: 0.70833333 | H6: =G6-F6 -> 0 | I6: 0 | J6: 45 | K6: 45 | L6: Clear, dry, and cold | M6: 0 | N6: 0 | O6: 0 | P6: 0 | Q6: 0 | R6: 0 | S6: 0 | T6: 0 | U6: 0 | V6: 0 | W6: 0 | X6: 0 | Y6: =SUM(M6:P6) -> 0 | Z6: =SUM(Q6:U6) -> 0 | AA6: =SUM(M6:N6) -> 0 | AB6: =SUM(Q6:R6,U6) -> 0 | AC6: 0.96
A7: 43075 | B7: 1627 | C7: 1701 | D7: =CHOOSE(WEEKDAY(A7),"Fred/Anne", "Jane", "Phil","Sue/Panos","Shawn/Owens","Jeff", "Rob") -> Sue/Panos | E7: N | F7: 0.70833333 | G7: 0.70833333 | H7: =G7-F7 -> 0 | J7: 48 | K7: 48 | L7: Clear and dry | M7: 0 | N7: 0 | O7: 0 | P7: 0 | Q7: 0 | R7: 0 | S7: 0 | T7: 0 | U7: 0 | V7: 0 | W7: 0 | X7: 0 | Y7: =SUM(M7:P7) -> 0 | Z7: =SUM(Q7:U7) -> 0 | AA7: =SUM(M7:N7) -> 0 | AB7: =SUM(Q7:R7,U7) -> 0 | AC7: 0.9
A8: 43076 | B8: 1627 | C8: 1701 | D8: =CHOOSE(WEEKDAY(A8),"Fred/Anne", "Jane", "Phil","Sue/Panos","Shawn/Orem","Jeff", "Rob") -> Shawn/Orem | E8: N | F8: 0.70833333 | G8: 0.70833333 | H8: =G8-F8 -> 0 | J8: 42 | L8: Clear, dry, cold. | M8: 0 | N8: 0 | O8: 0 | P8: 0 | Q8: 0 | R8: 0 | S8: 0 | T8: 0 | U8: 0 | V8: 0 | W8: 0 | X8: 0 | Y8: =SUM(M8:P8) -> 0 | Z8: =SUM(Q8:U8) -> 0 | AA8: =SUM(M8:N8) -> 0 | AB8: =SUM(Q8:R8,U8) -> 0 | AC8: 0.81
A9: 43077 | B9: 1627 | C9: 1701 | D9: =CHOOSE(WEEKDAY(A9),"Fred/Anne", "Jane", "Phil","Sue/Panos","Shawn/Owens","Jeff", "Rob") -> Jeff | E9: N | F9: 0.77083333 | G9: 0.77083333 | H9: =G9-F9 -> 0 | I9: 0 | J9: 39 | L9: Clear, dry and cold. | M9: 0 | N9: 0 | O9: 0 | P9: 0 | Q9: 0 | R9: 0 | S9: 0 | T9: 0 | U9: 0 | V9: 0 | W9: 0 | X9: 0 | Y9: =SUM(M9:P9) -> 0 | Z9: =SUM(Q9:U9) -> 0 | AA9: =SUM(M9:N9) -> 0 | AB9: =SUM(Q9:R9,U9) -> 0 | AC9: 0.71
A10: 43078 | B10: 1627 | C10: 1701 | D10: =CHOOSE(WEEKDAY(A10),"Fred/Anne", "Jane", "Phil","Sue/Panos","Shawn/Owens","Jeff", "Rob") -> Rob | E10: n | H10: =G10-F10 -> 0 | J10: 39 | L10: Clear, dry, cold. | M10: 0 | N10: 0 | O10: 0 | P10: 0 | Q10: 0 | R10: 0 | S10: 0 | T10: 0 | U10: 0 | V10: 0 | W10: 0 | X10: 0 | Y10: =SUM(M10:P10) -> 0 | Z10: =SUM(Q10:U10) -> 0 | AA10: =SUM(M10:N10) -> 0 | AB10: =SUM(Q10:R10,U10) -> 0 | AC10: 0.61
A11: 43079 | B11: 1627 | C11: 1701 | D11: =CHOOSE(WEEKDAY(A11),"Fred/Anne", "Jane", "Phil","Sue/Panos","Shawn/Owens","Jeff", "Rob") -> Fred/Anne | E11: N | F11: 0.70833333 | G11: 0.70833333 | H11: =G11-F11 -> 0 | J11: 38 | L11: Clear, dry and cold. | M11: 0 | N11: 0 | O11: 0 | P11: 0 | Q11: 0 | R11: 0 | S11: 0 | T11: 0 | U11: 0 | V11: 0 | W11: 0 | X11: 0 | Y11: =SUM(M11:P11) -> 0 | Z11: =SUM(Q11:U11) -> 0 | AA11: =SUM(M11:N11) -> 0 | AB11: =SUM(Q11:R11,U11) -> 0 | AC11: 0.5
A12: 43080 | B12: 1627 | C12: 1701 | D12: =CHOOSE(WEEKDAY(A12),"Fred/Anne", "Jane", "Phil","Sue/Panos","Shawn/Owens","Jeff", "Rob") -> Jane | E12: N | H12: =G12-F12 -> 0 | I12: 0 | J12: 36 | L12: Clear, dry and cold. | M12: 0 | N12: 0 | O12: 0 | P12: 0 | Q12: 0 | R12: 0 | S12: 0 | T12: 0 | U12: 0 | V12: 0 | W12: 0 | X12: 0 | Y12: =SUM(M12:P12) -> 0 | Z12: =SUM(Q12:U12) -> 0 | AA12: =SUM(M12:N12) -> 0 | AB12: =SUM(Q12:R12,U12) -> 0 | AC12: 0.4
A13: 43081 | B13: 1627 | C13: 1701 | D13: =CHOOSE(WEEKDAY(A13),"Fred/Anne", "Jane", "Phil/Tom","Sue/Panos","Shawn/Owens","Jeff", "Rob") -> Phil/Tom | E13: N | F13: 0.70833333 | G13: 0.70833333 | H13: =G13-F13 -> 0 | I13: 0 | J13: 40 | K13: 40 | L13: Clear, dry, and cold | M13: 0 | N13: 0 | O13: 0 | P13: 0 | Q13: 0 | R13: 0 | S13: 0 | T13: 0 | U13: 0 | V13: 0 | W13: 0 | X13: 0 | Y13: =SUM(M13:P13) -> 0 | Z13: =SUM(Q13:U13) -> 0 | AA13: =SUM(M13:N13) -> 0 | AB13: =SUM(Q13:R13,U13) -> 0 | AC13: 0.3
A14: 43082 | B14: 1627 | C14: 1701 | D14: =CHOOSE(WEEKDAY(A14),"Fred/Anne", "Jane", "Phil","Sue/Panos","Shawn/Owens","Jeff", "Rob") -> Sue/Panos | E14: N | F14: 0.70833333 | G14: 0.70833333 | H14: =G14-F14 -> 0 | J14: 39 | K14: 39 | L14: Mostly clear, dry, cold | M14: 0 | N14: 0 | O14: 0 | P14: 0 | Q14: 0 | R14: 0 | S14: 0 | T14: 0 | U14: 0 | V14: 0 | W14: 0 | X14: 0 | Y14: =SUM(M14:P14) -> 0 | Z14: =SUM(Q14:U14) -> 0 | AA14: =SUM(M14:N14) -> 0 | AB14: =SUM(Q14:R14,U14) -> 0 | AC14: 0.21
A15: 43083 | B15: 1627 | C15: 1702 | D15: =CHOOSE(WEEKDAY(A15),"Fred/Anne", "Jane", "Phil","Sue/Panos","Shawn/Orem","Jeff", "Rob") -> Shawn/Orem | E15: N | F15: 0.70833333 | G15: 0.70833333 | H15: =G15-F15 -> 0 | J15: 40 | L15: Clear, dry, cold. | M15: 0 | N15: 0 | O15: 0 | P15: 0 | Q15: 0 | R15: 0 | S15: 0 | T15: 0 | U15: 0 | V15: 0 | W15: 0 | X15: 0 | Y15: =SUM(M15:P15) -> 0 | Z15: =SUM(Q15:U15) -> 0 | AA15: =SUM(M15:N15) -> 0 | AB15: =SUM(Q15:R15,U15) -> 0 | AC15: 0.14
A16: 43084 | B16: 1628 | C16: 1702 | D16: =CHOOSE(WEEKDAY(A16),"Fred/Anne", "Jane", "Phil","Sue/Panos","Shawn/Owens","Jeff", "Rob") -> Jeff | E16: N | F16: 0.70833333 | G16: 0.70833333 | H16: =G16-F16 -> 0 | I16: 0 | J16: 39 | K16: 39 | L16: Partially cloudy, dry | M16: 0 | N16: 0 | O16: 0 | P16: 0 | Q16: 0 | R16: 0 | S16: 0 | T16: 0 | U16: 0 | V16: 0 | W16: 0 | X16: 0 | Y16: =SUM(M16:P16) -> 0 | Z16: =SUM(Q16:U16) -> 0 | AA16: =SUM(M16:N16) -> 0 | AB16: =SUM(Q16:R16,U16) -> 0 | AC16: 0.08
A17: 43085 | B17: 1628 | C17: 1702 | D17: =CHOOSE(WEEKDAY(A17),"Fred/Anne", "Jane", "Phil","Sue/Panos","Shawn/Owens","Jeff", "Rob") -> Rob | E17: y | F17: 0.69791667 | G17: 0.71875 | H17: =G17-F17 -> 0.020833333 | I17: 0.5 | J17: 42 | K17: 41 | L17: misty, cold | M17: 0 | N17: 0 | O17: 0 | P17: 0 | Q17: 0 | R17: 0 | S17: 0 | T17: 0 | U17: 0 | V17: 0 | W17: 0 | X17: 0 | Y17: =SUM(M17:P17) -> 0 | Z17: =SUM(Q17:U17) -> 0 | AA17: =SUM(M17:N17) -> 0 | AB17: =SUM(Q17:R17,U17) -> 0 | AC17: 0.04
A18: 43086 | B18: 1628 | C18: 1703 | D18: =CHOOSE(WEEKDAY(A18),"Fred/Anne", "Jane", "Phil","Sue/Panos","Shawn/Owens","Jeff", "Rob") -> Fred/Anne | E18: Y | F18: 0.70138889 | G18: 0.75 | H18: =G18-F18 -> 0.048611111 | I18: 1.1 | J18: 46 | K18: 41 | L18: dry, cold | M18: 0 | N18: 0 | O18: 0 | P18: 0 | Q18: 0 | R18: 0 | S18: 0 | T18: 0 | U18: 0 | V18: 0 | W18: 0 | X18: 0 | Y18: =SUM(M18:P18) -> 0 | Z18: =SUM(Q18:U18) -> 0 | AA18: =SUM(M18:N18) -> 0 | AB18: =SUM(Q18:R18,U18) -> 0 | AC18: 0.01
A19: 43087 | B19: 1629 | C19: 1703 | D19: =CHOOSE(WEEKDAY(A19),"Fred/Anne", "Jane", "Phil","Sue/Panos","Shawn/Owens","Jeff", "Rob") -> Jane | E19: Y | F19: 0.69444444 | G19: 0.85416667 | H19: =G19-F19 -> 0.15972222 | I19: 0.46527778 | J19: 49 | K19: 48 | L19: light rain, then just mist | M19: 0 | N19: 1 | O19: 0 | P19: 0 | Q19: 0 | R19: 0 | S19: 0 | T19: 0 | U19: 0 | V19: 0 | W19: 0 | X19: 0 | Y19: =SUM(M19:P19) -> 1 | Z19: =SUM(Q19:U19) -> 0 | AA19: =SUM(M19:N19) -> 1 | AB19: =SUM(Q19:R19,U19) -> 0 | AC19: 0 | AD19: Checked Harborton at 6;20 a.m. to see if there was any evidence of movement after rain started at 5 a.m., but there was not.
A20: 43088 | B20: 1629 | C20: 1703 | D20: =CHOOSE(WEEKDAY(A20),"Fred/Anne", "Jane", "Phil/Tom","Sue/Panos","Shawn/Owens","Jeff", "Rob") -> Phil/Tom | E20: Y | F20: 0.64583333 | G20: 0.69791667 | H20: =G20-F20 -> 0.052083333 | I20: 7 | J20: 40 | K20: 40 | L20: steady rain and cold | M20: 0 | N20: 0 | O20: 0 | P20: 0 | Q20: 0 | R20: 0 | S20: 0 | T20: 0 | U20: 0 | V20: 0 | W20: 0 | X20: 0 | Y20: =SUM(M20:P20) -> 0 | Z20: =SUM(Q20:U20) -> 0 | AA20: =SUM(M20:N20) -> 0 | AB20: =SUM(Q20:R20,U20) -> 0 | AC20: 0.01
A21: 43089 | B21: 1630 | C21: 1704 | D21: =CHOOSE(WEEKDAY(A21),"Fred/Anne", "Jane", "Phil","Sue/Panos","Shawn/Owens","Jeff", "Rob") -> Sue/Panos | E21: N | F21: 0.70833333 | G21: 0.70833333 | H21: =G21-F21 -> 0 | J21: 42 | K21: 42 | L21: Partially cloudy | M21: 0 | N21: 0 | O21: 0 | P21: 0 | Q21: 0 | R21: 0 | S21: 0 | T21: 0 | U21: 0 | V21: 0 | W21: 0 | X21: 0 | Y21: =SUM(M21:P21) -> 0 | Z21: =SUM(Q21:U21) -> 0 | AA21: =SUM(M21:N21) -> 0 | AB21: =SUM(Q21:R21,U21) -> 0 | AC21: 0.04
A22: 43090 | B22: 1630 | C22: 1704 | D22: =CHOOSE(WEEKDAY(A22),"Fred/Anne", "Jane", "Phil","Sue/Panos","Shawn/Orem","Jeff", "Rob") -> Shawn/Orem | E22: N | F22: 0.70833333 | G22: 0.70833333 | H22: =G22-F22 -> 0 | J22: 33 | L22: Foggy, cold. | M22: 0 | N22: 0 | O22: 0 | P22: 0 | Q22: 0 | R22: 0 | S22: 0 | T22: 0 | U22: 0 | V22: 0 | W22: 0 | X22: 0 | Y22: =SUM(M22:P22) -> 0 | Z22: =SUM(Q22:U22) -> 0 | AA22: =SUM(M22:N22) -> 0 | AB22: =SUM(Q22:R22,U22) -> 0 | AC22: 0.08
A23: 43091 | B23: 1631 | C23: 1705 | D23: =CHOOSE(WEEKDAY(A23),"Fred/Anne", "Jane", "Phil","Sue/Panos","Shawn/Owens","Jeff", "Rob") -> Jeff | E23: N | H23: =G23-F23 -> 0 | J23: 37 | L23: Light rain | M23: 0 | N23: 0 | O23: 0 | P23: 0 | Q23: 0 | R23: 0 | S23: 0 | T23: 0 | U23: 0 | V23: 0 | W23: 0 | X23: 0 | Y23: =SUM(M23:P23) -> 0 | Z23: =SUM(Q23:U23) -> 0 | AA23: =SUM(M23:N23) -> 0 | AB23: =SUM(Q23:R23,U23) -> 0 | AC23: 0.14
A24: 43092 | B24: 1631 | C24: 1705 | D24: =CHOOSE(WEEKDAY(A24),"Fred/Anne", "Jane", "Phil","Sue/Panos","Shawn/Owens","Jeff", "Rob") -> Rob | E24: n | H24: =G24-F24 -> 0 | J24: 34 | L24: winter mix | M24: 0 | N24: 0 | O24: 0 | P24: 0 | Q24: 0 | R24: 0 | S24: 0 | T24: 0 | U24: 0 | V24: 0 | W24: 0 | X24: 0 | Y24: =SUM(M24:P24) -> 0 | Z24: =SUM(Q24:U24) -> 0 | AA24: =SUM(M24:N24) -> 0 | AB24: =SUM(Q24:R24,U24) -> 0 | AC24: 0.21
A25: 43093 | B25: 1632 | C25: 1706 | D25: =CHOOSE(WEEKDAY(A25),"Fred/Anne", "Jane", "Phil","Sue/Panos","Shawn/Owens","Jeff", "Rob") -> Fred/Anne | H25: =G25-F25 -> 0 | M25: 0 | N25: 0 | O25: 0 | P25: 0 | Q25: 0 | R25: 0 | S25: 0 | T25: 0 | U25: 0 | V25: 0 | W25: 0 | X25: 0 | Y25: =SUM(M25:P25) -> 0 | Z25: =SUM(Q25:U25) -> 0 | AA25: =SUM(M25:N25) -> 0 | AB25: =SUM(Q25:R25,U25) -> 0 | AC25: 0.3
A26: 43094 | B26: 1632 | C26: 1707 | D26: =CHOOSE(WEEKDAY(A26),"Fred/Anne", "Jane", "Phil","Sue/Panos","Shawn/Owens","Jeff", "Rob") -> Jane | E26: N | F26: 0.70833333 | G26: 0.70833333 | H26: =G26-F26 -> 0 | J26: 31 | L26: Dry | M26: 0 | N26: 0 | O26: 0 | P26: 0 | Q26: 0 | R26: 0 | S26: 0 | T26: 0 | U26: 0 | V26: 0 | X26: 0 | Y26: =SUM(M26:P26) -> 0 | Z26: =SUM(Q26:U26) -> 0 | AA26: =SUM(M26:N26) -> 0 | AB26: =SUM(Q26:R26,U26) -> 0 | AC26: 0.39
A27: 43095 | B27: 1633 | C27: 1707 | D27: =CHOOSE(WEEKDAY(A27),"Fred/Anne", "Jane", "Phil/Tom","Sue/Panos","Shawn/Owens","Jeff", "Rob") -> Phil/Tom | E27: N | H27: =G27-F27 -> 0 | J27: 33 | M27: 0 | N27: 0 | O27: 0 | P27: 0 | Q27: 0 | R27: 0 | S27: 0 | T27: 0 | U27: 0 | V27: 0 | W27: 0 | X27: 0 | Y27: =SUM(M27:P27) -> 0 | Z27: =SUM(Q27:U27) -> 0 | AA27: =SUM(M27:N27) -> 0 | AB27: =SUM(Q27:R27,U27) -> 0 | AC27: 0.5
A28: 43096 | B28: 1634 | C28: 1708 | D28: =CHOOSE(WEEKDAY(A28),"Fred/Anne", "Jane", "Phil","Sue/Panos","Shawn/Owens","Jeff", "Rob") -> Sue/Panos | E28: N | F28: 0.70833333 | G28: 0.70833333 | H28: =G28-F28 -> 0 | J28: 34 | K28: 34 | L28: Overcast, foggy, cold | M28: 0 | N28: 0 | O28: 0 | P28: 0 | Q28: 0 | R28: 0 | S28: 0 | T28: 0 | U28: 0 | V28: 0 | W28: 0 | X28: 0 | Y28: =SUM(M28:P28) -> 0 | Z28: =SUM(Q28:U28) -> 0 | AA28: =SUM(M28:N28) -> 0 | AB28: =SUM(Q28:R28,U28) -> 0 | AC28: 0.6
A29: 43097 | B29: 1635 | C29: 1709 | D29: =CHOOSE(WEEKDAY(A29),"Fred/Anne", "Jane", "Phil","Sue/Panos","Shawn/Orem","Jeff", "Rob") -> Shawn/Orem | E29: Y | F29: 0.6875 | G29: 0.97916667 | H29: =G29-F29 -> 0.29166667 | I29: 18 | J29: 45 | K29: 48 | L29: Rain, to light rain | M29: 0 | N29: 36 | O29: 0 | P29: 0 | Q29: 0 | R29: 0 | S29: 0 | T29: 0 | U29: 0 | V29: 0 | W29: 1 | X29: 0 | Y29: =SUM(M29:P29) -> 36 | Z29: =SUM(Q29:U29) -> 0 | AA29: =SUM(M29:N29) -> 36 | AB29: =SUM(Q29:R29,U29) -> 0 | AC29: 0.7 | AD29: plus 2 long-toed salamanders
A30: 43098 | B30: 1635 | C30: 1710 | D30: =CHOOSE(WEEKDAY(A30),"Fred/Anne", "Jane", "Phil","Sue/Panos","Shawn/Owens","Jeff", "Rob") -> Jeff | E30: Y | F30: 0.6875 | G30: 0.91666667 | H30: =G30-F30 -> 0.22916667 | I30: 30.7 | J30: 51 | K30: 46 | L30: Rain to clearing | M30: 20 | N30: 160 | O30: 0 | P30: 1 | Q30: 0 | R30: 0 | S30: 0 | T30: 0 | U30: 0 | V30: 0 | W30: 2 | X30: 0 | Y30: =SUM(M30:P30) -> 181 | Z30: =SUM(Q30:U30) -> 0 | AA30: =SUM(M30:N30) -> 180 | AB30: =SUM(Q30:R30,U30) -> 0 | AC30: 0.8
A31: 43099 | B31: 1636 | C31: 1710 | D31: =CHOOSE(WEEKDAY(A31),"Fred/Anne", "Jane", "Phil","Sue/Panos","Shawn/Owens","Jeff", "Rob") -> Rob | E31: y | F31: 0.69791667 | G31: 0.72916667 | H31: =G31-F31 -> 0.03125 | I31: 1.25 | J31: 42 | K31: 38 | L31: Damp, clear sky | M31: 0 | N31: 0 | O31: 0 | P31: 0 | Q31: 0 | R31: 0 | S31: 0 | T31: 0 | U31: 0 | V31: 0 | W31: 0 | X31: 0 | Y31: =SUM(M31:P31) -> 0 | Z31: =SUM(Q31:U31) -> 0 | AA31: =SUM(M31:N31) -> 0 | AB31: =SUM(Q31:R31,U31) -> 0 | AC31: 0.89
A32: 43100 | B32: 1637 | C32: 1711 | D32: =CHOOSE(WEEKDAY(A32),"Fred/Anne", "Jane", "Phil","Sue/Panos","Shawn/Owens","Jeff", "Rob") -> Fred/Anne | E32: Y | F32: 0.70833333 | G32: 0.71875 | H32: =G32-F32 -> 0.010416667 | J32: 39 | K32: 39 | L32: Dry; Full Moon | M32: 0 | N32: 0 | O32: 0 | P32: 0 | Q32: 0 | R32: 0 | S32: 0 | T32: 0 | U32: 0 | V32: 0 | W32: 0 | X32: 0 | Y32: =SUM(M32:P32) -> 0 | Z32: =SUM(Q32:U32) -> 0 | AA32: =SUM(M32:N32) -> 0 | AB32: =SUM(Q32:R32,U32) -> 0 | AC32: 0.95 | AD32: Walked road 1X; no sign of road kill or action.
E33: Monthly total | H33: =SUM(H3:H32) -> 0.89583333 | I33: =SUM(I2:I32) -> 62.015278 | M33: =SUM(M2:M32) -> 20 | N33: =SUM(N2:N32) -> 197 | O33: =SUM(O2:O32) -> 0 | P33: =SUM(P2:P32) -> 1 | Q33: =SUM(Q2:Q32) -> 0 | R33: =SUM(R2:R32) -> 0 | S33: =SUM(S2:S32) -> 0 | T33: =SUM(T2:T32) -> 0 | ... AB33: =SUM(AB2:AB32) -> 0
E34: Cumulative Total | H34: ='November 2017'!H$33+'December 2017'!H$33 -> 1.5506944 | I34: ='November 2017'!I$33+'December 2017'!I$33 -> 103.74528 | M34: ='November 2017'!M$33+'December 2017'!M$33 -> 23 | N34: ='November 2017'!N$33+'December 2017'!N$33 -> 204 | O34: ='November 2017'!O$33+'December 2017'!O$33 -> 0 | P34: ='November 2017'!P$33+'December 2017'!P$33 -> 1 | Q34: ='November 2017'!Q$33+'December 2017'!Q$33 -> 0 | R34: ='November 2017'!R$33+'December 2017'!R$33 -> 0 | S34: ='November 2017'!S$33+'December 2017'!S$33 -> 0 | T34: ='November 2017'!T$33+'December 2017'!T$33 -> 0 | ... Z34: ='November 2017'!Z$33+'December 2017'!Z$33 -> 0 | AA34: ='November 2017'!AA33+'December 2017'!AA33 -> 227 | AB34: ='November 2017'!AB33+'December 2017'!AB33 -> 0
E35: Season Total | H35: ='November 2017'!H$33+'December 2017'!H$33+'January 2018'!H$33+'February 2018'!H$33+'March 2018'!H$33+'April 2018'!H$33 -> 5.1930556 | I35: ='November 2017'!I33+'December 2017'!I33+'January 2018'!I33+'February 2018'!I33+'March 2018'!I33+'April 2018'!I33 -> 486.30986 | M35: ='November 2017'!M33+'December 2017'!M33+'January 2018'!M33+'February 2018'!M33+'March 2018'!M33+'April 2018'!M33 -> 135 | N35: ='November 2017'!N33+'December 2017'!N33+'January 2018'!N33+'February 2018'!N33+'March 2018'!N33+'April 2018'!N33 -> 281 | O35: ='November 2017'!O33+'December 2017'!O33+'January 2018'!O33+'February 2018'!O33+'March 2018'!O33+'April 2018'!O33 -> 7 | P35: ='November 2017'!P33+'December 2017'!P33+'January 2018'!P33+'February 2018'!P33+'March 2018'!P33+'April 2018'!P33 -> 10 | Q35: ='November 2017'!Q33+'December 2017'!Q33+'January 2018'!Q33+'February 2018'!Q33+'March 2018'!Q33+'April 2018'!Q33 -> 104 | R35: ='November 2017'!R33+'December 2017'!R33+'January 2018'!R33+'February 2018'!R33+'March 2018'!R33+'April 2018'!R33 -> 165 | S35: ='November 2017'!S33+'December 2017'!S33+'January 2018'!S33+'February 2018'!S33+'March 2018'!S33+'April 2018'!S33 -> 9 | T35: ='November 2017'!T33+'December 2017'!T33+'January 2018'!T33+'February 2018'!T33+'March 2018'!T33+'April 2018'!T33 -> 7 | ... AB35: ='November 2017'!AB33+'December 2017'!AB33+'January 2018'!AB33+'February 2018'!AB33+'March 2018'!AB33+'April 2018'!AB33 -> 282
E36: 2016-17 Total | Y36: 834 | Z36: 751
E37: 2015-16 Total | Y37: 688 | Z37: 1040
E38: 2014-15 Total | Y38: 695 | Z38: 750
E39: 2013-14 Total | Y39: 580 | Z39: 572

Sheet January 2018
A1: Date | B1: Sunset | C1: Civil Twilight | D1: Captain | E1: Monitored (Y/N) | F1: Start time HH:MM | G1: End time HH:MM | H1: Hours monitored | I1: Team Hrs. | J1: Start Temp. | K1: End Temp | L1: Weather | M1: Females assisted down | N1: Males assisted down | O1: Unassisted Females down | P1: Unasissted Males down | Q1: Females assisted up | R1: Males assisted up | S1: Unassisted females up | T1: Unassisted males up | U1: Juveniles | V1: Roadkill Females | W1: Roadkill Males | X1: Roadkill Unk | Y1: Total frogs down | Z1: Total frogs up | AA1: Total Frogs Assisted Down | AB1: Total Frogs Assisted Up | AD1: Comments
A2: 43101 | B2: 1638 | C2: 1712 | D2: =CHOOSE(WEEKDAY(A2),"Fred/Anne", "Jane", "Phil","Sue/Panos","Shawn/Owens","Jeff", "Rob") -> Jane | E2: N | F2: 0.70833333 | G2: 0.70833333 | H2: =G2-F2 -> 0 | I2: 0 | J2: 35 | K2: 35 | L2: Dry | M2: 0 | N2: 0 | O2: 0 | P2: 0 | Q2: 0 | R2: 0 | S2: 0 | T2: 0 | U2: 0 | V2: 0 | W2: 0 | X2: 0 | Y2: =SUM(M2:P2) -> 0 | Z2: =SUM(Q2:U2) -> 0 | AA2: =SUM(M2:N2) -> 0 | AB2: =SUM(Q2:R2,U2) -> 0
A3: 43102 | B3: 1639 | C3: 1713 | D3: =CHOOSE(WEEKDAY(A3),"Fred/Anne", "Jane", "Phil/Tom","Sue/Panos","Shawn/Owens","Jeff", "Rob") -> Phil/Tom | E3: N | F3: 0.70833333 | G3: 0.70833333 | H3: =G3-F3 -> 0 | I3: 0 | J3: 39 | K3: 39 | L3: dry | M3: 0 | N3: 0 | O3: 0 | P3: 0 | Q3: 0 | R3: 0 | S3: 0 | T3: 0 | U3: 0 | V3: 0 | W3: 0 | X3: 0 | Y3: =SUM(M3:P3) -> 0 | Z3: =SUM(Q3:U3) -> 0 | AA3: =SUM(M3:N3) -> 0 | AB3: =SUM(Q3:R3,U3) -> 0
A4: 43103 | B4: 1640 | C4: 1714 | D4: =CHOOSE(WEEKDAY(A4),"Fred/Anne", "Jane", "Phil","Sue/Panos","Shawn/Owens","Jeff", "Rob") -> Sue/Panos | E4: N | F4: 0.70833333 | G4: 0.70833333 | H4: =G4-F4 -> 0 | I4: 0 | J4: 37 | K4: 37 | L4: Dry & clear sky | M4: 0 | N4: 0 | O4: 0 | P4: 0 | Q4: 0 | R4: 0 | S4: 0 | T4: 0 | U4: 0 | V4: 0 | W4: 0 | X4: 0 | Y4: =SUM(M4:P4) -> 0 | Z4: =SUM(Q4:U4) -> 0 | AA4: =SUM(M4:N4) -> 0 | AB4: =SUM(Q4:R4,U4) -> 0
A5: 43104 | B5: 1641 | C5: 1715 | D5: =CHOOSE(WEEKDAY(A5),"Fred/Anne", "Jane", "Phil","Sue/Panos","Shawn/Orem","Jeff", "Rob") -> Shawn/Orem | E5: Y | F5: 0.71180556 | G5: 0.73263889 | H5: =G5-F5 -> 0.020833333 | I5: 0.5 | J5: 44 | K5: 42 | L5: Light rain | M5: 0 | N5: 0 | O5: 0 | P5: 0 | Q5: 0 | R5: 0 | S5: 0 | T5: 0 | U5: 0 | V5: 0 | W5: 0 | X5: 0 | Y5: =SUM(M5:P5) -> 0 | Z5: =SUM(Q5:U5) -> 0 | AA5: =SUM(M5:N5) -> 0 | AB5: =SUM(Q5:R5,U5) -> 0 | AD5: Dry til 4 PM; started raining; temp dropping
A6: 43105 | B6: 1642 | C6: 1716 | D6: =CHOOSE(WEEKDAY(A6),"Fred/Anne", "Jane", "Phil","Sue/Panos","Shawn/Owens","Jeff", "Rob") -> Jeff | E6: Y | F6: 0.69791667 | G6: 0.78472222 | H6: =G6-F6 -> 0.086805556 | J6: 42 | K6: 44 | L6: Wet pvmnt, spotty rain | M6: 0 | N6: 0 | O6: 0 | P6: 1 | Q6: 0 | R6: 0 | S6: 0 | T6: 0 | U6: 0 | V6: 0 | W6: 5 | X6: 0 | Y6: =SUM(M6:P6) -> 1 | Z6: =SUM(Q6:U6) -> 0 | AA6: =SUM(M6:N6) -> 0 | AB6: =SUM(Q6:R6,U6) -> 0 | AD6: Monitored 21:45-23:00. 49-48F. Rain returned at 22:30.
A7: 43106 | B7: 1643 | C7: 1717 | D7: =CHOOSE(WEEKDAY(A7),"Fred/Anne", "Jane", "Phil","Sue/Panos","Shawn/Owens","Jeff", "Rob") -> Rob | E7: y | F7: 0.70833333 | G7: 0.73958333 | H7: =G7-F7 -> 0.03125 | I7: 0.75 | J7: 45 | K7: 42 | L7: Drying, clear | M7: 0 | N7: 0 | O7: 0 | P7: 0 | Q7: 0 | R7: 0 | S7: 0 | T7: 0 | U7: 0 | V7: 0 | W7: 0 | X7: 0 | Y7: =SUM(M7:P7) -> 0 | Z7: =SUM(Q7:U7) -> 0 | AA7: =SUM(M7:N7) -> 0 | AB7: =SUM(Q7:R7,U7) -> 0
A8: 43107 | B8: 1644 | C8: 1718 | D8: =CHOOSE(WEEKDAY(A8),"Fred/Anne", "Jane", "Phil","Sue/Panos","Shawn/Owens","Jeff", "Rob") -> Fred/Anne | E8: Y | F8: 0.69791667 | G8: 0.76388889 | H8: =G8-F8 -> 0.065972222 | I8: 0.065972222 | J8: 45 | K8: 44.2 | L8: Rain | M8: 0 | N8: 0 | O8: 0 | P8: 0 | Q8: 0 | R8: 0 | S8: 0 | T8: 0 | U8: 0 | V8: 0 | W8: 0 | X8: 0 | Y8: =SUM(M8:P8) -> 0 | Z8: =SUM(Q8:U8) -> 0 | AA8: =SUM(M8:N8) -> 0 | AB8: =SUM(Q8:R8,U8) -> 0
A9: 43108 | B9: 1645 | C9: 1719 | D9: =CHOOSE(WEEKDAY(A9),"Fred/Anne", "Jane", "Phil","Sue/Panos","Shawn/Owens","Jeff", "Rob") -> Jane | E9: Y | F9: 0.69444444 | G9: 0.73611111 | H9: =G9-F9 -> 0.041666667 | I9: 1 | J9: 44 | K9: 43 | L9: Light drizzle | M9: 0 | N9: 0 | O9: 0 | P9: 0 | Q9: 0 | R9: 0 | S9: 0 | T9: 0 | U9: 0 | V9: 0 | W9: 0 | X9: 0 | Y9: =SUM(M9:P9) -> 0 | Z9: =SUM(Q9:U9) -> 0 | AA9: =SUM(M9:N9) -> 0 | AB9: =SUM(Q9:R9,U9) -> 0
A10: 43109 | B10: 1646 | C10: 1720 | D10: =CHOOSE(WEEKDAY(A10),"Fred/Anne", "Jane", "Phil/Tom","Sue/Panos","Shawn/Owens","Jeff", "Rob") -> Phil/Tom | E10: Y | F10: 0.70833333 | G10: 0.72916667 | H10: =G10-F10 -> 0.020833333 | I10: 1.5 | J10: 44.7 | K10: 44.2 | L10: no rain. Wet pavement | M10: 0 | N10: 0 | O10: 0 | P10: 0 | Q10: 0 | R10: 0 | S10: 0 | T10: 0 | U10: 0 | V10: 0 | W10: 0 | X10: 0 | Y10: =SUM(M10:P10) -> 0 | Z10: =SUM(Q10:U10) -> 0 | AA10: =SUM(M10:N10) -> 0 | AB10: =SUM(Q10:R10,U10) -> 0
A11: 43110 | B11: 1648 | C11: 1721 | D11: =CHOOSE(WEEKDAY(A11),"Fred/Anne", "Jane", "Phil","Sue/Panos","Shawn/Owens","Jeff", "Rob") -> Sue/Panos | E11: Y | F11: 0.70833333 | G11: 0.80208333 | H11: =G11-F11 -> 0.09375 | I11: 9.1 | J11: 45.5 | K11: 45.3 | L11: Light rain, wet pavement | M11: 0 | N11: 0 | O11: 0 | P11: 0 | Q11: 0 | R11: 0 | S11: 0 | T11: 0 | U11: 0 | V11: 0 | W11: 0 | X11: 0 | Y11: =SUM(M11:P11) -> 0 | Z11: =SUM(Q11:U11) -> 0 | AA11: =SUM(M11:N11) -> 0 | AB11: =SUM(Q11:R11,U11) -> 0
A12: 43111 | B12: 1649 | C12: 1722 | D12: =CHOOSE(WEEKDAY(A12),"Fred/Anne", "Jane", "Phil","Sue/Panos","Shawn/Orem","Jeff", "Rob") -> Shawn/Orem | E12: Y | F12: 0.70138889 | G12: 0.96180556 | H12: =G12-F12 -> 0.26041667 | I12: 29 | J12: 50 | K12: 50 | L12: Mist; wet pavemt; Lt. rain | M12: 24 | N12: 42 | O12: 0 | P12: 0 | Q12: 0 | R12: 0 | S12: 0 | T12: 0 | U12: 0 | V12: 0 | W12: 4 | X12: 4 | Y12: =SUM(M12:P12) -> 66 | Z12: =SUM(Q12:U12) -> 0 | AA12: =SUM(M12:N12) -> 66 | AB12: =SUM(Q12:R12,U12) -> 0 | AD12: 1 long-toed salamander; most of roadkill from bank past Harborton
A13: 43112 | B13: 1650 | C13: 1723 | D13: =CHOOSE(WEEKDAY(A13),"Fred/Anne", "Jane", "Phil","Sue/Panos","Shawn/Owens","Jeff", "Rob") -> Jeff | E13: Y | F13: 0.6875 | G13: 0.6875 | H13: =G13-F13 -> 0 | I13: 0 | J13: 49 | K13: 49 | L13: Damp pvmnt, thin overcast | M13: 0 | N13: 0 | O13: 0 | P13: 0 | Q13: 0 | R13: 0 | S13: 0 | T13: 0 | U13: 0 | V13: 0 | W13: 0 | X13: 0 | Y13: =SUM(M13:P13) -> 0 | Z13: =SUM(Q13:U13) -> 0 | AA13: =SUM(M13:N13) -> 0 | AB13: =SUM(Q13:R13,U13) -> 0
A14: 43113 | B14: 1651 | C14: 1725 | D14: =CHOOSE(WEEKDAY(A14),"Fred/Anne", "Jane", "Phil","Sue/Panos","Shawn/Owens","Jeff", "Rob") -> Rob | E14: n | H14: =G14-F14 -> 0 | J14: 49 | L14: clear, dry | M14: 0 | N14: 0 | O14: 0 | P14: 0 | Q14: 0 | R14: 0 | S14: 0 | T14: 0 | U14: 0 | V14: 0 | W14: 0 | X14: 0 | Y14: =SUM(M14:P14) -> 0 | Z14: =SUM(Q14:U14) -> 0 | AA14: =SUM(M14:N14) -> 0 | AB14: =SUM(Q14:R14,U14) -> 0
A15: 43114 | B15: 1653 | C15: 1726 | D15: =CHOOSE(WEEKDAY(A15),"Fred/Anne", "Jane", "Phil","Sue/Panos","Shawn/Owens","Jeff", "Rob") -> Fred/Anne | E15: Y | F15: 0.69791667 | G15: 0.73958333 | H15: =G15-F15 -> 0.041666667 | I15: 0.10763889 | J15: 50.2 | K15: 49.7 | L15: dry, few damp spots | M15: 0 | N15: 0 | O15: 0 | P15: 0 | Q15: 0 | R15: 0 | S15: 0 | T15: 0 | U15: 0 | V15: 0 | W15: 0 | X15: 0 | Y15: =SUM(M15:P15) -> 0 | Z15: =SUM(Q15:U15) -> 0 | AA15: =SUM(M15:N15) -> 0 | AB15: =SUM(Q15:R15,U15) -> 0
A16: 43115 | B16: 1654 | C16: 1727 | D16: =CHOOSE(WEEKDAY(A16),"Fred/Anne", "Jane", "Phil","Sue/Panos","Shawn/Owens","Jeff", "Rob") -> Jane | E16: Y | F16: 0.72916667 | G16: 0.94791667 | H16: =G16-F16 -> 0.21875 | I16: 0.92708333 | J16: 48 | K16: 49 | L16: mist and real rain | M16: 7 | N16: 0 | O16: 0 | P16: 0 | Q16: 0 | R16: 0 | S16: 0 | T16: 0 | U16: 0 | V16: 0 | W16: 0 | X16: 0 | Y16: =SUM(M16:P16) -> 7 | Z16: =SUM(Q16:U16) -> 0 | AA16: =SUM(M16:N16) -> 7 | AB16: =SUM(Q16:R16,U16) -> 0
A17: 43116 | B17: 1655 | C17: 1728 | D17: =CHOOSE(WEEKDAY(A17),"Fred/Anne", "Jane", "Phil/Tom","Sue/Panos","Shawn/Owens","Jeff", "Rob") -> Phil/Tom | E17: Y | F17: 0.70833333 | G17: 0.72916667 | H17: =G17-F17 -> 0.020833333 | I17: 0.5 | J17: 48 | K17: 48 | L17: clear, dry | M17: 0 | N17: 0 | O17: 0 | P17: 0 | Q17: 0 | R17: 0 | S17: 0 | T17: 0 | U17: 0 | V17: 0 | W17: 0 | X17: 0 | Y17: =SUM(M17:P17) -> 0 | Z17: =SUM(Q17:U17) -> 0 | AA17: =SUM(M17:N17) -> 0 | AB17: =SUM(Q17:R17,U17) -> 0
A18: 43117 | B18: 1656 | C18: 1729 | D18: =CHOOSE(WEEKDAY(A18),"Fred/Anne", "Jane", "Phil","Sue/Panos","Shawn/Owens","Jeff", "Rob") -> Sue/Panos | E18: Y | F18: 0.71875 | G18: 0.9375 | H18: =G18-F18 -> 0.21875 | I18: 26 | J18: 50 | K18: 47 | L18: heavy rain to dry | M18: 25 | N18: 14 | O18: 3 | P18: 5 | Q18: 2 | R18: 0 | S18: 1 | T18: 0 | U18: 0 | V18: 4 | W18: 1 | X18: 3 | Y18: =SUM(M18:P18) -> 47 | Z18: =SUM(Q18:U18) -> 3 | AA18: =SUM(M18:N18) -> 39 | AB18: =SUM(Q18:R18,U18) -> 2 | AD18: frogs continued to move past midnight, females going down and up
A19: 43118 | B19: 1658 | C19: 1731 | D19: =CHOOSE(WEEKDAY(A19),"Fred/Anne", "Jane", "Phil","Sue/Panos","Shawn/Orem","Jeff", "Rob") -> Shawn/Orem | E19: Y | F19: 0.70833333 | G19: 0.79166667 | H19: =G19-F19 -> 0.083333333 | I19: 6.5 | J19: 46 | K19: 43 | L19: Patchy clouds, no rain | M19: 0 | N19: 0 | O19: 0 | P19: 0 | Q19: 0 | R19: 0 | S19: 0 | T19: 0 | U19: 0 | V19: 0 | W19: 0 | X19: 0 | Y19: =SUM(M19:P19) -> 0 | Z19: =SUM(Q19:U19) -> 0 | AA19: =SUM(M19:N19) -> 0 | AB19: =SUM(Q19:R19,U19) -> 0
A20: 43119 | B20: 1659 | C20: 1732 | D20: =CHOOSE(WEEKDAY(A20),"Fred/Anne", "Jane", "Phil","Sue/Panos","Shawn/Owens","Jeff", "Rob") -> Jeff | E20: Y | F20: 0.87847222 | G20: 0.89236111 | H20: =G20-F20 -> 0.013888889 | I20: 0.3 | J20: 43 | K20: 43 | L20: Steady rain, wet pvmnt | M20: 0 | N20: 0 | O20: 0 | P20: 0 | Q20: 0 | R20: 0 | S20: 0 | T20: 0 | U20: 0 | V20: 0 | W20: 0 | X20: 0 | Y20: =SUM(M20:P20) -> 0 | Z20: =SUM(Q20:U20) -> 0 | AA20: =SUM(M20:N20) -> 0 | AB20: =SUM(Q20:R20,U20) -> 0
A21: 43120 | B21: 1700 | C21: 1733 | D21: =CHOOSE(WEEKDAY(A21),"Fred/Anne", "Jane", "Phil","Sue/Panos","Shawn/Owens","Jeff", "Rob") -> Rob | E21: y | F21: 0.70833333 | G21: 0.8125 | H21: =G21-F21 -> 0.10416667 | I21: 5.5 | J21: 44 | K21: 45 | L21: misty, then clearing | M21: 0 | N21: 0 | O21: 0 | P21: 0 | Q21: 0 | R21: 0 | S21: 0 | T21: 0 | U21: 0 | V21: 0 | W21: 0 | X21: 0 | Y21: =SUM(M21:P21) -> 0 | Z21: =SUM(Q21:U21) -> 0 | AA21: =SUM(M21:N21) -> 0 | AB21: =SUM(Q21:R21,U21) -> 0
A22: 43121 | B22: 1702 | C22: 1734 | D22: =CHOOSE(WEEKDAY(A22),"Fred/Anne", "Jane", "Phil","Sue/Panos","Shawn/Owens","Jeff", "Rob") -> Fred/Anne | E22: Y | F22: 0.70833333 | G22: 0.76041667 | H22: =G22-F22 -> 0.052083333 | I22: 0.15972222 | J22: 43 | K22: 42 | L22: dry, clearing | M22: 0 | N22: 0 | O22: 0 | P22: 0 | Q22: 0 | R22: 0 | S22: 0 | T22: 0 | U22: 0 | V22: 0 | W22: 0 | X22: 0 | Y22: =SUM(M22:P22) -> 0 | Z22: =SUM(Q22:U22) -> 0 | AA22: =SUM(M22:N22) -> 0 | AB22: =SUM(Q22:R22,U22) -> 0
A23: 43122 | B23: 1703 | C23: 1736 | D23: =CHOOSE(WEEKDAY(A23),"Fred/Anne", "Jane", "Phil","Sue/Panos","Shawn/Owens","Jeff", "Rob") -> Jane | E23: Y | F23: 0.73611111 | G23: 0.75694444 | H23: =G23-F23 -> 0.020833333 | I23: 0.4 | J23: 44 | K23: 43 | L23: dry | M23: 0 | N23: 0 | O23: 0 | P23: 0 | Q23: 0 | R23: 0 | S23: 0 | T23: 0 | U23: 0 | V23: 0 | W23: 0 | X23: 0 | Y23: =SUM(M23:P23) -> 0 | Z23: =SUM(Q23:U23) -> 0 | AA23: =SUM(M23:N23) -> 0 | AB23: =SUM(Q23:R23,U23) -> 0
A24: 43124 | B24: 1706 | C24: 1738 | D24: =CHOOSE(WEEKDAY(A24),"Fred/Anne", "Jane", "Phil","Sue/Panos","Shawn/Owens","Jeff", "Rob") -> Sue/Panos | E24: N | F24: 0.73611111 | G24: 0.73611111 | H24: =G24-F24 -> 0 | I24: 0 | J24: 44 | K24: 44 | L24: dry, wet pavement | M24: 0 | N24: 0 | O24: 0 | P24: 0 | Q24: 0 | R24: 0 | S24: 0 | T24: 0 | U24: 0 | V24: 0 | W24: 0 | X24: 0 | Y24: =SUM(M24:P24) -> 0 | Z24: =SUM(Q24:U24) -> 0 | AA24: =SUM(M24:N24) -> 0 | AB24: =SUM(Q24:R24,U24) -> 0
A25: 43123 | B25: 1705 | C25: 1737 | D25: =CHOOSE(WEEKDAY(A25),"Fred/Anne", "Jane", "Phil/Tom","Sue/Panos","Shawn/Owens","Jeff", "Rob") -> Phil/Tom | E25: Y | F25: 0.70833333 | G25: 0.85416667 | H25: =G25-F25 -> 0.14583333 | I25: 34.75 | J25: 48 | K25: 45 | L25: rain | M25: 3 | N25: 1 | O25: 0 | P25: 0 | Q25: 0 | R25: 0 | S25: 0 | T25: 0 | U25: 0 | V25: 0 | W25: 0 | X25: 0 | Y25: =SUM(M25:P25) -> 4 | Z25: =SUM(Q25:U25) -> 0 | AA25: =SUM(M25:N25) -> 4 | AB25: =SUM(Q25:R25,U25) -> 0
A26: 43125 | B26: 1707 | C26: 1740 | D26: =CHOOSE(WEEKDAY(A26),"Fred/Anne", "Jane", "Phil","Sue/Panos","Shawn/Orem","Jeff", "Rob") -> Shawn/Orem | E26: Y | F26: 0.72916667 | G26: 0.73958333 | H26: =G26-F26 -> 0.010416667 | I26: 0.25 | J26: 44 | K26: 43 | L26: Light steady rain | M26: 0 | N26: 0 | O26: 0 | P26: 0 | Q26: 0 | R26: 0 | S26: 0 | T26: 0 | U26: 0 | V26: 0 | W26: 0 | X26: 0 | Y26: =SUM(M26:P26) -> 0 | Z26: =SUM(Q26:U26) -> 0 | AA26: =SUM(M26:N26) -> 0 | AB26: =SUM(Q26:R26,U26) -> 0
A27: 43126 | B27: 1709 | C27: 1741 | D27: Erica/Sarah | E27: Y | F27: 0.73263889 | G27: 0.78125 | H27: =G27-F27 -> 0.048611111 | I27: 2.5 | J27: 46 | K27: 43 | L27: light steady rain | M27: 0 | N27: 0 | O27: 0 | P27: 0 | Q27: 0 | R27: 0 | S27: 0 | T27: 0 | U27: 0 | V27: 0 | W27: 0 | X27: 0 | Y27: =SUM(M27:P27) -> 0 | Z27: =SUM(Q27:U27) -> 0 | AA27: =SUM(M27:N27) -> 0 | AB27: =SUM(Q27:R27,U27) -> 0
A28: 43127 | B28: 1710 | C28: 1742 | D28: =CHOOSE(WEEKDAY(A28),"Fred/Anne", "Jane", "Phil","Sue/Panos","Shawn/Owens","Jeff", "Rob") -> Rob | E28: y | F28: 0.72916667 | G28: 0.85416667 | H28: =G28-F28 -> 0.125 | I28: 25.5 | J28: 47 | K28: 47 | L28: misty, some drizzle | M28: 11 | N28: 17 | O28: 0 | P28: 1 | Q28: 0 | R28: 0 | S28: 0 | T28: 0 | U28: 0 | V28: 0 | W28: 0 | X28: 0 | Y28: =SUM(M28:P28) -> 29 | Z28: =SUM(Q28:U28) -> 0 | AA28: =SUM(M28:N28) -> 28 | AB28: =SUM(Q28:R28,U28) -> 0
A29: 43128 | B29: 1712 | C29: 1744 | D29: =CHOOSE(WEEKDAY(A29),"Fred/Anne", "Jane", "Phil","Sue/Panos","Shawn/Owens","Jeff", "Rob") -> Fred/Anne | E29: Y | F29: 0.72222222 | G29: 0.83333333 | H29: =G29-F29 -> 0.11111111 | J29: 51 | K29: 48 | L29: dry/moist | M29: 1 | N29: 0 | O29: 0 | P29: 0 | Q29: 5 | R29: 0 | S29: 0 | T29: 0 | U29: 0 | W29: 0 | X29: 0 | Y29: =SUM(M29:P29) -> 1 | Z29: =SUM(Q29:U29) -> 5 | AA29: =SUM(M29:N29) -> 1 | AB29: =SUM(Q29:R29,U29) -> 5 | AD29: Females moving up appeared unusually dry and logy.
A30: 43129 | B30: 1713 | C30: 1745 | D30: =CHOOSE(WEEKDAY(A30),"Fred/Anne", "Jane", "Phil","Sue/Panos","Shawn/Owens","Jeff", "Rob") -> Jane | E30: Y | F30: 0.73611111 | G30: 0.96875 | H30: =G30-F30 -> 0.23263889 | I30: 29.25 | J30: 51 | K30: 45 | L30: rain,dry,mist,rain | M30: 20 | N30: 3 | O30: 1 | P30: 0 | Q30: 1 | R30: 0 | S30: 5 | T30: 1 | U30: 0 | V30: 0 | W30: 0 | X30: 0 | Y30: =SUM(M30:P30) -> 24 | Z30: =SUM(Q30:U30) -> 7 | AA30: =SUM(M30:N30) -> 23 | AB30: =SUM(Q30:R30,U30) -> 1
A31: 43130 | B31: 1715 | C31: 1746 | D31: =CHOOSE(WEEKDAY(A31),"Fred/Anne", "Jane", "Phil/Tom","Sue/Panos","Shawn/Owens","Jeff", "Rob") -> Phil/Tom | E31: N | F31: 0.73958333 | G31: 0.73958333 | H31: =G31-F31 -> 0 | I31: 0 | J31: 46 | K31: 46 | L31: dry | M31: 0 | N31: 0 | O31: 0 | P31: 0 | Q31: 0 | R31: 0 | S31: 0 | T31: 0 | U31: 0 | V31: 0 | W31: 0 | X31: 0 | Y31: =SUM(M31:P31) -> 0 | Z31: =SUM(Q31:U31) -> 0 | AA31: =SUM(M31:N31) -> 0 | AB31: 1 | AD31: 10 cfs
A32: 43131 | B32: 1716 | C32: 1748 | D32: =CHOOSE(WEEKDAY(A32),"Fred/Anne", "Jane", "Phil","Sue/Panos","Shawn/Owens","Jeff", "Rob") -> Sue/Panos | E32: N | F32: 0.73958333 | H32: =G32-F32 -> -0.73958333 | J32: 45 | L32: dry, dry pavement | M32: 0 | N32: 0 | O32: 0 | P32: 0 | Q32: 0 | R32: 0 | S32: 0 | T32: 0 | U32: 0 | V32: 0 | W32: 0 | X32: 0 | Y32: =SUM(M32:P32) -> 0 | Z32: =SUM(Q32:U32) -> 0 | AA32: =SUM(M32:N32) -> 0 | AB32: =SUM(Q32:R32,U32) -> 0
E33: Monthly total | H33: =SUM(H3:H32) -> 1.3298611 | I33: =SUM(I2:I32) -> 174.56042 | M33: =SUM(M2:M32) -> 91 | N33: =SUM(N2:N32) -> 77 | O33: =SUM(O2:O32) -> 4 | P33: =SUM(P2:P32) -> 7 | Q33: =SUM(Q2:Q32) -> 8 | R33: =SUM(R2:R32) -> 0 | S33: =SUM(S2:S32) -> 6 | T33: =SUM(T2:T32) -> 1 | ... AB33: =SUM(AB2:AB32) -> 9
E34: Cumulative Total | H34: ='November 2017'!H$33+'December 2017'!H$33+'January 2018'!H$33 -> 2.8805556 | I34: ='November 2017'!I$33+'December 2017'!I$33+'January 2018'!I$33 -> 278.30569 | M34: ='November 2017'!M$33+'December 2017'!M$33+'January 2018'!M$33 -> 114 | N34: ='November 2017'!N$33+'December 2017'!N$33+'January 2018'!N$33 -> 281 | O34: ='November 2017'!O$33+'December 2017'!O$33+'January 2018'!O$33 -> 4 | P34: ='November 2017'!P$33+'December 2017'!P$33+'January 2018'!P$33 -> 8 | Q34: ='November 2017'!Q$33+'December 2017'!Q$33+'January 2018'!Q$33 -> 8 | R34: ='November 2017'!R$33+'December 2017'!R$33+'January 2018'!R$33 -> 0 | S34: ='November 2017'!S$33+'December 2017'!S$33+'January 2018'!S$33 -> 6 | T34: ='November 2017'!T$33+'December 2017'!T$33+'January 2018'!T$33 -> 1 | ... Z34: ='November 2017'!Z$33+'December 2017'!Z$33+'January 2018'!Z$33 -> 15 | AA34: ='November 2017'!AA33+'December 2017'!AA33+'January 2018'!AA33 -> 395 | AB34: ='November 2017'!AB33+'December 2017'!AB33+'January 2018'!AB33 -> 9
E35: Season Total | H35: ='November 2017'!H$33+'December 2017'!H$33+'January 2018'!H$33+'February 2018'!H$33+'March 2018'!H$33+'April 2018'!H$33 -> 5.1930556 | I35: ='November 2017'!I33+'December 2017'!I33+'January 2018'!I33+'February 2018'!I33+'March 2018'!I33+'April 2018'!I33 -> 486.30986 | M35: ='November 2017'!M33+'December 2017'!M33+'January 2018'!M33+'February 2018'!M33+'March 2018'!M33+'April 2018'!M33 -> 135 | N35: ='November 2017'!N33+'December 2017'!N33+'January 2018'!N33+'February 2018'!N33+'March 2018'!N33+'April 2018'!N33 -> 281 | O35: ='November 2017'!O33+'December 2017'!O33+'January 2018'!O33+'February 2018'!O33+'March 2018'!O33+'April 2018'!O33 -> 7 | P35: ='November 2017'!P33+'December 2017'!P33+'January 2018'!P33+'February 2018'!P33+'March 2018'!P33+'April 2018'!P33 -> 10 | Q35: ='November 2017'!Q33+'December 2017'!Q33+'January 2018'!Q33+'February 2018'!Q33+'March 2018'!Q33+'April 2018'!Q33 -> 104 | R35: ='November 2017'!R33+'December 2017'!R33+'January 2018'!R33+'February 2018'!R33+'March 2018'!R33+'April 2018'!R33 -> 165 | S35: ='November 2017'!S33+'December 2017'!S33+'January 2018'!S33+'February 2018'!S33+'March 2018'!S33+'April 2018'!S33 -> 9 | T35: ='November 2017'!T33+'December 2017'!T33+'January 2018'!T33+'February 2018'!T33+'March 2018'!T33+'April 2018'!T33 -> 7 | ... AB35: ='November 2017'!AB33+'December 2017'!AB33+'January 2018'!AB33+'February 2018'!AB33+'March 2018'!AB33+'April 2018'!AB33 -> 282
E36: 2016-17 Total | Y36: 834 | Z36: 751
E37: 2015-16 Total | Y37: 688 | Z37: 1040
E38: 2014-15 Total | Y38: 695 | Z38: 750
E39: 2013-14 Total | Y39: 580 | Z39: 572

Sheet February 2018
B1: Sunset | C1: Civil Twilight | D1: Captain | E1: Monitored (Y/N) | F1: Start time HH:MM | G1: End time HH:MM | H1: Hours monitored | I1: Team Hrs. | J1: Start Temp | K1: End Temp | L1: Weather | M1: Females assisted down | N1: Males assisted down | O1: Unassisted Females down | P1: Unasissted Males down | Q1: Females assisted up | R1: Males assisted up | S1: Unassisted females up | T1: Unassisted males up | U1: Juveniles assisted up | V1: Roadkill Females | W1: Roadkill Males | X1: Roadkill Unk | Y1: Total frogs down | Z1: Total frogs up | AA1: Total Frogs Assisted Down | AB1: Total Frogs Assisted Up | AC1: % moon visible | AD1: Comments
A2: 43132 | B2: 1717 | C2: 1749 | D2: =CHOOSE(WEEKDAY(A2),"Fred/Anne", "Jane", "Phil","Sue/Panos","Shawn/Orems","Jeff", "Rob") -> Shawn/Orems | E2: Y | F2: 0.72916667 | G2: 0.85416667 | H2: =G2-F2 -> 0.125 | I2: 13.5 | J2: 46 | K2: 46 | L2: Mist; dry; light mist | M2: 2 | N2: 0 | O2: 0 | P2: 0 | Q2: 1 | R2: 0 | S2: 0 | T2: 0 | U2: 0 | V2: 0 | W2: 0 | X2: 0 | Y2: =SUM(M2:P2) -> 2 | Z2: =SUM(Q2:U2) -> 1 | AA2: =SUM(M2:N2) -> 2 | AB2: =SUM(Q2:R2,U2) -> 1 | AC2: 0.99 | AD2: AccuWeather predicts 49 degrees by 10 PM
A3: 43133 | B3: 1719 | C3: 1750 | D3: =CHOOSE(WEEKDAY(A3),"Fred/Anne", "Jane", "Phil","Sue/Panos","Shawn/Owens","Jeff", "Rob") -> Jeff | E3: Y | F3: 0.74305556 | G3: 0.84027778 | H3: =G3-F3 -> 0.097222222 | I3: 3 | J3: 51 | K3: 49 | L3: Dry, no rain | M3: 4 | N3: 0 | O3: 1 | P3: 0 | Q3: 0 | R3: 0 | S3: 0 | T3: 0 | U3: 0 | V3: 2 | W3: 2 | X3: 0 | Y3: =SUM(M3:P3) -> 5 | Z3: =SUM(Q3:U3) -> 0 | AA3: =SUM(M3:N3) -> 4 | AB3: =SUM(Q3:R3,U3) -> 0 | AC3: 0.96 | AD3: Frogs moving despite dry, rainless conditions
A4: 43134 | B4: 1720 | C4: 1752 | D4: =CHOOSE(WEEKDAY(A4),"Fred/Anne", "Jane", "Phil","Sue/Panos","Shawn/Owens","Jeff", "Rob") -> Rob | E4: y | F4: 0.72916667 | G4: 0.83333333 | H4: =G4-F4 -> 0.10416667 | I4: 10.5 | J4: 53 | K4: 51 | L4: dry, no rain | M4: 5 | N4: 0 | O4: 0 | P4: 0 | Q4: 5 | R4: 0 | S4: 0 | T4: 0 | U4: 0 | V4: 0 | W4: 0 | X4: 0 | Y4: =SUM(M4:P4) -> 5 | Z4: =SUM(Q4:U4) -> 5 | AA4: =SUM(M4:N4) -> 5 | AB4: =SUM(Q4:R4,U4) -> 5 | AC4: 0.9 | AD4: a few frogs early, then nothing
A5: 43135 | B5: 1722 | C5: 1753 | D5: =CHOOSE(WEEKDAY(A5),"Fred/Anne", "Jane", "Phil","Sue/Panos","Shawn/Owens","Jeff", "Rob") -> Fred/Anne | E5: Y | F5: 0.73611111 | G5: 0.8125 | H5: =G5-F5 -> 0.076388889 | J5: 55 | K5: 50 | L5: Dry, no rain | M5: 0 | N5: 0 | O5: 0 | P5: 0 | Q5: 1 | R5: 0 | S5: 1 | T5: 0 | U5: 0 | V5: 0 | W5: 0 | X5: 0 | Y5: =SUM(M5:P5) -> 0 | Z5: =SUM(Q5:U5) -> 2 | AA5: =SUM(M5:N5) -> 0 | AB5: =SUM(Q5:R5,U5) -> 1 | AC5: 0.82
A6: 43136 | B6: 1723 | C6: 1755 | D6: =CHOOSE(WEEKDAY(A6),"Fred/Anne", "Jane", "Phil","Sue/Panos","Shawn/Owens","Jeff", "Rob") -> Jane | E6: Y | F6: 0.72916667 | G6: 0.82986111 | H6: =G6-F6 -> 0.10069444 | I6: 0.35416667 | J6: 48 | K6: 47 | L6: Clear and very dry | M6: 1 | N6: 0 | O6: 0 | P6: 0 | Q6: 0 | R6: 0 | S6: 0 | T6: 0 | U6: 0 | V6: 0 | W6: 0 | X6: 0 | Y6: =SUM(M6:P6) -> 1 | Z6: =SUM(Q6:U6) -> 0 | AA6: =SUM(M6:N6) -> 1 | AB6: =SUM(Q6:R6,U6) -> 0 | AC6: 0.73 | AD6: Gravid female was mostly submerged in a puddle near the bottom of the hill.
A7: 43137 | B7: 1725 | C7: 1756 | D7: =CHOOSE(WEEKDAY(A7),"Fred/Anne", "Jane", "Phil/Tom","Sue/Panos","Shawn/Owens","Jeff", "Rob") -> Phil/Tom | E7: Y | F7: 0.76041667 | G7: 0.78125 | H7: =G7-F7 -> 0.020833333 | I7: 0.5 | J7: 48 | K7: 47 | L7: dry | M7: 0 | N7: 0 | O7: 0 | P7: 0 | Q7: 0 | R7: 0 | S7: 0 | T7: 0 | U7: 0 | V7: 0 | W7: 0 | X7: 0 | Y7: =SUM(M7:P7) -> 0 | Z7: =SUM(Q7:U7) -> 0 | AA7: =SUM(M7:N7) -> 0 | AB7: =SUM(Q7:R7,U7) -> 0 | AC7: 0.63
A8: 43138 | B8: 1726 | C8: 1757 | D8: =CHOOSE(WEEKDAY(A8),"Fred/Anne", "Jane", "Phil","Sue/Panos","Shawn/Owens","Jeff", "Rob") -> Sue/Panos | E8: Y | F8: 0.72916667 | G8: 0.79166667 | H8: =G8-F8 -> 0.0625 | I8: 1.5 | J8: 47 | K8: 46 | L8: p.cloudy, dry pavement | M8: 0 | N8: 0 | O8: 0 | P8: 0 | Q8: 0 | R8: 0 | S8: 0 | T8: 0 | U8: 0 | V8: 0 | W8: 0 | X8: 0 | Y8: =SUM(M8:P8) -> 0 | Z8: =SUM(Q8:U8) -> 0 | AA8: =SUM(M8:N8) -> 0 | AB8: =SUM(Q8:R8,U8) -> 0 | AC8: 0.53
A9: 43139 | B9: 1728 | C9: 1759 | D9: =CHOOSE(WEEKDAY(A9),"Fred/Anne", "Jane", "Phil","Sue/Panos","Shawn/Orems","Jeff", "Rob") -> Shawn/Orems | E9: Y | F9: 0.75 | G9: 0.77083333 | H9: =G9-F9 -> 0.020833333 | I9: 0.5 | J9: 50 | K9: 50 | L9: Dry; dry pavement | M9: 0 | N9: 0 | O9: 0 | P9: 0 | Q9: 0 | R9: 0 | S9: 0 | T9: 0 | U9: 0 | V9: 0 | W9: 0 | X9: 0 | Y9: =SUM(M9:P9) -> 0 | Z9: =SUM(Q9:U9) -> 0 | AA9: =SUM(M9:N9) -> 0 | AB9: =SUM(Q9:R9,U9) -> 0 | AC9: 0.44
A10: 43140 | B10: 1729 | C10: 1800 | D10: =CHOOSE(WEEKDAY(A10),"Fred/Anne", "Jane", "Phil","Sue/Panos","Shawn/Owens","Jeff", "Rob") -> Jeff | E10: Y | F10: 0.75 | G10: 0.78819444 | H10: =G10-F10 -> 0.038194444 | I10: 1 | J10: 45 | K10: 44 | L10: Brief sprinkle, damp/dry | M10: 0 | N10: 0 | O10: 0 | P10: 0 | Q10: 0 | R10: 0 | S10: 0 | T10: 0 | U10: 0 | V10: 0 | W10: 0 | X10: 0 | Y10: =SUM(M10:P10) -> 0 | Z10: =SUM(Q10:U10) -> 0 | AA10: =SUM(M10:N10) -> 0 | AB10: =SUM(Q10:R10,U10) -> 0 | AC10: 0.34 | AD10: Sprinkle did not get as far as Marina Way.
A11: 43141 | B11: 1731 | C11: 1801 | D11: =CHOOSE(WEEKDAY(A11),"Fred/Anne", "Jane", "Phil","Sue/Panos","Shawn/Owens","Jeff", "Rob") -> Rob | E11: N | H11: =G11-F11 -> 0 | J11: 45 | L11: dry | M11: 0 | N11: 0 | O11: 0 | P11: 0 | Q11: 0 | R11: 0 | S11: 0 | T11: 0 | U11: 0 | V11: 0 | W11: 0 | X11: 0 | Y11: =SUM(M11:P11) -> 0 | Z11: =SUM(Q11:U11) -> 0 | AA11: =SUM(M11:N11) -> 0 | AB11: =SUM(Q11:R11,U11) -> 0 | AC11: 0.26
A12: 43142 | B12: 1732 | C12: 1803 | D12: =CHOOSE(WEEKDAY(A12),"Fred/Anne", "Jane", "Phil","Sue/Panos","Shawn/Owens","Jeff", "Rob") -> Fred/Anne | E12: Y | F12: 0.75 | G12: 0.76041667 | H12: =G12-F12 -> 0.010416667 | J12: 41 | K12: 41 | L12: dry | M12: 0 | N12: 0 | O12: 0 | P12: 0 | Q12: 0 | R12: 0 | S12: 0 | T12: 0 | U12: 0 | V12: 0 | W12: 0 | X12: 0 | Y12: =SUM(M12:P12) -> 0 | Z12: =SUM(Q12:U12) -> 0 | AA12: =SUM(M12:N12) -> 0 | AB12: =SUM(Q12:R12,U12) -> 0 | AC12: 0.18 | AD12: Checked both Harb & Marina, no frogs. Clear sky, bone dry
A13: 43143 | B13: 1734 | C13: 1804 | D13: =CHOOSE(WEEKDAY(A13),"Fred/Anne", "Jane", "Phil","Sue/Panos","Shawn/Owens","Jeff", "Rob") -> Jane | E13: N | F13: 0.75 | G13: 0.75 | H13: =G13-F13 -> 0 | J13: 43 | L13: dry | M13: 0 | N13: 0 | O13: 0 | P13: 0 | Q13: 0 | R13: 0 | S13: 0 | T13: 0 | U13: 0 | V13: 0 | W13: 0 | X13: 0 | Y13: =SUM(M13:P13) -> 0 | Z13: =SUM(Q13:U13) -> 0 | AA13: =SUM(M13:N13) -> 0 | AB13: =SUM(Q13:R13,U13) -> 0 | AC13: 0.11
A14: 43144 | B14: 1735 | C14: 1806 | D14: =CHOOSE(WEEKDAY(A14),"Fred/Anne", "Jane", "Phil/Tom","Sue/Panos","Shawn/Owens","Jeff", "Rob") -> Phil/Tom | E14: N | F14: 0.75 | G14: 0.75 | H14: =G14-F14 -> 0 | I14: 0 | J14: 42 | K14: 42 | L14: dry | M14: 0 | N14: 0 | O14: 0 | P14: 0 | Q14: 0 | R14: 0 | S14: 0 | T14: 0 | U14: 0 | V14: 0 | W14: 0 | X14: 0 | Y14: =SUM(M14:P14) -> 0 | Z14: =SUM(Q14:U14) -> 0 | AA14: =SUM(M14:N14) -> 0 | AB14: =SUM(Q14:R14,U14) -> 0 | AC14: 0.06
A15: 43145 | B15: 1736 | C15: 1807 | D15: =CHOOSE(WEEKDAY(A15),"Fred/Anne", "Jane", "Phil","Sue/Panos","Shawn/Owens","Jeff", "Rob") -> Sue/Panos | E15: Y | F15: 0.73958333 | G15: 0.77083333 | H15: =G15-F15 -> 0.03125 | I15: 1.5 | J15: 44 | K15: 40 | L15: Dry; mostly dry pavemnt | M15: 0 | N15: 0 | O15: 0 | P15: 0 | Q15: 0 | R15: 0 | S15: 0 | T15: 0 | U15: 0 | V15: 0 | W15: 0 | X15: 0 | Y15: =SUM(M15:P15) -> 0 | Z15: =SUM(Q15:U15) -> 0 | AA15: =SUM(M15:N15) -> 0 | AB15: =SUM(Q15:R15,U15) -> 0 | AC15: 0.02
A16: 43146 | B16: 1738 | C16: 1808 | D16: =CHOOSE(WEEKDAY(A16),"Fred/Anne", "Jane", "Phil","Sue/Panos","Shawn/Orems","Jeff", "Rob") -> Shawn/Orems | E16: Y | F16: 0.75694444 | G16: 0.77777778 | H16: =G16-F16 -> 0.020833333 | I16: 0.5 | J16: 46 | K16: 45 | L16: Dry; mostly dry pavemnt | M16: 0 | N16: 0 | O16: 0 | P16: 0 | Q16: 0 | R16: 0 | S16: 0 | T16: 0 | U16: 0 | V16: 0 | W16: 0 | X16: 0 | Y16: =SUM(M16:P16) -> 0 | Z16: =SUM(Q16:U16) -> 0 | AA16: =SUM(M16:N16) -> 0 | AB16: =SUM(Q16:R16,U16) -> 0 | AC16: 0
A17: 43147 | B17: 1739 | C17: 1810 | D17: Erica/Sarah/John | E17: y | F17: 0.71875 | G17: 0.78819444 | H17: =G17-F17 -> 0.069444444 | I17: 1.5 | J17: 50 | K17: 46 | L17: Dry; mostly dry pavemnt | M17: 0 | N17: 0 | O17: 0 | P17: 0 | Q17: 0 | R17: 0 | S17: 0 | T17: 0 | U17: 0 | V17: 0 | W17: 0 | X17: 0 | Y17: =SUM(M17:P17) -> 0 | Z17: =SUM(Q17:U17) -> 0 | AA17: =SUM(M17:N17) -> 0 | AB17: =SUM(Q17:R17,U17) -> 0 | AC17: 0 | AD17: No frogs at Sundown, patrolled both Marina & Harborton; misty-turned drizzle; Returned at 8pm to assist 6 Chorus frogs dh; 2 Long toed uh; 20 u/a Chorus frogs, NO red Leggeds out. after rains, left at 22:35.
A18: 43148 | B18: 1741 | C18: 1811 | D18: =CHOOSE(WEEKDAY(A18),"Fred/Anne", "Jane", "Phil","Sue/Panos","Shawn/Owens","Jeff", "Rob") -> Rob | E18: y | F18: 0.73958333 | G18: 0.8125 | H18: =G18-F18 -> 0.072916667 | I18: 10.75 | J18: 45 | K18: 42 | L18: wet pavement, clearing | M18: 0 | N18: 0 | O18: 0 | P18: 0 | Q18: 0 | R18: 0 | S18: 0 | T18: 0 | U18: 0 | V18: 0 | W18: 0 | X18: 0 | Y18: =SUM(M18:P18) -> 0 | Z18: =SUM(Q18:U18) -> 0 | AA18: =SUM(M18:N18) -> 0 | AB18: =SUM(Q18:R18,U18) -> 0 | AC18: 0.02 | AD18: expected a peep on Marina Way but nothing.
A19: 43149 | B19: 1742 | C19: 1813 | D19: =CHOOSE(WEEKDAY(A19),"Fred/Anne", "Jane", "Phil","Sue/Panos","Shawn/Owens","Jeff", "Rob") -> Fred/Anne | E19: N | H19: =G19-F19 -> 0 | J19: 37 | L19: Snow | M19: 0 | N19: 0 | O19: 0 | P19: 0 | Q19: 0 | R19: 0 | S19: 0 | T19: 0 | U19: 0 | V19: 0 | W19: 0 | X19: 0 | Y19: =SUM(M19:P19) -> 0 | Z19: =SUM(Q19:U19) -> 0 | AA19: =SUM(M19:N19) -> 0 | AB19: =SUM(Q19:R19,U19) -> 0 | AC19: 0.06
A20: 43150 | B20: 1744 | C20: 1814 | D20: =CHOOSE(WEEKDAY(A20),"Fred/Anne", "Jane", "Phil","Sue/Panos","Shawn/Owens","Jeff", "Rob") -> Jane | E20: N | H20: =G20-F20 -> 0 | J20: 31 | L20: Dry | M20: 0 | N20: 0 | O20: 0 | P20: 0 | Q20: 0 | R20: 0 | S20: 0 | T20: 0 | U20: 0 | V20: 0 | W20: 0 | X20: 0 | Y20: =SUM(M20:P20) -> 0 | Z20: =SUM(Q20:U20) -> 0 | AA20: =SUM(M20:N20) -> 0 | AB20: =SUM(Q20:R20,U20) -> 0 | AC20: 0.12
A21: 43151 | B21: 1745 | C21: 1815 | D21: =CHOOSE(WEEKDAY(A21),"Fred/Anne", "Jane", "Phil/Tom","Sue/Panos","Shawn/Owens","Jeff", "Rob") -> Phil/Tom | E21: N | F21: 0.73958333 | G21: 0.73958333 | H21: =G21-F21 -> 0 | I21: 0 | J21: 32 | K21: 32 | L21: Snowing | M21: 0 | N21: 0 | O21: 0 | P21: 0 | Q21: 0 | R21: 0 | S21: 0 | T21: 0 | U21: 0 | V21: 0 | W21: 0 | X21: 0 | Y21: =SUM(M21:P21) -> 0 | Z21: =SUM(Q21:U21) -> 0 | AA21: =SUM(M21:N21) -> 0 | AB21: =SUM(Q21:R21,U21) -> 0 | AC21: 0.2
A22: 43152 | B22: 1747 | C22: 1817 | D22: =CHOOSE(WEEKDAY(A22),"Fred/Anne", "Jane", "Phil","Sue/Panos","Shawn/Owens","Jeff", "Rob") -> Sue/Panos | E22: N | H22: =G22-F22 -> 0 | L22: Cold; cloudy, snowing | M22: 0 | N22: 0 | O22: 0 | P22: 0 | Q22: 0 | R22: 0 | S22: 0 | T22: 0 | U22: 0 | V22: 0 | W22: 0 | X22: 0 | Y22: =SUM(M22:P22) -> 0 | Z22: =SUM(Q22:U22) -> 0 | AA22: =SUM(M22:N22) -> 0 | AB22: =SUM(Q22:R22,U22) -> 0 | AC22: 0.29
A23: 43153 | B23: 1748 | C23: 1818 | D23: =CHOOSE(WEEKDAY(A23),"Fred/Anne", "Jane", "Phil","Sue/Panos","Shawn/Orems","Jeff", "Rob") -> Shawn/Orems | E23: N | H23: =G23-F23 -> 0 | J23: 32 | L23: Dry; snow on pavement | M23: 0 | N23: 0 | O23: 0 | P23: 0 | Q23: 0 | R23: 0 | S23: 0 | T23: 0 | U23: 0 | V23: 0 | W23: 0 | X23: 0 | Y23: =SUM(M23:P23) -> 0 | Z23: =SUM(Q23:U23) -> 0 | AA23: =SUM(M23:N23) -> 0 | AB23: =SUM(Q23:R23,U23) -> 0 | AC23: 0.39
A24: 43154 | B24: 1749 | C24: 1819 | D24: =CHOOSE(WEEKDAY(A24),"Fred/Anne", "Jane", "Phil","Sue/Panos","Shawn/Owens","Jeff", "Rob") -> Jeff | E24: Y | F24: 0.76736111 | G24: 0.77430556 | H24: =G24-F24 -> 0.0069444444 | I24: 0.17 | J24: 34 | K24: 34 | L24: Dry; roadside snow | M24: 0 | N24: 0 | O24: 0 | P24: 0 | Q24: 0 | R24: 0 | S24: 0 | T24: 0 | U24: 0 | V24: 0 | W24: 0 | X24: 0 | Y24: =SUM(M24:P24) -> 0 | Z24: =SUM(Q24:U24) -> 0 | AA24: =SUM(M24:N24) -> 0 | AB24: =SUM(Q24:R24,U24) -> 0 | AC24: 0.5
A25: 43155 | B25: 1751 | C25: 1821 | D25: =CHOOSE(WEEKDAY(A25),"Fred/Anne", "Jane", "Phil","Sue/Panos","Shawn/Owens","Jeff", "Rob") -> Rob | E25: y | F25: 0.75 | G25: 0.76041667 | H25: =G25-F25 -> 0.010416667 | I25: 0.25 | J25: 38 | M25: 0 | N25: 0 | O25: 0 | P25: 0 | Q25: 0 | R25: 0 | S25: 0 | T25: 0 | U25: 0 | V25: 0 | W25: 0 | X25: 0 | Y25: =SUM(M25:P25) -> 0 | Z25: =SUM(Q25:U25) -> 0 | AA25: =SUM(M25:N25) -> 0 | AB25: =SUM(Q25:R25,U25) -> 0 | AC25: 0.61
A26: 43156 | B26: 1752 | C26: 1822 | D26: =CHOOSE(WEEKDAY(A26),"Fred/Anne", "Jane", "Phil","Sue/Panos","Shawn/Owens","Jeff", "Rob") -> Fred/Anne | H26: =G26-F26 -> 0 | M26: 0 | N26: 0 | O26: 0 | P26: 0 | Q26: 0 | R26: 0 | S26: 0 | T26: 0 | U26: 0 | V26: 0 | W26: 0 | X26: 0 | Y26: =SUM(M26:P26) -> 0 | Z26: =SUM(Q26:U26) -> 0 | AA26: =SUM(M26:N26) -> 0 | AB26: =SUM(Q26:R26,U26) -> 0 | AC26: 0.72
A27: 43157 | B27: 1754 | C27: 1823 | D27: =CHOOSE(WEEKDAY(A27),"Fred/Anne", "Jane", "Phil","Sue/Panos","Shawn/Owens","Jeff", "Rob") -> Jane | E27: N | F27: 0.75 | G27: 0.75 | H27: =G27-F27 -> 0 | J27: 41 | K27: 41 | L27: Dry | M27: 0 | N27: 0 | O27: 0 | P27: 0 | Q27: 0 | R27: 0 | S27: 0 | T27: 0 | U27: 0 | V27: 0 | W27: 0 | X27: 0 | Y27: =SUM(M27:P27) -> 0 | Z27: =SUM(Q27:U27) -> 0 | AA27: =SUM(M27:N27) -> 0 | AB27: =SUM(Q27:R27,U27) -> 0 | AC27: 0.82
A28: 43158 | B28: 1755 | C28: 1825 | D28: =CHOOSE(WEEKDAY(A28),"Fred/Anne", "Jane", "Phil/Tom","Sue/Panos","Shawn/Owens","Jeff", "Rob") -> Phil/Tom | E28: Y | F28: 0.76388889 | G28: 0.79861111 | H28: =G28-F28 -> 0.034722222 | I28: 0.75 | J28: 43 | K28: 42 | L28: overcast, wet pavement | M28: 0 | N28: 0 | O28: 0 | P28: 0 | Q28: 0 | R28: 0 | S28: 0 | T28: 0 | U28: 0 | V28: 0 | W28: 0 | X28: 0 | Y28: =SUM(M28:P28) -> 0 | Z28: =SUM(Q28:U28) -> 0 | AA28: =SUM(M28:N28) -> 0 | AB28: =SUM(Q28:R28,U28) -> 0 | AC28: 0.9
A29: 43159 | B29: 1756 | C29: 1826 | D29: =CHOOSE(WEEKDAY(A29),"Fred/Anne", "Jane", "Phil","Sue/Panos","Shawn/Owens","Jeff", "Rob") -> Sue/Panos | E29: Y | F29: 0.77083333 | G29: 0.78472222 | H29: =G29-F29 -> 0.013888889 | I29: 0.25 | J29: 43 | K29: 43 | L29: Light rain, chilly & humid | M29: 0 | N29: 0 | O29: 0 | P29: 0 | Q29: 0 | R29: 0 | S29: 0 | T29: 0 | U29: 0 | V29: 0 | W29: 0 | X29: 0 | Y29: =SUM(M29:P29) -> 0 | Z29: =SUM(Q29:U29) -> 0 | AA29: =SUM(M29:N29) -> 0 | AB29: =SUM(Q29:R29,U29) -> 0 | AC29: 0.96 | AD29: No sign of frog movement on either road. It was chilly due to high humidity and cold temp.
A30: 43170 | B30: xxxx | C30: xxxx | D30: Fred/Anne | E30: Y | F30: 0.78125 | G30: 0.77777778 | H30: =G30-F30 -> -0.0034722222 | J30: 60 | K30: 53 | L30: Dry | M30: 0 | N30: 0 | O30: 0 | P30: 0 | Q30: 0 | R30: 0 | S30: 0 | T30: 0 | U30: 0 | V30: 0 | W30: 0 | X30: 0 | Y30: 0 | Z30: 0 | AA30: 0 | AB30: 0 | AC30: x
A31: xx/xx/xxxx | B31: xxxx | C31: xxxx | H31: =G31-F31 -> 0 | M31: xxxx | N31: xxxx | O31: xxxx | P31: xxxx | Q31: xxxx | R31: xxxx | S31: xxxx | T31: xxxx | U31: xxxx | V31: xxxx | W31: xxxx | X31: xxxx | Y31: xxxx | Z31: xxxx | AA31: xxxx | AB31: xxxx | AC31: x
A32: xx/xx/xxxx | B32: xxxx | C32: xxxx | H32: =G32-F32 -> 0 | M32: xxxx | N32: xxxx | O32: xxxx | P32: xxxx | Q32: xxxx | R32: xxxx | S32: xxxx | T32: xxxx | U32: xxxx | V32: xxxx | W32: xxxx | X32: xxxx | Y32: xxxx | Z32: xxxx | AA32: xxxx | AB32: xxxx | AC32: x
E33: Monthly total | H33: =SUM(H3:H32) -> 0.78819444 | I33: =SUM(I2:I29) -> 46.524167 | M33: =SUM(M2:M29) -> 12 | N33: =SUM(N2:N29) -> 0 | O33: =SUM(O2:O29) -> 1 | P33: =SUM(P2:P29) -> 0 | Q33: =SUM(Q2:Q29) -> 7 | R33: =SUM(R2:R29) -> 0 | S33: =SUM(S2:S29) -> 1 | T33: =SUM(T2:T29) -> 0 | ... Z33: =SUM(Z2:Z29) -> 8 | AA33: =SUM(AA2:AA32) -> 12 | AB33: =SUM(AB2:AB32) -> 7
E34: Cumulative Total | H34: ='November 2017'!H$33+'December 2017'!H$33+'January 2018'!H$33+'February 2018'!H$33 -> 3.66875 | I34: ='November 2017'!I$33+'December 2017'!I$33+'January 2018'!I$33+'February 2018'!I$33 -> 324.82986 | M34: ='November 2017'!M$33+'December 2017'!M$33+'January 2018'!M$33+'February 2018'!M$33 -> 126 | N34: ='November 2017'!N$33+'December 2017'!N$33+'January 2018'!N$33+'February 2018'!N$33 -> 281 | O34: ='November 2017'!O$33+'December 2017'!O$33+'January 2018'!O$33+'February 2018'!O$33 -> 5 | P34: ='November 2017'!P$33+'December 2017'!P$33+'January 2018'!P$33+'February 2018'!P$33 -> 8 | Q34: ='November 2017'!Q$33+'December 2017'!Q$33+'January 2018'!Q$33+'February 2018'!Q$33 -> 15 | R34: ='November 2017'!R$33+'December 2017'!R$33+'January 2018'!R$33+'February 2018'!R$33 -> 0 | S34: ='November 2017'!S$33+'December 2017'!S$33+'January 2018'!S$33+'February 2018'!S$33 -> 7 | T34: ='November 2017'!T$33+'December 2017'!T$33+'January 2018'!T$33+'February 2018'!T$33 -> 1 | ... Z34: ='November 2017'!Z$33+'December 2017'!Z$33+'January 2018'!Z$33+'February 2018'!Z$33 -> 23 | AA34: ='November 2017'!AA33+'December 2017'!AA33+'January 2018'!AA33+'February 2018'!AA33 -> 407 | AB34: ='November 2017'!AB33+'December 2017'!AB33+'January 2018'!AB33+'February 2018'!AB33 -> 16
E35: Season Total | H35: ='November 2017'!H$33+'December 2017'!H$33+'January 2018'!H$33+'February 2018'!H$33+'March 2018'!H$33+'April 2018'!H$33 -> 5.1930556 | I35: ='November 2017'!I33+'December 2017'!I33+'January 2018'!I33+'February 2018'!I33+'March 2018'!I33+'April 2018'!I33 -> 486.30986 | M35: ='November 2017'!M33+'December 2017'!M33+'January 2018'!M33+'February 2018'!M33+'March 2018'!M33+'April 2018'!M33 -> 135 | N35: ='November 2017'!N33+'December 2017'!N33+'January 2018'!N33+'February 2018'!N33+'March 2018'!N33+'April 2018'!N33 -> 281 | O35: ='November 2017'!O33+'December 2017'!O33+'January 2018'!O33+'February 2018'!O33+'March 2018'!O33+'April 2018'!O33 -> 7 | P35: ='November 2017'!P33+'December 2017'!P33+'January 2018'!P33+'February 2018'!P33+'March 2018'!P33+'April 2018'!P33 -> 10 | Q35: ='November 2017'!Q33+'December 2017'!Q33+'January 2018'!Q33+'February 2018'!Q33+'March 2018'!Q33+'April 2018'!Q33 -> 104 | R35: ='November 2017'!R33+'December 2017'!R33+'January 2018'!R33+'February 2018'!R33+'March 2018'!R33+'April 2018'!R33 -> 165 | S35: ='November 2017'!S33+'December 2017'!S33+'January 2018'!S33+'February 2018'!S33+'March 2018'!S33+'April 2018'!S33 -> 9 | T35: ='November 2017'!T33+'December 2017'!T33+'January 2018'!T33+'February 2018'!T33+'March 2018'!T33+'April 2018'!T33 -> 7 | ... AB35: ='November 2017'!AB33+'December 2017'!AB33+'January 2018'!AB33+'February 2018'!AB33+'March 2018'!AB33+'April 2018'!AB33 -> 282
E36: 2016-17 Total | Y36: 834 | Z36: 751
E37: 2015-16 Total | Y37: 688 | Z37: 1040
E38: 2014-15 Total | Y38: 695 | Z38: 750
E39: 2013-14 Total | Y39: 580 | Z39: 572

Sheet March 2018
A1: Date | B1: Sunset | C1: Civil Twilight | D1: Captain | E1: Monitored (Y/N) | F1: Start time HH:MM | G1: End time HH:MM | H1: Hours monitored | I1: Team Hrs. | J1: Start temp | K1: End temp | L1: Weather | M1: Females assisted down | N1: Males assisted down | O1: Unassisted Females down | P1: Unasissted Males down | Q1: Females assisted up | R1: Males assisted up | S1: Unassisted females up | T1: Unassisted males up | U1: Juveniles assisted up | V1: Roadkill Females | W1: Roadkill Males | X1: Roadkill Unk | Y1: Total frogs down | Z1: Total frogs up | AA1: Total Frogs Assisted Down | AB1: Total Frogs Assisted Up | AC1: % moon visible | AD1: Comments
A2: 43160 | B2: 1758 | C2: 1828 | D2: =CHOOSE(WEEKDAY(A2),"Fred/Anne", "Jane", "Phil","Sue/Panos","Shawn/Orems","Jeff", "Rob") -> Shawn/Orems | E2: Y | F2: 0.77083333 | G2: 0.8125 | H2: =G2-F2 -> 0.041666667 | I2: 2 | J2: 44 | K2: 42 | L2: Intermittent light rain | M2: 0 | N2: 0 | O2: 0 | P2: 0 | Q2: 0 | R2: 0 | S2: 0 | T2: 0 | U2: 0 | V2: 0 | W2: 0 | X2: 0 | Y2: =SUM(M2:P2) -> 0 | Z2: =SUM(Q2:U2) -> 0 | AA2: =SUM(M2:N2) -> 0 | AB2: =SUM(Q2:R2,U2) -> 0 | AC2: 0.99
A3: 43161 | B3: 1759 | C3: 1829 | D3: =CHOOSE(WEEKDAY(A3),"Fred/Anne", "Jane", "Phil","Sue/Panos","Shawn/Owens","Jeff", "Rob") -> Jeff | E3: Y | F3: 0.73958333 | G3: 0.75347222 | H3: =G3-F3 -> 0.013888889 | I3: 0.3 | J3: 45 | K3: 43 | L3: Dry, partially cloudy | M3: 0 | N3: 0 | O3: 0 | P3: 0 | Q3: 0 | R3: 0 | S3: 0 | T3: 0 | U3: 0 | V3: 0 | W3: 0 | X3: 0 | Y3: =SUM(M3:P3) -> 0 | Z3: =SUM(Q3:U3) -> 0 | AA3: =SUM(M3:N3) -> 0 | AB3: =SUM(Q3:R3,U3) -> 0 | AC3: 1
A4: 43162 | B4: 1801 | C4: 1830 | D4: =CHOOSE(WEEKDAY(A4),"Fred/Anne", "Jane", "Phil","Sue/Panos","Shawn/Owens","Jeff", "Rob") -> Rob | E4: y | F4: 0.75 | G4: 0.76041667 | H4: =G4-F4 -> 0.010416667 | I4: 0.25 | J4: 39 | K4: 38 | L4: dry, clearing | M4: 0 | N4: 0 | O4: 0 | P4: 0 | Q4: 0 | R4: 0 | S4: 0 | T4: 0 | U4: 0 | V4: 0 | W4: 0 | X4: 0 | Y4: =SUM(M4:P4) -> 0 | Z4: =SUM(Q4:U4) -> 0 | AA4: =SUM(M4:N4) -> 0 | AB4: =SUM(Q4:R4,U4) -> 0 | AC4: 0.98
A5: 43163 | B5: 1802 | C5: 1832 | D5: =CHOOSE(WEEKDAY(A5),"Fred/Anne", "Jane", "Phil","Sue/Panos","Shawn/Owens","Jeff", "Rob") -> Fred/Anne | E5: Y | F5: 0.75 | G5: 0.78125 | H5: =G5-F5 -> 0.03125 | I5: 0.75 | J5: 43.5 | K5: 42.6 | L5: damp pavement, clouds | M5: 0 | N5: 0 | O5: 0 | P5: 0 | Q5: 0 | R5: 0 | S5: 0 | T5: 0 | U5: 0 | V5: 0 | W5: 0 | X5: 0 | Y5: =SUM(M5:P5) -> 0 | Z5: =SUM(Q5:U5) -> 0 | AA5: =SUM(M5:N5) -> 0 | AB5: =SUM(Q5:R5,U5) -> 0 | AC5: 0.93
A6: 43164 | B6: 1803 | C6: 1833 | D6: =CHOOSE(WEEKDAY(A6),"Fred/Anne", "Jane", "Phil","Sue/Panos","Shawn/Owens","Jeff", "Rob") -> Jane | E6: N | F6: 0.77083333 | G6: 0.77083333 | H6: =G6-F6 -> 0 | J6: 44 | L6: dry | M6: 0 | N6: 0 | O6: 0 | P6: 0 | Q6: 0 | R6: 0 | S6: 0 | T6: 0 | U6: 0 | V6: 0 | W6: 0 | X6: 0 | Y6: =SUM(M6:P6) -> 0 | Z6: =SUM(Q6:U6) -> 0 | AA6: =SUM(M6:N6) -> 0 | AB6: =SUM(Q6:R6,U6) -> 0 | AC6: 0.87
A7: 43165 | B7: 1805 | C7: 1834 | D7: =CHOOSE(WEEKDAY(A7),"Fred/Anne", "Jane", "Phil/Tom","Sue/Panos","Shawn/Owens","Jeff", "Rob") -> Phil/Tom | E7: N | F7: 0.77083333 | G7: 0.77083333 | H7: =G8-F8 -> 0 | I7: 0 | J7: 49 | K7: 49 | L7: Dry | M7: 0 | N7: 0 | O7: 0 | P7: 0 | Q7: 0 | R7: 0 | S7: 0 | T7: 0 | U7: 0 | V7: 0 | W7: 0 | X7: 0 | Y7: =SUM(M7:P7) -> 0 | Z7: =SUM(Q7:U7) -> 0 | AA7: =SUM(M7:N7) -> 0 | AB7: =SUM(Q7:R7,U7) -> 0 | AC7: 0.79
A8: 43166 | B8: 1806 | C8: 1836 | D8: =CHOOSE(WEEKDAY(A8),"Fred/Anne", "Jane", "Phil","Sue/Panos","Shawn/Owens","Jeff", "Rob") -> Sue/Panos | E8: N | F8: 0.77083333 | G8: 0.77083333 | H8: =F8-G8 -> 0 | J8: 47 | L8: Dry, brief late eve mist | M8: 0 | N8: 0 | O8: 0 | P8: 0 | Q8: 0 | R8: 0 | S8: 0 | T8: 0 | U8: 0 | V8: 0 | W8: 0 | X8: 0 | Y8: =SUM(M8:P8) -> 0 | Z8: =SUM(Q8:U8) -> 0 | AA8: =SUM(M8:N8) -> 0 | AB8: =SUM(Q8:R8,U8) -> 0 | AC8: 0.7 | AD8: Dots of moisture on pavement around 9:15 PM but nothing after that.
A9: 43167 | B9: 1807 | C9: 1837 | D9: =CHOOSE(WEEKDAY(A9),"Fred/Anne", "Jane", "Phil","Sue/Panos","Shawn/Owens","Jeff", "Rob") -> Shawn/Owens | E9: Y | F9: 0.77083333 | G9: 0.9375 | H9: =G9-F9 -> 0.16666667 | I9: 26 | J9: 53 | K9: 48 | L9: Mostly dry; some mist | M9: 7 | N9: 0 | O9: 1 | P9: 0 | Q9: 18 | R9: 3 | S9: 0 | T9: 1 | U9: 0 | V9: 1 | W9: 1 | X9: 0 | Y9: =SUM(M9:P9) -> 8 | Z9: =SUM(Q9:U9) -> 22 | AA9: =SUM(M9:N9) -> 7 | AB9: =SUM(Q9:R9,U9) -> 21 | AC9: 0.61 | AD9: 34 chorus frogs assisted down, mostly gravid
A10: 43168 | B10: 1809 | C10: 1838 | D10: =CHOOSE(WEEKDAY(A10),"Fred/Anne", "Jane", "Phil","Sue/Panos","Shawn/Owens","Jeff", "Rob") -> Jeff | E10: Y | F10: 0.85416667 | G10: 0.86111111 | H10: =G10-F10 -> 0.0069444444 | I10: 0.16 | J10: 42 | K10: 42 | L10: Bone dry, clear skies | M10: 0 | N10: 0 | O10: 0 | P10: 0 | Q10: 0 | R10: 0 | S10: 0 | T10: 0 | U10: 0 | V10: 0 | W10: 0 | X10: 0 | Y10: =SUM(M10:P10) -> 0 | Z10: =SUM(Q10:U10) -> 0 | AA10: =SUM(M10:N10) -> 0 | AB10: =SUM(Q10:R10,U10) -> 0 | AC10: 0.51
A11: 43169 | B11: 1810 | C11: 1840 | D11: =CHOOSE(WEEKDAY(A11),"Fred/Anne", "Jane", "Phil","Sue/Panos","Shawn/Owens","Jeff", "Rob") -> Rob | E11: y | F11: 0.79166667 | G11: 0.8125 | H11: =G11-F11 -> 0.020833333 | I11: 0.15 | J11: 48 | K11: 47 | L11: Bone dry, clear skies | M11: 0 | N11: 0 | O11: 0 | P11: 0 | Q11: 0 | R11: 0 | S11: 0 | T11: 0 | U11: 0 | V11: 0 | W11: 0 | X11: 0 | Y11: =SUM(M11:P11) -> 0 | Z11: =SUM(Q11:U11) -> 0 | AA11: =SUM(M11:N11) -> 0 | AB11: =SUM(Q11:R11,U11) -> 0 | AC11: 0.42
A12: 43170 | B12: 1911 | C12: 1941 | D12: =CHOOSE(WEEKDAY(A12),"Fred/Anne", "Jane", "Phil","Sue/Panos","Shawn/Owens","Jeff", "Rob") -> Fred/Anne | E12: Y | F12: 0.77777778 | G12: 0.78125 | H12: =G12-F12 -> 0.0034722222 | J12: 60 | K12: 53 | L12: Dry | M12: 0 | N12: 0 | O12: 0 | P12: 0 | Q12: 0 | R12: 0 | S12: 0 | T12: 0 | U12: 0 | V12: 0 | W12: 0 | X12: 0 | Y12: =SUM(M12:P12) -> 0 | Z12: =SUM(Q12:U12) -> 0 | AA12: =SUM(M12:N12) -> 0 | AB12: =SUM(Q12:R12,U12) -> 0 | AC12: 0.33
A13: 43171 | B13: 1913 | C13: 1942 | D13: =CHOOSE(WEEKDAY(A13),"Fred/Anne", "Jane", "Phil","Sue/Panos","Shawn/Owens","Jeff", "Rob") -> Jane | E13: Y | F13: 0.83333333 | G13: 0.84375 | H13: =G13-F13 -> 0.010416667 | J13: 61 | K13: 61 | L13: Dry | M13: 0 | N13: 0 | O13: 0 | P13: 0 | Q13: 0 | R13: 0 | S13: 0 | T13: 0 | U13: 0 | V13: 0 | W13: 0 | X13: 0 | Y13: =SUM(M13:P13) -> 0 | Z13: =SUM(Q13:U13) -> 0 | AA13: =SUM(M13:N13) -> 0 | AB13: =SUM(Q13:R13,U13) -> 0 | AC13: 0.24
A14: 43172 | B14: 1914 | C14: 1944 | D14: =CHOOSE(WEEKDAY(A14),"Fred/Anne", "Jane", "Phil/Tom","Sue/Panos","Shawn/Owens","Jeff", "Rob") -> Phil/Tom | E14: Y | F14: 0.79166667 | G14: 0.95833333 | H14: =G14-F14 -> 0.16666667 | I14: 31.75 | J14: 50 | K14: 46 | L14: lite rain | M14: 2 | N14: 0 | O14: 0 | P14: 0 | Q14: 19 | R14: 29 | S14: 0 | T14: 0 | U14: 3 | V14: 0 | W14: 0 | X14: 2 | Y14: =SUM(M14:P14) -> 2 | Z14: =SUM(Q14:U14) -> 51 | AA14: =SUM(M14:N14) -> 2 | AB14: =SUM(Q14:R14,U14) -> 51 | AC14: 0.17 | AD14: 1 long toed and 1 northwestern salamamder assisted up
A15: 43173 | B15: 1915 | C15: 1945 | D15: =CHOOSE(WEEKDAY(A15),"Fred/Anne", "Jane", "Phil","Sue/Panos","Shawn/Owens","Jeff", "Rob") -> Sue/Panos | E15: Y | F15: 0.79166667 | G15: 0.85416667 | H15: =G15-F15 -> 0.0625 | I15: 7.5 | J15: 47 | K15: 47 | L15: Overcast and dry | M15: 0 | N15: 0 | O15: 0 | P15: 0 | Q15: 0 | R15: 0 | S15: 0 | T15: 0 | U15: 0 | V15: 0 | W15: 0 | X15: 0 | Y15: =SUM(M15:P15) -> 0 | Z15: =SUM(Q15:U15) -> 0 | AA15: =SUM(M15:N15) -> 0 | AB15: =SUM(Q15:R15,U15) -> 0 | AC15: 0.1
A16: 43174 | B16: 1917 | C16: 1946 | D16: =CHOOSE(WEEKDAY(A16),"Fred/Anne", "Jane", "Phil","Sue/Panos","Shawn/Orems","Jeff", "Rob") -> Shawn/Orems | E16: Y | F16: 0.8125 | G16: 0.85416667 | H16: =G16-F16 -> 0.041666667 | I16: 3.5 | J16: 50; 44 | K16: 45; 43 | L16: Brief mist 7:30then dry; 10-10:30 steady rain | M16: 0 | N16: 0 | O16: 0 | P16: 0 | Q16: 0 | R16: 1 | S16: 0 | T16: 0 | U16: 0 | V16: 0 | W16: 0 | X16: 0 | Y16: =SUM(M16:P16) -> 0 | Z16: =SUM(Q16:U16) -> 1 | AA16: =SUM(M16:N16) -> 0 | AB16: =SUM(Q16:R16,U16) -> 1 | AC16: 0.05 | AD16: Two trips out; 1 male up on 2nd trip
A17: 43175 | B17: 1918 | C17: 1948 | D17: =CHOOSE(WEEKDAY(A17),"Fred/Anne", "Jane", "Phil","Sue/Panos","Shawn/Owens","Jeff", "Rob") -> Jeff | E17: Y | F17: 0.80555556 | G17: 0.8125 | H17: =G17-F17 -> 0.0069444444 | I17: 0.17 | J17: 46 | K17: 46 | L17: Dry, broken cloud cover | M17: 0 | N17: 0 | O17: 0 | P17: 0 | Q17: 0 | R17: 0 | S17: 0 | T17: 0 | U17: 0 | V17: 0 | W17: 0 | X17: 0 | Y17: =SUM(M17:P17) -> 0 | Z17: =SUM(Q17:U17) -> 0 | AA17: =SUM(M17:N17) -> 0 | AB17: =SUM(Q17:R17,U17) -> 0 | AC17: 0.02
A18: 43176 | B18: 1919 | C18: 1949 | D18: =CHOOSE(WEEKDAY(A18),"Fred/Anne", "Jane", "Phil","Sue/Panos","Shawn/Owens","Jeff", "Rob") -> Rob | F18: 0.79166667 | G18: 0.8125 | H18: =G18-F18 -> 0.020833333 | I18: 1 | J18: 48 | K18: 43 | L18: dry, cloudy | M18: 0 | N18: 0 | O18: 0 | P18: 0 | Q18: 0 | R18: 0 | S18: 0 | T18: 0 | U18: 0 | V18: 0 | W18: 0 | X18: 0 | Y18: =SUM(M18:P18) -> 0 | Z18: =SUM(Q18:U18) -> 0 | AA18: =SUM(M18:N18) -> 0 | AB18: =SUM(Q18:R18,U18) -> 0 | AC18: 0
A19: 43177 | B19: 1921 | C19: 1950 | D19: =CHOOSE(WEEKDAY(A19),"Fred/Anne", "Jane", "Phil","Sue/Panos","Shawn/Owens","Jeff", "Rob") -> Fred/Anne | E19: Y | F19: 0.78819444 | G19: 0.82638889 | H19: =G19-F19 -> 0.038194444 | J19: 46 | K19: 44 | L19: dry, cloudy | M19: 0 | N19: 0 | O19: 0 | P19: 0 | Q19: 0 | R19: 0 | S19: 0 | T19: 0 | U19: 0 | V19: 0 | W19: 0 | X19: 0 | Y19: =SUM(M19:P19) -> 0 | Z19: =SUM(Q19:U19) -> 0 | AA19: =SUM(M19:N19) -> 0 | AB19: =SUM(Q19:R19,U19) -> 0 | AC19: 0.01
A20: 43178 | B20: 1922 | C20: 1952 | D20: =CHOOSE(WEEKDAY(A20),"Fred/Anne", "Jane", "Phil","Sue/Panos","Shawn/Owens","Jeff", "Rob") -> Jane | E20: N | F20: 0.8125 | G20: 0.8125 | H20: =G20-F20 -> 0 | J20: 49 | L20: Dry, clear | M20: 0 | N20: 0 | O20: 0 | P20: 0 | Q20: 0 | R20: 0 | S20: 0 | T20: 0 | U20: 0 | V20: 0 | W20: 0 | X20: 0 | Y20: =SUM(M20:P20) -> 0 | Z20: =SUM(Q20:U20) -> 0 | AA20: =SUM(M20:N20) -> 0 | AB20: =SUM(Q20:R20,U20) -> 0 | AC20: 0.04
A21: 43179 | B21: 1923 | C21: 1953 | D21: =CHOOSE(WEEKDAY(A21),"Fred/Anne", "Jane", "Phil/Tom","Sue/Panos","Shawn/Owens","Jeff", "Rob") -> Phil/Tom | E21: N | F21: 0.8125 | G21: 0.8125 | H21: =G21-F21 -> 0 | J21: 54 | L21: dry, clear | M21: 0 | N21: 0 | O21: 0 | P21: 0 | Q21: 0 | R21: 0 | S21: 0 | T21: 0 | U21: 0 | V21: 0 | W21: 0 | X21: 0 | Y21: =SUM(M21:P21) -> 0 | Z21: =SUM(Q21:U21) -> 0 | AA21: =SUM(M21:N21) -> 0 | AB21: =SUM(Q21:R21,U21) -> 0 | AC21: 0.09
A22: 43180 | B22: 1925 | C22: 1954 | D22: =CHOOSE(WEEKDAY(A22),"Fred/Anne", "Jane", "Phil","Sue/Panos","Shawn/Owens","Jeff", "Rob") -> Sue/Panos | E22: Y | F22: 0.8125 | G22: 0.072916667 | H22: 0.26041667 | I22: 23.15 | J22: 50 | K22: 47 | L22: lite to heavy rain | M22: 0 | N22: 0 | O22: 1 | P22: 1 | Q22: 41 | R22: 110 | S22: 2 | T22: 4 | U22: 5 | V22: 1 | W22: 0 | X22: 4 | Y22: =SUM(M22:P22) -> 2 | Z22: =SUM(Q22:U22) -> 162 | AA22: =SUM(M22:N22) -> 0 | AB22: =SUM(Q22:R22,U22) -> 156 | AC22: 0.16 | AD22: 62 +chorus frogs, 5 Long-toed sal.; 1 Northwestern salamander
A23: 43181 | B23: 1926 | C23: 1956 | D23: =CHOOSE(WEEKDAY(A23),"Fred/Anne", "Jane", "Phil","Sue/Panos","Shawn/Orems","Jeff", "Rob") -> Shawn/Orems | E23: N | F23: 0.83333333 | G23: 0.83333333 | H23: =G23-F23 -> 0 | I23: 0 | J23: 43 | L23: Dry; temp dropping | M23: 0 | N23: 0 | O23: 0 | P23: 0 | Q23: 0 | R23: 0 | S23: 0 | T23: 0 | U23: 0 | V23: 0 | W23: 0 | X23: 0 | Y23: =SUM(M23:P23) -> 0 | Z23: =SUM(Q23:U23) -> 0 | AA23: =SUM(M23:N23) -> 0 | AB23: =SUM(Q23:R23,U23) -> 0 | AC23: 0.25
A24: 43182 | B24: 1927 | C24: 1957 | D24: =CHOOSE(WEEKDAY(A24),"Fred/Anne", "Jane", "Phil","Sue/Panos","Shawn/Owens","Jeff", "Rob") -> Jeff | E24: Y | F24: 0.83333333 | G24: 0.84722222 | H24: =G24-F24 -> 0.013888889 | I24: 0.3 | J24: 40 | K24: 40 | L24: Wet, cold steady rain | M24: 0 | N24: 0 | O24: 0 | P24: 0 | Q24: 0 | R24: 0 | S24: 0 | T24: 0 | U24: 0 | V24: 0 | W24: 0 | X24: 0 | Y24: =SUM(M24:P24) -> 0 | Z24: =SUM(Q24:U24) -> 0 | AA24: =SUM(M24:N24) -> 0 | AB24: =SUM(Q24:R24,U24) -> 0 | AC24: 0.35
A25: 43183 | B25: 1929 | C25: 1958 | D25: =CHOOSE(WEEKDAY(A25),"Fred/Anne", "Jane", "Phil","Sue/Panos","Shawn/Owens","Jeff", "Rob") -> Rob | H25: =G25-F25 -> 0 | M25: 0 | N25: 0 | O25: 0 | P25: 0 | Q25: 0 | R25: 0 | S25: 0 | T25: 0 | U25: 0 | V25: 0 | W25: 0 | X25: 0 | Y25: =SUM(M25:P25) -> 0 | Z25: =SUM(Q25:U25) -> 0 | AA25: =SUM(M25:N25) -> 0 | AB25: =SUM(Q25:R25,U25) -> 0 | AC25: 0.47
A26: 43184 | B26: 1930 | C26: 2000 | D26: =CHOOSE(WEEKDAY(A26),"Fred/Anne", "Jane", "Phil","Sue/Panos","Shawn/Owens","Jeff", "Rob") -> Fred/Anne | E26: Y | F26: 0.8125 | G26: 0.83333333 | H26: =G26-F26 -> 0.020833333 | I26: 0.5 | J26: 43 | K26: 40 | L26: Dry, cloudy | M26: 0 | N26: 0 | O26: 0 | P26: 0 | Q26: 0 | R26: 0 | S26: 0 | T26: 0 | U26: 0 | V26: 0 | W26: 0 | X26: 0 | Y26: =SUM(M26:P26) -> 0 | Z26: =SUM(Q26:U26) -> 0 | AA26: =SUM(M26:N26) -> 0 | AB26: =SUM(Q26:R26,U26) -> 0 | AC26: 0.58
A27: 43185 | B27: 1931 | C27: 2001 | D27: =CHOOSE(WEEKDAY(A27),"Fred/Anne", "Jane", "Phil","Sue/Panos","Shawn/Owens","Jeff", "Rob") -> Jane | E27: Y | F27: 0.8125 | G27: 0.92708333 | H27: =G27-F27 -> 0.11458333 | I27: 12 | J27: 49 | K27: 46 | L27: Dry, cloudy | M27: 0 | N27: 0 | O27: 0 | P27: 0 | Q27: 0 | R27: 1 | S27: 0 | T27: 0 | U27: 0 | V27: 0 | W27: 0 | X27: 0 | Y27: =SUM(M27:P27) -> 0 | Z27: =SUM(Q27:U27) -> 1 | AA27: =SUM(M27:N27) -> 0 | AB27: =SUM(Q27:R27,U27) -> 1 | AC27: 0.69
A28: 43186 | B28: 1932 | C28: 2002 | D28: =CHOOSE(WEEKDAY(A28),"Fred/Anne", "Jane", "Phil/Tom","Sue/Panos","Shawn/Owens","Jeff", "Rob") -> Phil/Tom | E28: Y | F28: 0.8125 | G28: 0.85416667 | H28: =G28-F28 -> 0.041666667 | J28: 52 | L28: cloudy & mostly dry pavement | M28: 0 | N28: 0 | O28: 0 | P28: 0 | Q28: 0 | R28: 0 | S28: 0 | T28: 0 | U28: 0 | V28: 0 | W28: 0 | X28: 0 | Y28: =SUM(M28:P28) -> 0 | Z28: =SUM(Q28:U28) -> 0 | AA28: =SUM(M28:N28) -> 0 | AB28: =SUM(Q28:R28,U28) -> 0 | AC28: 0.79
A29: 43187 | B29: 1934 | C29: 2004 | D29: =CHOOSE(WEEKDAY(A29),"Fred/Anne", "Jane", "Phil","Sue/Panos","Shawn/Owens","Jeff", "Rob") -> Sue/Panos | H29: =G29-F29 -> 0 | M29: 0 | N29: 0 | O29: 0 | P29: 0 | Q29: 0 | R29: 0 | S29: 0 | T29: 0 | U29: 0 | V29: 0 | W29: 0 | X29: 0 | Y29: =SUM(M29:P29) -> 0 | Z29: =SUM(Q29:U29) -> 0 | AA29: =SUM(M29:N29) -> 0 | AB29: =SUM(Q29:R29,U29) -> 0 | AC29: 0.88
A30: 43188 | B30: 1935 | C30: 2005 | D30: =CHOOSE(WEEKDAY(A30),"Fred/Anne", "Jane", "Phil","Sue/Panos","Shawn/Owens","Jeff", "Rob") -> Shawn/Owens | E30: N | F30: 0.83333333 | G30: 0.83333333 | H30: =G30-F30 -> 0 | J30: 54 | L30: Dry all day, light clouds | M30: 0 | N30: 0 | O30: 0 | P30: 0 | Q30: 0 | R30: 0 | S30: 0 | T30: 0 | U30: 0 | V30: 0 | W30: 0 | X30: 0 | Y30: =SUM(M30:P30) -> 0 | Z30: =SUM(Q30:U30) -> 0 | AA30: =SUM(M30:N30) -> 0 | AB30: =SUM(Q30:R30,U30) -> 0 | AC30: 0.94
A31: 43189 | B31: 1936 | C31: 2006 | D31: =CHOOSE(WEEKDAY(A31),"Fred/Anne", "Jane", "Phil","Sue/Panos","Shawn/Owens","Jeff", "Rob") -> Jeff | E31: N | F31: 0.78125 | G31: 0.78125 | H31: =G31-F31 -> 0 | I31: 0 | J31: 57 | L31: Dry all day, light clouds | M31: 0 | N31: 0 | O31: 0 | P31: 0 | Q31: 0 | R31: 0 | S31: 0 | T31: 0 | U31: 0 | V31: 0 | W31: 0 | X31: 0 | Y31: =SUM(M31:P31) -> 0 | Z31: =SUM(Q31:U31) -> 0 | AA31: =SUM(M31:N31) -> 0 | AB31: =SUM(Q31:R31,U31) -> 0 | AC31: 0.98
A32: 43190 | B32: 1938 | C32: 2008 | D32: =CHOOSE(WEEKDAY(A32),"Fred/Anne", "Jane", "Phil","Sue/Panos","Shawn/Owens","Jeff", "Rob") -> Rob | H32: =G32-F32 -> 0 | M32: 0 | N32: 0 | O32: 0 | P32: 0 | Q32: 0 | R32: 0 | S32: 0 | T32: 0 | U32: 0 | V32: 0 | W32: 0 | X32: 0 | Y32: =SUM(M32:P32) -> 0 | Z32: =SUM(Q32:U32) -> 0 | AA32: =SUM(M32:N32) -> 0 | AB32: =SUM(Q32:R32,U32) -> 0 | AC32: 1
A33: daylight savings time | E33: Monthly total | H33: =SUM(H3:H32) -> 1.0520833 | I33: =SUM(I2:I32) -> 109.48 | M33: =SUM(M2:M32) -> 9 | N33: =SUM(N2:N32) -> 0 | O33: =SUM(O2:O32) -> 2 | P33: =SUM(P2:P32) -> 1 | Q33: =SUM(Q2:Q32) -> 78 | R33: =SUM(R2:R32) -> 144 | S33: =SUM(S2:S32) -> 2 | T33: =SUM(T2:T32) -> 5 | ... AB33: =SUM(AB2:AB32) -> 230
E34: Cumulative Total | H34: ='November 2017'!H$33+'December 2017'!H$33+'January 2018'!H$33+'February 2018'!H$33+'March 2018'!H$33 -> 4.7208333 | I34: ='November 2017'!I$33+'December 2017'!I$33+'January 2018'!I$33+'February 2018'!I$33+'March 2018'!I$33 -> 434.30986 | M34: ='November 2017'!M$33+'December 2017'!M$33+'January 2018'!M$33+'February 2018'!M$33+'March 2018'!M$33 -> 135 | N34: ='November 2017'!N$33+'December 2017'!N$33+'January 2018'!N$33+'February 2018'!N$33+'March 2018'!N$33 -> 281 | O34: ='November 2017'!O$33+'December 2017'!O$33+'January 2018'!O$33+'February 2018'!O$33+'March 2018'!O$33 -> 7 | P34: ='November 2017'!P$33+'December 2017'!P$33+'January 2018'!P$33+'February 2018'!P$33+'March 2018'!P$33 -> 9 | Q34: ='November 2017'!Q$33+'December 2017'!Q$33+'January 2018'!Q$33+'February 2018'!Q$33+'March 2018'!Q$33 -> 93 | R34: ='November 2017'!R$33+'December 2017'!R$33+'January 2018'!R$33+'February 2018'!R$33+'March 2018'!R$33 -> 144 | S34: ='November 2017'!S$33+'December 2017'!S$33+'January 2018'!S$33+'February 2018'!S$33+'March 2018'!S$33 -> 9 | T34: ='November 2017'!T$33+'December 2017'!T$33+'January 2018'!T$33+'February 2018'!T$33+'March 2018'!T$33 -> 6 | ... Z34: ='November 2017'!Z$33+'December 2017'!Z$33+'January 2018'!Z$33+'February 2018'!Z$33+'March 2018'!Z$33 -> 260 | AA34: ='November 2017'!AA33+'December 2017'!AA33+'January 2018'!AA33+'February 2018'!AA33+'March 2018'!AA33 -> 416 | AB34: ='November 2017'!AB33+'December 2017'!AB33+'January 2018'!AB33+'February 2018'!AB33+'March 2018'!AB33 -> 246
E35: Season Total | H35: ='November 2017'!H$33+'December 2017'!H$33+'January 2018'!H$33+'February 2018'!H$33+'March 2018'!H$33+'April 2018'!H$33 -> 5.1930556 | I35: ='November 2017'!I33+'December 2017'!I33+'January 2018'!I33+'February 2018'!I33+'March 2018'!I33+'April 2018'!I33 -> 486.30986 | M35: ='November 2017'!M33+'December 2017'!M33+'January 2018'!M33+'February 2018'!M33+'March 2018'!M33+'April 2018'!M33 -> 135 | N35: ='November 2017'!N33+'December 2017'!N33+'January 2018'!N33+'February 2018'!N33+'March 2018'!N33+'April 2018'!N33 -> 281 | O35: ='November 2017'!O33+'December 2017'!O33+'January 2018'!O33+'February 2018'!O33+'March 2018'!O33+'April 2018'!O33 -> 7 | P35: ='November 2017'!P33+'December 2017'!P33+'January 2018'!P33+'February 2018'!P33+'March 2018'!P33+'April 2018'!P33 -> 10 | Q35: ='November 2017'!Q33+'December 2017'!Q33+'January 2018'!Q33+'February 2018'!Q33+'March 2018'!Q33+'April 2018'!Q33 -> 104 | R35: ='November 2017'!R33+'December 2017'!R33+'January 2018'!R33+'February 2018'!R33+'March 2018'!R33+'April 2018'!R33 -> 165 | S35: ='November 2017'!S33+'December 2017'!S33+'January 2018'!S33+'February 2018'!S33+'March 2018'!S33+'April 2018'!S33 -> 9 | T35: ='November 2017'!T33+'December 2017'!T33+'January 2018'!T33+'February 2018'!T33+'March 2018'!T33+'April 2018'!T33 -> 7 | ... AB35: ='November 2017'!AB33+'December 2017'!AB33+'January 2018'!AB33+'February 2018'!AB33+'March 2018'!AB33+'April 2018'!AB33 -> 282
E36: 2016-17 Total | Y36: 834 | Z36: 751
E37: 2015-16 Total | Y37: 688 | Z37: 1040
E38: 2014-15 Total | Y38: 695 | Z38: 750
E39: 2013-14 Total | Y39: 580 | Z39: 572

Sheet  sunrisesunset
A1: 2017 SUNRISE/SUNSET
B2: Jan. | D2: Feb. | F2: Mar. | H2: Apr. | J2: May | L2: June | N2: July | P2: Aug. | R2: Sept. | T2: Oct. | V2: Nov. | X2: Dec.
A3: Day | B3: Rise | C3: Set | D3: Rise | E3: Set | F3: Rise | G3: Set | H3: Rise | I3: Set | J3: Rise | K3: Set | L3: Rise | M3: Set | N3: Rise | O3: Set | P3: Rise | Q3: Set | R3: Rise | S3: Set | T3: Rise | U3: Set | V3: Rise | W3: Set | X3: Rise | Y3: Set
A4: 1 | B4: 751 | C4: 1638 | D4: 731 | E4: 1718 | F4: 648 | G4: 1758 | H4: 550 | I4: 1839 | J4: 458 | K4: 1918 | L4: 425 | M4: 1952 | N4: 426 | O4: 2003 | P4: 455 | Q4: 1938 | R4: 532 | S4: 1848 | T4: 609 | U4: 1750 | V4: 651 | W4: 1657 | X4: 731 | Y4: 1629
A5: 2 | B5: 751 | C5: 1639 | D5: 730 | E5: 1719 | F5: 647 | G5: 1759 | H5: 548 | I5: 1841 | J5: 457 | K5: 1919 | L5: 425 | M5: 1953 | N5: 427 | O5: 2003 | P5: 456 | Q5: 1937 | R5: 534 | S5: 1846 | T5: 611 | U5: 1748 | V5: 652 | W5: 1656 | X5: 732 | Y5: 1628
A6: 3 | B6: 751 | C6: 1640 | D6: 729 | E6: 1721 | F6: 645 | G6: 1801 | H6: 546 | I6: 1842 | J6: 455 | K6: 1920 | L6: 424 | M6: 1954 | N6: 427 | O6: 2002 | P6: 457 | Q6: 1935 | R6: 535 | S6: 1844 | T6: 612 | U6: 1746 | V6: 654 | W6: 1654 | X6: 733 | Y6: 1628
A7: 4 | B7: 751 | C7: 1641 | D7: 727 | E7: 1722 | F7: 643 | G7: 1802 | H7: 545 | I7: 1843 | J7: 454 | K7: 1922 | L7: 424 | M7: 1955 | N7: 428 | O7: 2002 | P7: 458 | Q7: 1934 | R7: 536 | S7: 1842 | T7: 613 | U7: 1744 | V7: 655 | W7: 1653 | X7: 734 | Y7: 1628
A8: 5 | B8: 751 | C8: 1642 | D8: 726 | E8: 1724 | F8: 641 | G8: 1804 | H8: 543 | I8: 1844 | J8: 452 | K8: 1923 | L8: 423 | M8: 1956 | N8: 429 | O8: 2002 | P8: 500 | Q8: 1933 | R8: 537 | S8: 1840 | T8: 614 | U8: 1743 | V8: 656 | W8: 1652 | X8: 735 | Y8: 1627
A9: 6 | B9: 750 | C9: 1643 | D9: 725 | E9: 1725 | F9: 639 | G9: 1805 | H9: 541 | I9: 1846 | J9: 451 | K9: 1924 | L9: 423 | M9: 1956 | N9: 429 | O9: 2001 | P9: 501 | Q9: 1931 | R9: 539 | S9: 1838 | T9: 616 | U9: 1741 | V9: 658 | W9: 1650 | X9: 736 | Y9: 1627
A10: 7 | B10: 750 | C10: 1644 | D10: 723 | E10: 1727 | F10: 637 | G10: 1806 | H10: 539 | I10: 1847 | J10: 450 | K10: 1925 | L10: 422 | M10: 1957 | N10: 430 | O10: 2001 | P10: 502 | Q10: 1930 | R10: 540 | S10: 1836 | T10: 617 | U10: 1739 | V10: 659 | W10: 1649 | X10: 737 | Y10: 1627
A11: 8 | B11: 750 | C11: 1646 | D11: 722 | E11: 1728 | F11: 636 | G11: 1808 | H11: 537 | I11: 1848 | J11: 448 | K11: 1927 | L11: 422 | M11: 1958 | N11: 431 | O11: 2000 | P11: 503 | Q11: 1928 | R11: 541 | S11: 1834 | T11: 618 | U11: 1737 | V11: 701 | W11: 1648 | X11: 738 | Y11: 1627
A12: 9 | B12: 750 | C12: 1647 | D12: 721 | E12: 1730 | F12: 634 | G12: 1809 | H12: 535 | I12: 1850 | J12: 447 | K12: 1928 | L12: 422 | M12: 1958 | N12: 432 | O12: 2000 | P12: 504 | Q12: 1927 | R12: 542 | S12: 1832 | T12: 620 | U12: 1735 | V12: 702 | W12: 1647 | X12: 739 | Y12: 1627
A13: 10 | B13: 749 | C13: 1648 | D13: 719 | E13: 1731 | F13: 632 | G13: 1810 | H13: 533 | I13: 1851 | J13: 446 | K13: 1929 | L13: 422 | M13: 1959 | N13: 432 | O13: 1959 | P13: 506 | Q13: 1925 | R13: 543 | S13: 1831 | T13: 621 | U13: 1733 | V13: 703 | W13: 1645 | X13: 740 | Y13: 1627
A14: 11 | B14: 749 | C14: 1649 | D14: 718 | E14: 1732 | F14: 630 | G14: 1812 | H14: 532 | I14: 1852 | J14: 444 | K14: 1930 | L14: 421 | M14: 1959 | N14: 433 | O14: 1959 | P14: 507 | Q14: 1924 | R14: 545 | S14: 1829 | T14: 622 | U14: 1732 | V14: 705 | W14: 1644 | X14: 741 | Y14: 1627
A15: 12 | B15: 748 | C15: 1650 | D15: 716 | E15: 1734 | F15: 628 | G15: 1813 | H15: 530 | I15: 1854 | J15: 443 | K15: 1932 | L15: 421 | M15: 2000 | N15: 434 | O15: 1958 | P15: 508 | Q15: 1922 | R15: 546 | S15: 1827 | T15: 623 | U15: 1730 | V15: 706 | W15: 1643 | X15: 742 | Y15: 1627
... A31: 28 | B31: 736 | C31: 1712 | D31: 650 | E31: 1757 | F31: 558 | G31: 1834 | H31: 503 | I31: 1914 | J31: 428 | K31: 1949 | L31: 424 | M31: 2003 | N31: 450 | O31: 1943 | P31: 528 | Q31: 1855 | R31: 606 | S31: 1756 | T31: 645 | U31: 1703 | V31: 727 | W31: 1630 | X31: 750 | Y31: 1635
A32: 29 | B32: 735 | C32: 1713 | F32: 556 | G32: 1835 | H32: 501 | I32: 1915 | J32: 427 | K32: 1950 | L32: 425 | M32: 2003 | N32: 452 | O32: 1942 | P32: 529 | Q32: 1853 | R32: 607 | S32: 1754 | T32: 647 | U32: 1701 | V32: 728 | W32: 1629 | X32: 751 | Y32: 1635
A33: 30 | B33: 734 | C33: 1715 | F33: 554 | G33: 1837 | H33: 500 | I33: 1917 | J33: 426 | K33: 1951 | L33: 425 | M33: 2003 | N33: 453 | O33: 1941 | P33: 530 | Q33: 1851 | R33: 608 | S33: 1752 | T33: 648 | U33: 1700 | V33: 730 | W33: 1629 | X33: 751 | Y33: 1636
A34: 31 | B34: 732 | C34: 1716 | F34: 552 | G34: 1838 | J34: 426 | K34: 1952 | N34: 454 | O34: 1939 | P34: 531 | Q34: 1849 | T34: 649 | U34: 1659 | X34: 751 | Y34: 1637
A37: 2018 SUNRISE/SUNSET
B38: Jan. | D38: Feb. | F38: Mar. | H38: Apr. | J38: May | L38: June | N38: July | P38: Aug. | R38: Sept. | T38: Oct. | V38: Nov. | X38: Dec.
A39: Day | B39: Rise | C39: Set | D39: Rise | E39: Set | F39: Rise | G39: Set | H39: Rise | I39: Set | J39: Rise | K39: Set | L39: Rise | M39: Set | N39: Rise | O39: Set | P39: Rise | Q39: Set | R39: Rise | S39: Set | T39: Rise | U39: Set | V39: Rise | W39: Set | X39: Rise | Y39: Set
A40: 1 | B40: 751 | C40: 1638 | D40: 731 | E40: 1717 | F40: 649 | G40: 1758 | H40: 551 | I40: 1839 | J40: 459 | K40: 1918 | L40: 425 | M40: 1952 | N40: 426 | O40: 2003 | P40: 455 | Q40: 1938 | R40: 532 | S40: 1848 | T40: 609 | U40: 1751 | V40: 650 | W40: 1657 | X40: 730 | Y40: 1629
A41: 2 | B41: 751 | C41: 1639 | D41: 730 | E41: 1719 | F41: 647 | G41: 1759 | H41: 549 | I41: 1840 | J41: 457 | K41: 1919 | L41: 425 | M41: 1953 | N41: 426 | O41: 2003 | P41: 456 | Q41: 1937 | R41: 533 | S41: 1846 | T41: 610 | U41: 1749 | V41: 652 | W41: 1656 | X41: 732 | Y41: 1628
A42: 3 | B42: 751 | C42: 1640 | D42: 729 | E42: 1720 | F42: 645 | G42: 1801 | H42: 547 | I42: 1842 | J42: 456 | K42: 1920 | L42: 424 | M42: 1954 | N42: 427 | O42: 2002 | P42: 457 | Q42: 1936 | R42: 535 | S42: 1844 | T42: 611 | U42: 1747 | V42: 653 | W42: 1655 | X42: 733 | Y42: 1628
A43: 4 | B43: 751 | C43: 1641 | D43: 728 | E43: 1722 | F43: 643 | G43: 1802 | H43: 545 | I43: 1843 | J43: 454 | K43: 1921 | L43: 424 | M43: 1955 | N43: 428 | O43: 2002 | P43: 458 | Q43: 1934 | R43: 536 | S43: 1842 | T43: 613 | U43: 1745 | V43: 655 | W43: 1653 | X43: 734 | Y43: 1628
A44: 5 | B44: 751 | C44: 1642 | D44: 726 | E44: 1723 | F44: 642 | G44: 1803 | H44: 543 | I44: 1844 | J44: 453 | K44: 1923 | L44: 423 | M44: 1955 | N44: 428 | O44: 2002 | P44: 459 | Q44: 1933 | R44: 537 | S44: 1841 | T44: 614 | U44: 1743 | V44: 656 | W44: 1652 | X44: 735 | Y44: 1627
A45: 6 | B45: 750 | C45: 1643 | D45: 725 | E45: 1725 | F45: 640 | G45: 1805 | H45: 541 | I45: 1845 | J45: 451 | K45: 1924 | L45: 423 | M45: 1956 | N45: 429 | O45: 2001 | P45: 501 | Q45: 1932 | R45: 538 | S45: 1839 | T45: 615 | U45: 1741 | V45: 657 | W45: 1651 | X45: 736 | Y45: 1627
A46: 7 | B46: 750 | C46: 1644 | D46: 724 | E46: 1726 | F46: 638 | G46: 1806 | H46: 539 | I46: 1847 | J46: 450 | K46: 1925 | L46: 423 | M46: 1957 | N46: 430 | O46: 2001 | P46: 502 | Q46: 1930 | R46: 539 | S46: 1837 | T46: 617 | U46: 1739 | V46: 659 | W46: 1649 | X46: 737 | Y46: 1627
A47: 8 | B47: 750 | C47: 1645 | D47: 722 | E47: 1728 | F47: 636 | G47: 1807 | H47: 538 | I47: 1848 | J47: 449 | K47: 1926 | L47: 422 | M47: 1958 | N47: 431 | O47: 2001 | P47: 503 | Q47: 1929 | R47: 541 | S47: 1835 | T47: 618 | U47: 1737 | V47: 700 | W47: 1648 | X47: 738 | Y47: 1627
A48: 9 | B48: 750 | C48: 1646 | D48: 721 | E48: 1729 | F48: 634 | G48: 1809 | H48: 536 | I48: 1849 | J48: 447 | K48: 1928 | L48: 422 | M48: 1958 | N48: 431 | O48: 2000 | P48: 504 | Q48: 1927 | R48: 542 | S48: 1833 | T48: 619 | U48: 1736 | V48: 702 | W48: 1647 | X48: 739 | Y48: 1627
A49: 10 | B49: 749 | C49: 1648 | D49: 720 | E49: 1731 | F49: 632 | G49: 1810 | H49: 534 | I49: 1851 | J49: 446 | K49: 1929 | L49: 422 | M49: 1959 | N49: 432 | O49: 1959 | P49: 505 | Q49: 1926 | R49: 543 | S49: 1831 | T49: 621 | U49: 1734 | V49: 703 | W49: 1646 | X49: 740 | Y49: 1627
A50: 11 | B50: 749 | C50: 1649 | D50: 718 | E50: 1732 | F50: 630 | G50: 1811 | H50: 532 | I50: 1852 | J50: 445 | K50: 1930 | L50: 422 | M50: 1959 | N50: 433 | O50: 1959 | P50: 507 | Q50: 1924 | R50: 544 | S50: 1829 | T50: 622 | U50: 1732 | V50: 704 | W50: 1644 | X50: 741 | Y50: 1627
A51: 12 | B51: 748 | C51: 1650 | D51: 717 | E51: 1734 | F51: 629 | G51: 1813 | H51: 530 | I51: 1853 | J51: 443 | K51: 1931 | L51: 421 | M51: 2000 | N51: 434 | O51: 1958 | P51: 508 | Q51: 1923 | R51: 546 | S51: 1827 | T51: 623 | U51: 1730 | V51: 706 | W51: 1643 | X51: 742 | Y51: 1627
... A67: 28 | B67: 736 | C67: 1712 | D67: 650 | E67: 1756 | F67: 558 | G67: 1834 | H67: 503 | I67: 1914 | J67: 428 | K67: 1949 | L67: 424 | M67: 2003 | N67: 450 | O67: 1943 | P67: 527 | Q67: 1855 | R67: 605 | S67: 1756 | T67: 645 | U67: 1703 | V67: 727 | W67: 1630 | X67: 750 | Y67: 1634
A68: 29 | B68: 735 | C68: 1713 | F68: 556 | G68: 1835 | H68: 502 | I68: 1915 | J68: 427 | K68: 1950 | L68: 425 | M68: 2003 | N68: 451 | O68: 1942 | P68: 528 | Q68: 1854 | R68: 606 | S68: 1754 | T68: 646 | U68: 1702 | V68: 728 | W68: 1630 | X68: 750 | Y68: 1635
A69: 30 | B69: 734 | C69: 1715 | F69: 554 | G69: 1836 | H69: 500 | I69: 1916 | J69: 426 | K69: 1951 | L69: 425 | M69: 2003 | N69: 452 | O69: 1941 | P69: 530 | Q69: 1852 | R69: 608 | S69: 1752 | T69: 648 | U69: 1700 | V69: 729 | W69: 1629 | X69: 751 | Y69: 1636
A70: 31 | B70: 733 | C70: 1716 | F70: 553 | G70: 1838 | J70: 426 | K70: 1951 | N70: 454 | O70: 1940 | P70: 531 | Q70: 1850 | T70: 649 | U70: 1659 | X70: 751 | Y70: 1637
A73: 2017 CIVIL TWILIGHT
B74: Jan. | D74: Feb. | F74: Mar. | H74: Apr. | J74: May | L74: June | N74: July | P74: Aug. | R74: Sept. | T74: Oct. | V74: Nov. | X74: Dec.
A75: Day | B75: Begin | C75: End | D75: Begin | E75: End | F75: Begin | G75: End | H75: Begin | I75: End | J75: Begin | K75: End | L75: Begin | M75: End | N75: Begin | O75: End | P75: Begin | Q75: End | R75: Begin | S75: End | T75: Begin | U75: End | V75: Begin | W75: End | X75: Begin | Y75: End
A76: 1 | B76: 717 | C76: 1712 | D76: 700 | E76: 1749 | F76: 619 | G76: 1828 | H76: 520 | I76: 1909 | J76: 425 | K76: 1951 | L76: 348 | M76: 2029 | N76: 348 | O76: 2041 | P76: 421 | Q76: 2012 | R76: 502 | S76: 1918 | T76: 540 | U76: 1820 | V76: 620 | W76: 1728 | X76: 657 | Y76: 1702
A77: 2 | B77: 717 | C77: 1713 | D77: 659 | E77: 1751 | F77: 617 | G77: 1829 | H77: 518 | I77: 1911 | J77: 424 | K77: 1952 | L77: 348 | M77: 2030 | N77: 349 | O77: 2040 | P77: 422 | Q77: 2011 | R77: 503 | S77: 1916 | T77: 541 | U77: 1818 | V77: 621 | W77: 1727 | X77: 658 | Y77: 1702
A78: 3 | B78: 717 | C78: 1714 | D78: 657 | E78: 1752 | F78: 615 | G78: 1831 | H78: 516 | I78: 1912 | J78: 422 | K78: 1954 | L78: 347 | M78: 2031 | N78: 350 | O78: 2040 | P78: 423 | Q78: 2009 | R78: 504 | S78: 1914 | T78: 542 | U78: 1816 | V78: 622 | W78: 1725 | X78: 659 | Y78: 1702
A79: 4 | B79: 717 | C79: 1715 | D79: 656 | E79: 1754 | F79: 613 | G79: 1832 | H79: 514 | I79: 1913 | J79: 421 | K79: 1955 | L79: 346 | M79: 2032 | N79: 350 | O79: 2040 | P79: 425 | Q79: 2008 | R79: 506 | S79: 1912 | T79: 544 | U79: 1814 | V79: 624 | W79: 1724 | X79: 700 | Y79: 1701
A80: 5 | B80: 717 | C80: 1716 | D80: 655 | E80: 1755 | F80: 611 | G80: 1833 | H80: 512 | I80: 1915 | J80: 419 | K80: 1956 | L80: 346 | M80: 2033 | N80: 351 | O80: 2039 | P80: 426 | Q80: 2006 | R80: 507 | S80: 1910 | T80: 545 | U80: 1812 | V80: 625 | W80: 1723 | X80: 701 | Y80: 1701
A81: 6 | B81: 717 | C81: 1717 | D81: 654 | E81: 1756 | F81: 610 | G81: 1835 | H81: 511 | I81: 1916 | J81: 417 | K81: 1958 | L81: 345 | M81: 2034 | N81: 352 | O81: 2039 | P81: 427 | Q81: 2005 | R81: 508 | S81: 1908 | T81: 546 | U81: 1810 | V81: 626 | W81: 1722 | X81: 702 | Y81: 1701
A82: 7 | B82: 716 | C82: 1718 | D82: 652 | E82: 1758 | F82: 608 | G82: 1836 | H82: 509 | I82: 1917 | J82: 416 | K82: 1959 | L82: 345 | M82: 2035 | N82: 353 | O82: 2038 | P82: 429 | Q82: 2003 | R82: 510 | S82: 1906 | T82: 547 | U82: 1808 | V82: 628 | W82: 1720 | X82: 703 | Y82: 1701
A83: 8 | B83: 716 | C83: 1719 | D83: 651 | E83: 1759 | F83: 606 | G83: 1837 | H83: 507 | I83: 1919 | J83: 414 | K83: 2001 | L83: 345 | M83: 2035 | N83: 354 | O83: 2038 | P83: 430 | Q83: 2001 | R83: 511 | S83: 1904 | T83: 549 | U83: 1807 | V83: 629 | W83: 1719 | X83: 704 | Y83: 1701
A84: 9 | B84: 716 | C84: 1720 | D84: 650 | E84: 1800 | F84: 604 | G84: 1839 | H84: 505 | I84: 1920 | J84: 413 | K84: 2002 | L84: 344 | M84: 2036 | N84: 354 | O84: 2037 | P84: 431 | Q84: 2000 | R84: 512 | S84: 1902 | T84: 550 | U84: 1805 | V84: 630 | W84: 1718 | X84: 705 | Y84: 1701
A85: 10 | B85: 716 | C85: 1721 | D85: 648 | E85: 1802 | F85: 602 | G85: 1840 | H85: 503 | I85: 1922 | J85: 412 | K85: 2003 | L85: 344 | M85: 2037 | N85: 355 | O85: 2036 | P85: 433 | Q85: 1958 | R85: 513 | S85: 1900 | T85: 551 | U85: 1803 | V85: 632 | W85: 1717 | X85: 706 | Y85: 1701
A86: 11 | B86: 715 | C86: 1722 | D86: 647 | E86: 1803 | F86: 601 | G86: 1841 | H86: 501 | I86: 1923 | J86: 410 | K86: 2005 | L86: 344 | M86: 2037 | N86: 356 | O86: 2036 | P86: 434 | Q86: 1956 | R86: 515 | S86: 1859 | T86: 552 | U86: 1801 | V86: 633 | W86: 1716 | X86: 707 | Y86: 1701
A87: 12 | B87: 715 | C87: 1724 | D87: 646 | E87: 1805 | F87: 559 | G87: 1843 | H87: 459 | I87: 1924 | J87: 409 | K87: 2006 | L87: 344 | M87: 2038 | N87: 357 | O87: 2035 | P87: 435 | Q87: 1955 | R87: 516 | S87: 1857 | T87: 554 | U87: 1759 | V87: 634 | W87: 1715 | X87: 708 | Y87: 1701
... A103: 28 | B103: 704 | C103: 1744 | D103: 620 | E103: 1826 | F103: 528 | G103: 1904 | H103: 430 | I103: 1947 | J103: 351 | K103: 2025 | L103: 346 | M103: 2041 | N103: 416 | O103: 2018 | P103: 457 | Q103: 1926 | R103: 536 | S103: 1825 | T103: 614 | U103: 1734 | V103: 654 | W103: 1703 | X103: 716 | Y103: 1709
A104: 29 | B104: 703 | C104: 1745 | F104: 526 | G104: 1905 | H104: 429 | I104: 1948 | J104: 350 | K104: 2026 | L104: 347 | M104: 2041 | N104: 417 | O104: 2016 | P104: 458 | Q104: 1924 | R104: 537 | S104: 1823 | T104: 616 | U104: 1732 | V104: 655 | W104: 1703 | X104: 716 | Y104: 1710
A105: 30 | B105: 702 | C105: 1747 | F105: 524 | G105: 1907 | H105: 427 | I105: 1950 | J105: 350 | K105: 2028 | L105: 348 | M105: 2041 | N105: 418 | O105: 2015 | P105: 459 | Q105: 1922 | R105: 539 | S105: 1821 | T105: 617 | U105: 1731 | V105: 656 | W105: 1702 | X105: 717 | Y105: 1710
A106: 31 | B106: 701 | C106: 1748 | F106: 522 | G106: 1908 | J106: 349 | K106: 2029 | N106: 419 | O106: 2014 | P106: 501 | Q106: 1920 | T106: 618 | U106: 1729 | X106: 717 | Y106: 1711
A109: 2018 CIVIL TWILIGHT
B110: Jan. | D110: Feb. | F110: Mar. | H110: Apr. | J110: May | L110: June | N110: July | P110: Aug. | R110: Sept. | T110: Oct. | V110: Nov. | X110: Dec.
A111: Day | B111: Begin | C111: End | D111: Begin | E111: End | F111: Begin | G111: End | H111: Begin | I111: End | J111: Begin | K111: End | L111: Begin | M111: End | N111: Begin | O111: End | P111: Begin | Q111: End | R111: Begin | S111: End | T111: Begin | U111: End | V111: Begin | W111: End | X111: Begin | Y111: End
A112: 1 | B112: 717 | C112: 1712 | D112: 700 | E112: 1749 | F112: 619 | G112: 1828 | H112: 521 | I112: 1909 | J112: 426 | K112: 1951 | L112: 348 | M112: 2029 | N112: 348 | O112: 2041 | P112: 420 | Q112: 2012 | R112: 501 | S112: 1919 | T112: 539 | U112: 1820 | V112: 619 | W112: 1728 | X112: 657 | Y112: 1702
A113: 2 | B113: 717 | C113: 1713 | D113: 659 | E113: 1750 | F113: 617 | G113: 1829 | H113: 519 | I113: 1910 | J113: 424 | K113: 1952 | L113: 348 | M113: 2030 | N113: 349 | O113: 2040 | P113: 422 | Q113: 2011 | R113: 503 | S113: 1917 | T113: 541 | U113: 1818 | V113: 621 | W113: 1727 | X113: 658 | Y113: 1702
A114: 3 | B114: 717 | C114: 1714 | D114: 658 | E114: 1752 | F114: 615 | G114: 1830 | H114: 517 | I114: 1912 | J114: 423 | K114: 1953 | L114: 347 | M114: 2031 | N114: 349 | O114: 2040 | P114: 423 | Q114: 2010 | R114: 504 | S114: 1915 | T114: 542 | U114: 1816 | V114: 622 | W114: 1726 | X114: 659 | Y114: 1702
A115: 4 | B115: 717 | C115: 1715 | D115: 656 | E115: 1753 | F115: 614 | G115: 1832 | H115: 515 | I115: 1913 | J115: 421 | K115: 1955 | L115: 347 | M115: 2032 | N115: 350 | O115: 2040 | P115: 424 | Q115: 2008 | R115: 505 | S115: 1913 | T115: 543 | U115: 1814 | V115: 623 | W115: 1724 | X115: 700 | Y115: 1701
A116: 5 | B116: 717 | C116: 1716 | D116: 655 | E116: 1755 | F116: 612 | G116: 1833 | H116: 513 | I116: 1914 | J116: 419 | K116: 1956 | L116: 346 | M116: 2033 | N116: 351 | O116: 2039 | P116: 426 | Q116: 2006 | R116: 507 | S116: 1911 | T116: 544 | U116: 1813 | V116: 625 | W116: 1723 | X116: 701 | Y116: 1701
A117: 6 | B117: 717 | C117: 1717 | D117: 654 | E117: 1756 | F117: 610 | G117: 1834 | H117: 511 | I117: 1916 | J117: 418 | K117: 1957 | L117: 346 | M117: 2034 | N117: 352 | O117: 2039 | P117: 427 | Q117: 2005 | R117: 508 | S117: 1909 | T117: 546 | U117: 1811 | V117: 626 | W117: 1722 | X117: 702 | Y117: 1701
A118: 7 | B118: 716 | C118: 1718 | D118: 653 | E118: 1757 | F118: 608 | G118: 1836 | H118: 509 | I118: 1917 | J118: 416 | K118: 1959 | L118: 345 | M118: 2034 | N118: 352 | O118: 2038 | P118: 428 | Q118: 2003 | R118: 509 | S118: 1907 | T118: 547 | U118: 1809 | V118: 627 | W118: 1721 | X118: 703 | Y118: 1701
A119: 8 | B119: 716 | C119: 1719 | D119: 651 | E119: 1759 | F119: 606 | G119: 1837 | H119: 507 | I119: 1919 | J119: 415 | K119: 2000 | L119: 345 | M119: 2035 | N119: 353 | O119: 2038 | P119: 430 | Q119: 2002 | R119: 510 | S119: 1905 | T119: 548 | U119: 1807 | V119: 629 | W119: 1720 | X119: 704 | Y119: 1701
A120: 9 | B120: 716 | C120: 1720 | D120: 650 | E120: 1800 | F120: 605 | G120: 1838 | H120: 505 | I120: 1920 | J120: 413 | K120: 2002 | L120: 344 | M120: 2036 | N120: 354 | O120: 2037 | P120: 431 | Q120: 2000 | R120: 512 | S120: 1903 | T120: 550 | U120: 1805 | V120: 630 | W120: 1718 | X120: 705 | Y120: 1701
A121: 10 | B121: 716 | C121: 1721 | D121: 649 | E121: 1801 | F121: 603 | G121: 1840 | H121: 503 | I121: 1921 | J121: 412 | K121: 2003 | L121: 344 | M121: 2037 | N121: 355 | O121: 2036 | P121: 432 | Q121: 1959 | R121: 513 | S121: 1901 | T121: 551 | U121: 1803 | V121: 631 | W121: 1717 | X121: 706 | Y121: 1701
A122: 11 | B122: 715 | C122: 1722 | D122: 647 | E122: 1803 | F122: 601 | G122: 1841 | H122: 501 | I122: 1923 | J122: 411 | K122: 2004 | L122: 344 | M122: 2037 | N122: 356 | O122: 2036 | P122: 434 | Q122: 1957 | R122: 514 | S122: 1859 | T122: 552 | U122: 1802 | V122: 633 | W122: 1716 | X122: 707 | Y122: 1701
A123: 12 | B123: 715 | C123: 1723 | D123: 646 | E123: 1804 | F123: 559 | G123: 1842 | H123: 500 | I123: 1924 | J123: 409 | K123: 2006 | L123: 344 | M123: 2038 | N123: 357 | O123: 2035 | P123: 435 | Q123: 1955 | R123: 516 | S123: 1857 | T123: 553 | U123: 1800 | V123: 634 | W123: 1715 | X123: 708 | Y123: 1701
... A139: 28 | B139: 704 | C139: 1744 | D139: 621 | E139: 1826 | F139: 528 | G139: 1904 | H139: 431 | I139: 1946 | J139: 351 | K139: 2025 | L139: 346 | M139: 2041 | N139: 415 | O139: 2018 | P139: 456 | Q139: 1926 | R139: 536 | S139: 1826 | T139: 614 | U139: 1734 | V139: 654 | W139: 1703 | X139: 716 | Y139: 1709
A140: 29 | B140: 703 | C140: 1745 | F140: 526 | G140: 1905 | H140: 429 | I140: 1948 | J140: 351 | K140: 2026 | L140: 347 | M140: 2041 | N140: 417 | O140: 2017 | P140: 458 | Q140: 1924 | R140: 537 | S140: 1824 | T140: 615 | U140: 1733 | V140: 655 | W140: 1703 | X140: 716 | Y140: 1709
A141: 30 | B141: 702 | C141: 1746 | F141: 525 | G141: 1906 | H141: 427 | I141: 1949 | J141: 350 | K141: 2027 | L141: 347 | M141: 2041 | N141: 418 | O141: 2015 | P141: 459 | Q141: 1922 | R141: 538 | S141: 1822 | T141: 617 | U141: 1731 | V141: 656 | W141: 1703 | X141: 716 | Y141: 1710
A142: 31 | B142: 701 | C142: 1748 | F142: 523 | G142: 1908 | J142: 349 | K142: 2028 | N142: 419 | O142: 2014 | P142: 500 | Q142: 1920 | T142: 618 | U142: 1730 | X142: 717 | Y142: 1711

Sheet moon phases 2018
A1: Day Jan. Feb. Mar. Apr. May June July Aug. Sep. Oct. Nov. Dec. | B1: =IFERROR(__xludf.DUMMYFUNCTION("SPLIT(A1,"" "")"),"Day") -> Day | C1: =IFERROR(__xludf.DUMMYFUNCTION("""COMPUTED_VALUE"""),"Jan.") -> Jan. | D1: =IFERROR(__xludf.DUMMYFUNCTION("""COMPUTED_VALUE"""),"Feb.") -> Feb. | E1: =IFERROR(__xludf.DUMMYFUNCTION("""COMPUTED_VALUE"""),"Mar.") -> Mar. | F1: =IFERROR(__xludf.DUMMYFUNCTION("""COMPUTED_VALUE"""),"Apr.") -> Apr. | G1: =IFERROR(__xludf.DUMMYFUNCTION("""COMPUTED_VALUE"""),"May") -> May | H1: =IFERROR(__xludf.DUMMYFUNCTION("""COMPUTED_VALUE"""),"June") -> June | I1: =IFERROR(__xludf.DUMMYFUNCTION("""COMPUTED_VALUE"""),"July") -> July | J1: =IFERROR(__xludf.DUMMYFUNCTION("""COMPUTED_VALUE"""),"Aug.") -> Aug. | K1: =IFERROR(__xludf.DUMMYFUNCTION("""COMPUTED_VALUE"""),"Sep.") -> Sep. | L1: =IFERROR(__xludf.DUMMYFUNCTION("""COMPUTED_VALUE"""),"Oct.") -> Oct. | M1: =IFERROR(__xludf.DUMMYFUNCTION("""COMPUTED_VALUE"""),"Nov.") -> Nov. | N1: =IFERROR(__xludf.DUMMYFUNCTION("""COMPUTED_VALUE"""),"Dec.") -> Dec.
A2: 01 0.99 0.99 0.99 0.99 0.98 0.93 0.91 0.82 0.69 0.62 0.43 0.36 | B2: =IFERROR(__xludf.DUMMYFUNCTION("SPLIT(A2,"" "")"),1) -> 1 | C2: =IFERROR(__xludf.DUMMYFUNCTION("""COMPUTED_VALUE"""),0.99) -> 0.99 | D2: =IFERROR(__xludf.DUMMYFUNCTION("""COMPUTED_VALUE"""),0.99) -> 0.99 | E2: =IFERROR(__xludf.DUMMYFUNCTION("""COMPUTED_VALUE"""),0.99) -> 0.99 | F2: =IFERROR(__xludf.DUMMYFUNCTION("""COMPUTED_VALUE"""),0.99) -> 0.99 | G2: =IFERROR(__xludf.DUMMYFUNCTION("""COMPUTED_VALUE"""),0.98) -> 0.98 | H2: =IFERROR(__xludf.DUMMYFUNCTION("""COMPUTED_VALUE"""),0.93) -> 0.93 | I2: =IFERROR(__xludf.DUMMYFUNCTION("""COMPUTED_VALUE"""),0.91) -> 0.91 | J2: =IFERROR(__xludf.DUMMYFUNCTION("""COMPUTED_VALUE"""),0.82) -> 0.82 | K2: =IFERROR(__xludf.DUMMYFUNCTION("""COMPUTED_VALUE"""),0.69) -> 0.69 | L2: =IFERROR(__xludf.DUMMYFUNCTION("""COMPUTED_VALUE"""),0.62) -> 0.62 | M2: =IFERROR(__xludf.DUMMYFUNCTION("""COMPUTED_VALUE"""),0.43) -> 0.43 | N2: =IFERROR(__xludf.DUMMYFUNCTION("""COMPUTED_VALUE"""),0.36) -> 0.36
A3: 02 1.00 0.96 1.00 0.96 0.95 0.88 0.85 0.74 0.59 0.51 0.32 0.25 | B3: =IFERROR(__xludf.DUMMYFUNCTION("SPLIT(A3,"" "")"),2) -> 2 | C3: =IFERROR(__xludf.DUMMYFUNCTION("""COMPUTED_VALUE"""),1) -> 1 | D3: =IFERROR(__xludf.DUMMYFUNCTION("""COMPUTED_VALUE"""),0.96) -> 0.96 | E3: =IFERROR(__xludf.DUMMYFUNCTION("""COMPUTED_VALUE"""),1) -> 1 | F3: =IFERROR(__xludf.DUMMYFUNCTION("""COMPUTED_VALUE"""),0.96) -> 0.96 | G3: =IFERROR(__xludf.DUMMYFUNCTION("""COMPUTED_VALUE"""),0.95) -> 0.95 | H3: =IFERROR(__xludf.DUMMYFUNCTION("""COMPUTED_VALUE"""),0.88) -> 0.88 | I3: =IFERROR(__xludf.DUMMYFUNCTION("""COMPUTED_VALUE"""),0.85) -> 0.85 | J3: =IFERROR(__xludf.DUMMYFUNCTION("""COMPUTED_VALUE"""),0.74) -> 0.74 | K3: =IFERROR(__xludf.DUMMYFUNCTION("""COMPUTED_VALUE"""),0.59) -> 0.59 | L3: =IFERROR(__xludf.DUMMYFUNCTION("""COMPUTED_VALUE"""),0.51) -> 0.51 | M3: =IFERROR(__xludf.DUMMYFUNCTION("""COMPUTED_VALUE"""),0.32) -> 0.32 | N3: =IFERROR(__xludf.DUMMYFUNCTION("""COMPUTED_VALUE"""),0.25) -> 0.25
A4: 03 0.98 0.90 0.98 0.91 0.89 0.81 0.78 0.65 0.48 0.40 0.22 0.17 | B4: =IFERROR(__xludf.DUMMYFUNCTION("SPLIT(A4,"" "")"),3) -> 3 | C4: =IFERROR(__xludf.DUMMYFUNCTION("""COMPUTED_VALUE"""),0.98) -> 0.98 | D4: =IFERROR(__xludf.DUMMYFUNCTION("""COMPUTED_VALUE"""),0.9) -> 0.9 | E4: =IFERROR(__xludf.DUMMYFUNCTION("""COMPUTED_VALUE"""),0.98) -> 0.98 | F4: =IFERROR(__xludf.DUMMYFUNCTION("""COMPUTED_VALUE"""),0.91) -> 0.91 | G4: =IFERROR(__xludf.DUMMYFUNCTION("""COMPUTED_VALUE"""),0.89) -> 0.89 | H4: =IFERROR(__xludf.DUMMYFUNCTION("""COMPUTED_VALUE"""),0.81) -> 0.81 | I4: =IFERROR(__xludf.DUMMYFUNCTION("""COMPUTED_VALUE"""),0.78) -> 0.78 | J4: =IFERROR(__xludf.DUMMYFUNCTION("""COMPUTED_VALUE"""),0.65) -> 0.65 | K4: =IFERROR(__xludf.DUMMYFUNCTION("""COMPUTED_VALUE"""),0.48) -> 0.48 | L4: =IFERROR(__xludf.DUMMYFUNCTION("""COMPUTED_VALUE"""),0.4) -> 0.4 | M4: =IFERROR(__xludf.DUMMYFUNCTION("""COMPUTED_VALUE"""),0.22) -> 0.22 | N4: =IFERROR(__xludf.DUMMYFUNCTION("""COMPUTED_VALUE"""),0.17) -> 0.17
A5: 04 0.93 0.82 0.93 0.85 0.83 0.73 0.70 0.55 0.36 0.29 0.13 0.09 | B5: =IFERROR(__xludf.DUMMYFUNCTION("SPLIT(A5,"" "")"),4) -> 4 | C5: =IFERROR(__xludf.DUMMYFUNCTION("""COMPUTED_VALUE"""),0.93) -> 0.93 | D5: =IFERROR(__xludf.DUMMYFUNCTION("""COMPUTED_VALUE"""),0.82) -> 0.82 | E5: =IFERROR(__xludf.DUMMYFUNCTION("""COMPUTED_VALUE"""),0.93) -> 0.93 | F5: =IFERROR(__xludf.DUMMYFUNCTION("""COMPUTED_VALUE"""),0.85) -> 0.85 | G5: =IFERROR(__xludf.DUMMYFUNCTION("""COMPUTED_VALUE"""),0.83) -> 0.83 | H5: =IFERROR(__xludf.DUMMYFUNCTION("""COMPUTED_VALUE"""),0.73) -> 0.73 | I5: =IFERROR(__xludf.DUMMYFUNCTION("""COMPUTED_VALUE"""),0.7) -> 0.7 | J5: =IFERROR(__xludf.DUMMYFUNCTION("""COMPUTED_VALUE"""),0.55) -> 0.55 | K5: =IFERROR(__xludf.DUMMYFUNCTION("""COMPUTED_VALUE"""),0.36) -> 0.36 | L5: =IFERROR(__xludf.DUMMYFUNCTION("""COMPUTED_VALUE"""),0.29) -> 0.29 | M5: =IFERROR(__xludf.DUMMYFUNCTION("""COMPUTED_VALUE"""),0.13) -> 0.13 | N5: =IFERROR(__xludf.DUMMYFUNCTION("""COMPUTED_VALUE"""),0.09) -> 0.09
A6: 05 0.85 0.73 0.87 0.77 0.75 0.64 0.60 0.44 0.26 0.19 0.07 0.04 | B6: =IFERROR(__xludf.DUMMYFUNCTION("SPLIT(A6,"" "")"),5) -> 5 | C6: =IFERROR(__xludf.DUMMYFUNCTION("""COMPUTED_VALUE"""),0.85) -> 0.85 | D6: =IFERROR(__xludf.DUMMYFUNCTION("""COMPUTED_VALUE"""),0.73) -> 0.73 | E6: =IFERROR(__xludf.DUMMYFUNCTION("""COMPUTED_VALUE"""),0.87) -> 0.87 | F6: =IFERROR(__xludf.DUMMYFUNCTION("""COMPUTED_VALUE"""),0.77) -> 0.77 | G6: =IFERROR(__xludf.DUMMYFUNCTION("""COMPUTED_VALUE"""),0.75) -> 0.75 | H6: =IFERROR(__xludf.DUMMYFUNCTION("""COMPUTED_VALUE"""),0.64) -> 0.64 | I6: =IFERROR(__xludf.DUMMYFUNCTION("""COMPUTED_VALUE"""),0.6) -> 0.6 | J6: =IFERROR(__xludf.DUMMYFUNCTION("""COMPUTED_VALUE"""),0.44) -> 0.44 | K6: =IFERROR(__xludf.DUMMYFUNCTION("""COMPUTED_VALUE"""),0.26) -> 0.26 | L6: =IFERROR(__xludf.DUMMYFUNCTION("""COMPUTED_VALUE"""),0.19) -> 0.19 | M6: =IFERROR(__xludf.DUMMYFUNCTION("""COMPUTED_VALUE"""),0.07) -> 0.07 | N6: =IFERROR(__xludf.DUMMYFUNCTION("""COMPUTED_VALUE"""),0.04) -> 0.04
A7: 06 0.77 0.63 0.79 0.68 0.66 0.54 0.50 0.33 0.16 0.11 0.02 0.01 | B7: =IFERROR(__xludf.DUMMYFUNCTION("SPLIT(A7,"" "")"),6) -> 6 | C7: =IFERROR(__xludf.DUMMYFUNCTION("""COMPUTED_VALUE"""),0.77) -> 0.77 | D7: =IFERROR(__xludf.DUMMYFUNCTION("""COMPUTED_VALUE"""),0.63) -> 0.63 | E7: =IFERROR(__xludf.DUMMYFUNCTION("""COMPUTED_VALUE"""),0.79) -> 0.79 | F7: =IFERROR(__xludf.DUMMYFUNCTION("""COMPUTED_VALUE"""),0.68) -> 0.68 | G7: =IFERROR(__xludf.DUMMYFUNCTION("""COMPUTED_VALUE"""),0.66) -> 0.66 | H7: =IFERROR(__xludf.DUMMYFUNCTION("""COMPUTED_VALUE"""),0.54) -> 0.54 | I7: =IFERROR(__xludf.DUMMYFUNCTION("""COMPUTED_VALUE"""),0.5) -> 0.5 | J7: =IFERROR(__xludf.DUMMYFUNCTION("""COMPUTED_VALUE"""),0.33) -> 0.33 | K7: =IFERROR(__xludf.DUMMYFUNCTION("""COMPUTED_VALUE"""),0.16) -> 0.16 | L7: =IFERROR(__xludf.DUMMYFUNCTION("""COMPUTED_VALUE"""),0.11) -> 0.11 | M7: =IFERROR(__xludf.DUMMYFUNCTION("""COMPUTED_VALUE"""),0.02) -> 0.02 | N7: =IFERROR(__xludf.DUMMYFUNCTION("""COMPUTED_VALUE"""),0.01) -> 0.01
A8: 07 0.67 0.53 0.70 0.59 0.57 0.45 0.40 0.23 0.08 0.05 0.00 0.00 | B8: =IFERROR(__xludf.DUMMYFUNCTION("SPLIT(A8,"" "")"),7) -> 7 | C8: =IFERROR(__xludf.DUMMYFUNCTION("""COMPUTED_VALUE"""),0.67) -> 0.67 | D8: =IFERROR(__xludf.DUMMYFUNCTION("""COMPUTED_VALUE"""),0.53) -> 0.53 | E8: =IFERROR(__xludf.DUMMYFUNCTION("""COMPUTED_VALUE"""),0.7) -> 0.7 | F8: =IFERROR(__xludf.DUMMYFUNCTION("""COMPUTED_VALUE"""),0.59) -> 0.59 | G8: =IFERROR(__xludf.DUMMYFUNCTION("""COMPUTED_VALUE"""),0.57) -> 0.57 | H8: =IFERROR(__xludf.DUMMYFUNCTION("""COMPUTED_VALUE"""),0.45) -> 0.45 | I8: =IFERROR(__xludf.DUMMYFUNCTION("""COMPUTED_VALUE"""),0.4) -> 0.4 | J8: =IFERROR(__xludf.DUMMYFUNCTION("""COMPUTED_VALUE"""),0.23) -> 0.23 | K8: =IFERROR(__xludf.DUMMYFUNCTION("""COMPUTED_VALUE"""),0.08) -> 0.08 | L8: =IFERROR(__xludf.DUMMYFUNCTION("""COMPUTED_VALUE"""),0.05) -> 0.05 | M8: =IFERROR(__xludf.DUMMYFUNCTION("""COMPUTED_VALUE"""),0) -> 0 | N8: =IFERROR(__xludf.DUMMYFUNCTION("""COMPUTED_VALUE"""),0) -> 0
A9: 08 0.56 0.44 0.61 0.50 0.48 0.35 0.29 0.14 0.03 0.01 0.01 0.01 | B9: =IFERROR(__xludf.DUMMYFUNCTION("SPLIT(A9,"" "")"),8) -> 8 | C9: =IFERROR(__xludf.DUMMYFUNCTION("""COMPUTED_VALUE"""),0.56) -> 0.56 | D9: =IFERROR(__xludf.DUMMYFUNCTION("""COMPUTED_VALUE"""),0.44) -> 0.44 | E9: =IFERROR(__xludf.DUMMYFUNCTION("""COMPUTED_VALUE"""),0.61) -> 0.61 | F9: =IFERROR(__xludf.DUMMYFUNCTION("""COMPUTED_VALUE"""),0.5) -> 0.5 | G9: =IFERROR(__xludf.DUMMYFUNCTION("""COMPUTED_VALUE"""),0.48) -> 0.48 | H9: =IFERROR(__xludf.DUMMYFUNCTION("""COMPUTED_VALUE"""),0.35) -> 0.35 | I9: =IFERROR(__xludf.DUMMYFUNCTION("""COMPUTED_VALUE"""),0.29) -> 0.29 | J9: =IFERROR(__xludf.DUMMYFUNCTION("""COMPUTED_VALUE"""),0.14) -> 0.14 | K9: =IFERROR(__xludf.DUMMYFUNCTION("""COMPUTED_VALUE"""),0.03) -> 0.03 | L9: =IFERROR(__xludf.DUMMYFUNCTION("""COMPUTED_VALUE"""),0.01) -> 0.01 | M9: =IFERROR(__xludf.DUMMYFUNCTION("""COMPUTED_VALUE"""),0.01) -> 0.01 | N9: =IFERROR(__xludf.DUMMYFUNCTION("""COMPUTED_VALUE"""),0.01) -> 0.01
A10: 09 0.46 0.34 0.51 0.40 0.38 0.25 0.20 0.06 0.00 0.00 0.03 0.04 | B10: =IFERROR(__xludf.DUMMYFUNCTION("SPLIT(A10,"" "")"),9) -> 9 | C10: =IFERROR(__xludf.DUMMYFUNCTION("""COMPUTED_VALUE"""),0.46) -> 0.46 | D10: =IFERROR(__xludf.DUMMYFUNCTION("""COMPUTED_VALUE"""),0.34) -> 0.34 | E10: =IFERROR(__xludf.DUMMYFUNCTION("""COMPUTED_VALUE"""),0.51) -> 0.51 | F10: =IFERROR(__xludf.DUMMYFUNCTION("""COMPUTED_VALUE"""),0.4) -> 0.4 | G10: =IFERROR(__xludf.DUMMYFUNCTION("""COMPUTED_VALUE"""),0.38) -> 0.38 | H10: =IFERROR(__xludf.DUMMYFUNCTION("""COMPUTED_VALUE"""),0.25) -> 0.25 | I10: =IFERROR(__xludf.DUMMYFUNCTION("""COMPUTED_VALUE"""),0.2) -> 0.2 | J10: =IFERROR(__xludf.DUMMYFUNCTION("""COMPUTED_VALUE"""),0.06) -> 0.06 | K10: =IFERROR(__xludf.DUMMYFUNCTION("""COMPUTED_VALUE"""),0) -> 0 | L10: =IFERROR(__xludf.DUMMYFUNCTION("""COMPUTED_VALUE"""),0) -> 0 | M10: =IFERROR(__xludf.DUMMYFUNCTION("""COMPUTED_VALUE"""),0.03) -> 0.03 | N10: =IFERROR(__xludf.DUMMYFUNCTION("""COMPUTED_VALUE"""),0.04) -> 0.04
A11: 10 0.36 0.26 0.42 0.31 0.29 0.16 0.11 0.02 0.01 0.02 0.08 0.09 | B11: =IFERROR(__xludf.DUMMYFUNCTION("SPLIT(A11,"" "")"),10) -> 10 | C11: =IFERROR(__xludf.DUMMYFUNCTION("""COMPUTED_VALUE"""),0.36) -> 0.36 | D11: =IFERROR(__xludf.DUMMYFUNCTION("""COMPUTED_VALUE"""),0.26) -> 0.26 | E11: =IFERROR(__xludf.DUMMYFUNCTION("""COMPUTED_VALUE"""),0.42) -> 0.42 | F11: =IFERROR(__xludf.DUMMYFUNCTION("""COMPUTED_VALUE"""),0.31) -> 0.31 | G11: =IFERROR(__xludf.DUMMYFUNCTION("""COMPUTED_VALUE"""),0.29) -> 0.29 | H11: =IFERROR(__xludf.DUMMYFUNCTION("""COMPUTED_VALUE"""),0.16) -> 0.16 | I11: =IFERROR(__xludf.DUMMYFUNCTION("""COMPUTED_VALUE"""),0.11) -> 0.11 | J11: =IFERROR(__xludf.DUMMYFUNCTION("""COMPUTED_VALUE"""),0.02) -> 0.02 | K11: =IFERROR(__xludf.DUMMYFUNCTION("""COMPUTED_VALUE"""),0.01) -> 0.01 | L11: =IFERROR(__xludf.DUMMYFUNCTION("""COMPUTED_VALUE"""),0.02) -> 0.02 | M11: =IFERROR(__xludf.DUMMYFUNCTION("""COMPUTED_VALUE"""),0.08) -> 0.08 | N11: =IFERROR(__xludf.DUMMYFUNCTION("""COMPUTED_VALUE"""),0.09) -> 0.09
A12: 11 0.27 0.18 0.33 0.23 0.20 0.09 0.05 0.00 0.04 0.06 0.14 0.15 | B12: =IFERROR(__xludf.DUMMYFUNCTION("SPLIT(A12,"" "")"),11) -> 11 | C12: =IFERROR(__xludf.DUMMYFUNCTION("""COMPUTED_VALUE"""),0.27) -> 0.27 | D12: =IFERROR(__xludf.DUMMYFUNCTION("""COMPUTED_VALUE"""),0.18) -> 0.18 | E12: =IFERROR(__xludf.DUMMYFUNCTION("""COMPUTED_VALUE"""),0.33) -> 0.33 | F12: =IFERROR(__xludf.DUMMYFUNCTION("""COMPUTED_VALUE"""),0.23) -> 0.23 | G12: =IFERROR(__xludf.DUMMYFUNCTION("""COMPUTED_VALUE"""),0.2) -> 0.2 | H12: =IFERROR(__xludf.DUMMYFUNCTION("""COMPUTED_VALUE"""),0.09) -> 0.09 | I12: =IFERROR(__xludf.DUMMYFUNCTION("""COMPUTED_VALUE"""),0.05) -> 0.05 | J12: =IFERROR(__xludf.DUMMYFUNCTION("""COMPUTED_VALUE"""),0) -> 0 | K12: =IFERROR(__xludf.DUMMYFUNCTION("""COMPUTED_VALUE"""),0.04) -> 0.04 | L12: =IFERROR(__xludf.DUMMYFUNCTION("""COMPUTED_VALUE"""),0.06) -> 0.06 | M12: =IFERROR(__xludf.DUMMYFUNCTION("""COMPUTED_VALUE"""),0.14) -> 0.14 | N12: =IFERROR(__xludf.DUMMYFUNCTION("""COMPUTED_VALUE"""),0.15) -> 0.15
A13: 12 0.19 0.11 0.24 0.15 0.12 0.03 0.01 0.01 0.09 0.12 0.21 0.22 | B13: =IFERROR(__xludf.DUMMYFUNCTION("SPLIT(A13,"" "")"),12) -> 12 | C13: =IFERROR(__xludf.DUMMYFUNCTION("""COMPUTED_VALUE"""),0.19) -> 0.19 | D13: =IFERROR(__xludf.DUMMYFUNCTION("""COMPUTED_VALUE"""),0.11) -> 0.11 | E13: =IFERROR(__xludf.DUMMYFUNCTION("""COMPUTED_VALUE"""),0.24) -> 0.24 | F13: =IFERROR(__xludf.DUMMYFUNCTION("""COMPUTED_VALUE"""),0.15) -> 0.15 | G13: =IFERROR(__xludf.DUMMYFUNCTION("""COMPUTED_VALUE"""),0.12) -> 0.12 | H13: =IFERROR(__xludf.DUMMYFUNCTION("""COMPUTED_VALUE"""),0.03) -> 0.03 | I13: =IFERROR(__xludf.DUMMYFUNCTION("""COMPUTED_VALUE"""),0.01) -> 0.01 | J13: =IFERROR(__xludf.DUMMYFUNCTION("""COMPUTED_VALUE"""),0.01) -> 0.01 | K13: =IFERROR(__xludf.DUMMYFUNCTION("""COMPUTED_VALUE"""),0.09) -> 0.09 | L13: =IFERROR(__xludf.DUMMYFUNCTION("""COMPUTED_VALUE"""),0.12) -> 0.12 | M13: =IFERROR(__xludf.DUMMYFUNCTION("""COMPUTED_VALUE"""),0.21) -> 0.21 | N13: =IFERROR(__xludf.DUMMYFUNCTION("""COMPUTED_VALUE"""),0.22) -> 0.22
A14: 13 0.12 0.06 0.17 0.09 0.06 0.00 0.00 0.05 0.16 0.19 0.29 0.30 | B14: =IFERROR(__xludf.DUMMYFUNCTION("SPLIT(A14,"" "")"),13) -> 13 | C14: =IFERROR(__xludf.DUMMYFUNCTION("""COMPUTED_VALUE"""),0.12) -> 0.12 | D14: =IFERROR(__xludf.DUMMYFUNCTION("""COMPUTED_VALUE"""),0.06) -> 0.06 | E14: =IFERROR(__xludf.DUMMYFUNCTION("""COMPUTED_VALUE"""),0.17) -> 0.17 | F14: =IFERROR(__xludf.DUMMYFUNCTION("""COMPUTED_VALUE"""),0.09) -> 0.09 | G14: =IFERROR(__xludf.DUMMYFUNCTION("""COMPUTED_VALUE"""),0.06) -> 0.06 | H14: =IFERROR(__xludf.DUMMYFUNCTION("""COMPUTED_VALUE"""),0) -> 0 | I14: =IFERROR(__xludf.DUMMYFUNCTION("""COMPUTED_VALUE"""),0) -> 0 | J14: =IFERROR(__xludf.DUMMYFUNCTION("""COMPUTED_VALUE"""),0.05) -> 0.05 | K14: =IFERROR(__xludf.DUMMYFUNCTION("""COMPUTED_VALUE"""),0.16) -> 0.16 | L14: =IFERROR(__xludf.DUMMYFUNCTION("""COMPUTED_VALUE"""),0.19) -> 0.19 | M14: =IFERROR(__xludf.DUMMYFUNCTION("""COMPUTED_VALUE"""),0.29) -> 0.29 | N14: =IFERROR(__xludf.DUMMYFUNCTION("""COMPUTED_VALUE"""),0.3) -> 0.3
A15: 14 0.07 0.02 0.10 0.04 0.02 0.00 0.02 0.12 0.25 0.28 0.38 0.39 | B15: =IFERROR(__xludf.DUMMYFUNCTION("SPLIT(A15,"" "")"),14) -> 14 | C15: =IFERROR(__xludf.DUMMYFUNCTION("""COMPUTED_VALUE"""),0.07) -> 0.07 | D15: =IFERROR(__xludf.DUMMYFUNCTION("""COMPUTED_VALUE"""),0.02) -> 0.02 | E15: =IFERROR(__xludf.DUMMYFUNCTION("""COMPUTED_VALUE"""),0.1) -> 0.1 | F15: =IFERROR(__xludf.DUMMYFUNCTION("""COMPUTED_VALUE"""),0.04) -> 0.04 | G15: =IFERROR(__xludf.DUMMYFUNCTION("""COMPUTED_VALUE"""),0.02) -> 0.02 | H15: =IFERROR(__xludf.DUMMYFUNCTION("""COMPUTED_VALUE"""),0) -> 0 | I15: =IFERROR(__xludf.DUMMYFUNCTION("""COMPUTED_VALUE"""),0.02) -> 0.02 | J15: =IFERROR(__xludf.DUMMYFUNCTION("""COMPUTED_VALUE"""),0.12) -> 0.12 | K15: =IFERROR(__xludf.DUMMYFUNCTION("""COMPUTED_VALUE"""),0.25) -> 0.25 | L15: =IFERROR(__xludf.DUMMYFUNCTION("""COMPUTED_VALUE"""),0.28) -> 0.28 | M15: =IFERROR(__xludf.DUMMYFUNCTION("""COMPUTED_VALUE"""),0.38) -> 0.38 | N15: =IFERROR(__xludf.DUMMYFUNCTION("""COMPUTED_VALUE"""),0.39) -> 0.39
A16: 15 0.03 0.00 0.05 0.01 0.00 0.03 0.07 0.20 0.34 0.37 0.47 0.49 | B16: =IFERROR(__xludf.DUMMYFUNCTION("SPLIT(A16,"" "")"),15) -> 15 | C16: =IFERROR(__xludf.DUMMYFUNCTION("""COMPUTED_VALUE"""),0.03) -> 0.03 | D16: =IFERROR(__xludf.DUMMYFUNCTION("""COMPUTED_VALUE"""),0) -> 0 | E16: =IFERROR(__xludf.DUMMYFUNCTION("""COMPUTED_VALUE"""),0.05) -> 0.05 | F16: =IFERROR(__xludf.DUMMYFUNCTION("""COMPUTED_VALUE"""),0.01) -> 0.01 | G16: =IFERROR(__xludf.DUMMYFUNCTION("""COMPUTED_VALUE"""),0) -> 0 | H16: =IFERROR(__xludf.DUMMYFUNCTION("""COMPUTED_VALUE"""),0.03) -> 0.03 | I16: =IFERROR(__xludf.DUMMYFUNCTION("""COMPUTED_VALUE"""),0.07) -> 0.07 | J16: =IFERROR(__xludf.DUMMYFUNCTION("""COMPUTED_VALUE"""),0.2) -> 0.2 | K16: =IFERROR(__xludf.DUMMYFUNCTION("""COMPUTED_VALUE"""),0.34) -> 0.34 | L16: =IFERROR(__xludf.DUMMYFUNCTION("""COMPUTED_VALUE"""),0.37) -> 0.37 | M16: =IFERROR(__xludf.DUMMYFUNCTION("""COMPUTED_VALUE"""),0.47) -> 0.47 | N16: =IFERROR(__xludf.DUMMYFUNCTION("""COMPUTED_VALUE"""),0.49) -> 0.49
A17: 16 0.01 0.00 0.02 0.00 0.01 0.09 0.15 0.30 0.44 0.46 0.57 0.58 | B17: =IFERROR(__xludf.DUMMYFUNCTION("SPLIT(A17,"" "")"),16) -> 16 | C17: =IFERROR(__xludf.DUMMYFUNCTION("""COMPUTED_VALUE"""),0.01) -> 0.01 | D17: =IFERROR(__xludf.DUMMYFUNCTION("""COMPUTED_VALUE"""),0) -> 0 | E17: =IFERROR(__xludf.DUMMYFUNCTION("""COMPUTED_VALUE"""),0.02) -> 0.02 | F17: =IFERROR(__xludf.DUMMYFUNCTION("""COMPUTED_VALUE"""),0) -> 0 | G17: =IFERROR(__xludf.DUMMYFUNCTION("""COMPUTED_VALUE"""),0.01) -> 0.01 | H17: =IFERROR(__xludf.DUMMYFUNCTION("""COMPUTED_VALUE"""),0.09) -> 0.09 | I17: =IFERROR(__xludf.DUMMYFUNCTION("""COMPUTED_VALUE"""),0.15) -> 0.15 | J17: =IFERROR(__xludf.DUMMYFUNCTION("""COMPUTED_VALUE"""),0.3) -> 0.3 | K17: =IFERROR(__xludf.DUMMYFUNCTION("""COMPUTED_VALUE"""),0.44) -> 0.44 | L17: =IFERROR(__xludf.DUMMYFUNCTION("""COMPUTED_VALUE"""),0.46) -> 0.46 | M17: =IFERROR(__xludf.DUMMYFUNCTION("""COMPUTED_VALUE"""),0.57) -> 0.57 | N17: =IFERROR(__xludf.DUMMYFUNCTION("""COMPUTED_VALUE"""),0.58) -> 0.58
A18: 17 0.00 0.02 0.00 0.02 0.05 0.17 0.24 0.40 0.54 0.56 0.66 0.68 | B18: =IFERROR(__xludf.DUMMYFUNCTION("SPLIT(A18,"" "")"),17) -> 17 | C18: =IFERROR(__xludf.DUMMYFUNCTION("""COMPUTED_VALUE"""),0) -> 0 | D18: =IFERROR(__xludf.DUMMYFUNCTION("""COMPUTED_VALUE"""),0.02) -> 0.02 | E18: =IFERROR(__xludf.DUMMYFUNCTION("""COMPUTED_VALUE"""),0) -> 0 | F18: =IFERROR(__xludf.DUMMYFUNCTION("""COMPUTED_VALUE"""),0.02) -> 0.02 | G18: =IFERROR(__xludf.DUMMYFUNCTION("""COMPUTED_VALUE"""),0.05) -> 0.05 | H18: =IFERROR(__xludf.DUMMYFUNCTION("""COMPUTED_VALUE"""),0.17) -> 0.17 | I18: =IFERROR(__xludf.DUMMYFUNCTION("""COMPUTED_VALUE"""),0.24) -> 0.24 | J18: =IFERROR(__xludf.DUMMYFUNCTION("""COMPUTED_VALUE"""),0.4) -> 0.4 | K18: =IFERROR(__xludf.DUMMYFUNCTION("""COMPUTED_VALUE"""),0.54) -> 0.54 | L18: =IFERROR(__xludf.DUMMYFUNCTION("""COMPUTED_VALUE"""),0.56) -> 0.56 | M18: =IFERROR(__xludf.DUMMYFUNCTION("""COMPUTED_VALUE"""),0.66) -> 0.66 | N18: =IFERROR(__xludf.DUMMYFUNCTION("""COMPUTED_VALUE"""),0.68) -> 0.68
A19: 18 0.01 0.06 0.01 0.07 0.11 0.27 0.34 0.50 0.63 0.65 0.75 0.77 | B19: =IFERROR(__xludf.DUMMYFUNCTION("SPLIT(A19,"" "")"),18) -> 18 | C19: =IFERROR(__xludf.DUMMYFUNCTION("""COMPUTED_VALUE"""),0.01) -> 0.01 | D19: =IFERROR(__xludf.DUMMYFUNCTION("""COMPUTED_VALUE"""),0.06) -> 0.06 | E19: =IFERROR(__xludf.DUMMYFUNCTION("""COMPUTED_VALUE"""),0.01) -> 0.01 | F19: =IFERROR(__xludf.DUMMYFUNCTION("""COMPUTED_VALUE"""),0.07) -> 0.07 | G19: =IFERROR(__xludf.DUMMYFUNCTION("""COMPUTED_VALUE"""),0.11) -> 0.11 | H19: =IFERROR(__xludf.DUMMYFUNCTION("""COMPUTED_VALUE"""),0.27) -> 0.27 | I19: =IFERROR(__xludf.DUMMYFUNCTION("""COMPUTED_VALUE"""),0.34) -> 0.34 | J19: =IFERROR(__xludf.DUMMYFUNCTION("""COMPUTED_VALUE"""),0.5) -> 0.5 | K19: =IFERROR(__xludf.DUMMYFUNCTION("""COMPUTED_VALUE"""),0.63) -> 0.63 | L19: =IFERROR(__xludf.DUMMYFUNCTION("""COMPUTED_VALUE"""),0.65) -> 0.65 | M19: =IFERROR(__xludf.DUMMYFUNCTION("""COMPUTED_VALUE"""),0.75) -> 0.75 | N19: =IFERROR(__xludf.DUMMYFUNCTION("""COMPUTED_VALUE"""),0.77) -> 0.77
A20: 19 0.05 0.12 0.04 0.13 0.20 0.38 0.45 0.60 0.72 0.74 0.83 0.85 | B20: =IFERROR(__xludf.DUMMYFUNCTION("SPLIT(A20,"" "")"),19) -> 19 | C20: =IFERROR(__xludf.DUMMYFUNCTION("""COMPUTED_VALUE"""),0.05) -> 0.05 | D20: =IFERROR(__xludf.DUMMYFUNCTION("""COMPUTED_VALUE"""),0.12) -> 0.12 | E20: =IFERROR(__xludf.DUMMYFUNCTION("""COMPUTED_VALUE"""),0.04) -> 0.04 | F20: =IFERROR(__xludf.DUMMYFUNCTION("""COMPUTED_VALUE"""),0.13) -> 0.13 | G20: =IFERROR(__xludf.DUMMYFUNCTION("""COMPUTED_VALUE"""),0.2) -> 0.2 | H20: =IFERROR(__xludf.DUMMYFUNCTION("""COMPUTED_VALUE"""),0.38) -> 0.38 | I20: =IFERROR(__xludf.DUMMYFUNCTION("""COMPUTED_VALUE"""),0.45) -> 0.45 | J20: =IFERROR(__xludf.DUMMYFUNCTION("""COMPUTED_VALUE"""),0.6) -> 0.6 | K20: =IFERROR(__xludf.DUMMYFUNCTION("""COMPUTED_VALUE"""),0.72) -> 0.72 | L20: =IFERROR(__xludf.DUMMYFUNCTION("""COMPUTED_VALUE"""),0.74) -> 0.74 | M20: =IFERROR(__xludf.DUMMYFUNCTION("""COMPUTED_VALUE"""),0.83) -> 0.83 | N20: =IFERROR(__xludf.DUMMYFUNCTION("""COMPUTED_VALUE"""),0.85) -> 0.85
A21: 20 0.09 0.20 0.09 0.22 0.30 0.49 0.55 0.69 0.80 0.81 0.90 0.92 | B21: =IFERROR(__xludf.DUMMYFUNCTION("SPLIT(A21,"" "")"),20) -> 20 | C21: =IFERROR(__xludf.DUMMYFUNCTION("""COMPUTED_VALUE"""),0.09) -> 0.09 | D21: =IFERROR(__xludf.DUMMYFUNCTION("""COMPUTED_VALUE"""),0.2) -> 0.2 | E21: =IFERROR(__xludf.DUMMYFUNCTION("""COMPUTED_VALUE"""),0.09) -> 0.09 | F21: =IFERROR(__xludf.DUMMYFUNCTION("""COMPUTED_VALUE"""),0.22) -> 0.22 | G21: =IFERROR(__xludf.DUMMYFUNCTION("""COMPUTED_VALUE"""),0.3) -> 0.3 | H21: =IFERROR(__xludf.DUMMYFUNCTION("""COMPUTED_VALUE"""),0.49) -> 0.49 | I21: =IFERROR(__xludf.DUMMYFUNCTION("""COMPUTED_VALUE"""),0.55) -> 0.55 | J21: =IFERROR(__xludf.DUMMYFUNCTION("""COMPUTED_VALUE"""),0.69) -> 0.69 | K21: =IFERROR(__xludf.DUMMYFUNCTION("""COMPUTED_VALUE"""),0.8) -> 0.8 | L21: =IFERROR(__xludf.DUMMYFUNCTION("""COMPUTED_VALUE"""),0.81) -> 0.81 | M21: =IFERROR(__xludf.DUMMYFUNCTION("""COMPUTED_VALUE"""),0.9) -> 0.9 | N21: =IFERROR(__xludf.DUMMYFUNCTION("""COMPUTED_VALUE"""),0.92) -> 0.92
A22: 21 0.16 0.29 0.16 0.32 0.41 0.60 0.65 0.78 0.87 0.88 0.95 0.97 | B22: =IFERROR(__xludf.DUMMYFUNCTION("SPLIT(A22,"" "")"),21) -> 21 | C22: =IFERROR(__xludf.DUMMYFUNCTION("""COMPUTED_VALUE"""),0.16) -> 0.16 | D22: =IFERROR(__xludf.DUMMYFUNCTION("""COMPUTED_VALUE"""),0.29) -> 0.29 | E22: =IFERROR(__xludf.DUMMYFUNCTION("""COMPUTED_VALUE"""),0.16) -> 0.16 | F22: =IFERROR(__xludf.DUMMYFUNCTION("""COMPUTED_VALUE"""),0.32) -> 0.32 | G22: =IFERROR(__xludf.DUMMYFUNCTION("""COMPUTED_VALUE"""),0.41) -> 0.41 | H22: =IFERROR(__xludf.DUMMYFUNCTION("""COMPUTED_VALUE"""),0.6) -> 0.6 | I22: =IFERROR(__xludf.DUMMYFUNCTION("""COMPUTED_VALUE"""),0.65) -> 0.65 | J22: =IFERROR(__xludf.DUMMYFUNCTION("""COMPUTED_VALUE"""),0.78) -> 0.78 | K22: =IFERROR(__xludf.DUMMYFUNCTION("""COMPUTED_VALUE"""),0.87) -> 0.87 | L22: =IFERROR(__xludf.DUMMYFUNCTION("""COMPUTED_VALUE"""),0.88) -> 0.88 | M22: =IFERROR(__xludf.DUMMYFUNCTION("""COMPUTED_VALUE"""),0.95) -> 0.95 | N22: =IFERROR(__xludf.DUMMYFUNCTION("""COMPUTED_VALUE"""),0.97) -> 0.97
A23: 22 0.24 0.39 0.25 0.44 0.52 0.70 0.75 0.85 0.93 0.94 0.99 1.00 | B23: =IFERROR(__xludf.DUMMYFUNCTION("SPLIT(A23,"" "")"),22) -> 22 | C23: =IFERROR(__xludf.DUMMYFUNCTION("""COMPUTED_VALUE"""),0.24) -> 0.24 | D23: =IFERROR(__xludf.DUMMYFUNCTION("""COMPUTED_VALUE"""),0.39) -> 0.39 | E23: =IFERROR(__xludf.DUMMYFUNCTION("""COMPUTED_VALUE"""),0.25) -> 0.25 | F23: =IFERROR(__xludf.DUMMYFUNCTION("""COMPUTED_VALUE"""),0.44) -> 0.44 | G23: =IFERROR(__xludf.DUMMYFUNCTION("""COMPUTED_VALUE"""),0.52) -> 0.52 | H23: =IFERROR(__xludf.DUMMYFUNCTION("""COMPUTED_VALUE"""),0.7) -> 0.7 | I23: =IFERROR(__xludf.DUMMYFUNCTION("""COMPUTED_VALUE"""),0.75) -> 0.75 | J23: =IFERROR(__xludf.DUMMYFUNCTION("""COMPUTED_VALUE"""),0.85) -> 0.85 | K23: =IFERROR(__xludf.DUMMYFUNCTION("""COMPUTED_VALUE"""),0.93) -> 0.93 | L23: =IFERROR(__xludf.DUMMYFUNCTION("""COMPUTED_VALUE"""),0.94) -> 0.94 | M23: =IFERROR(__xludf.DUMMYFUNCTION("""COMPUTED_VALUE"""),0.99) -> 0.99 | N23: =IFERROR(__xludf.DUMMYFUNCTION("""COMPUTED_VALUE"""),1) -> 1
A24: 23 0.33 0.50 0.35 0.55 0.63 0.79 0.83 0.91 0.97 0.98 1.00 0.99 | B24: =IFERROR(__xludf.DUMMYFUNCTION("SPLIT(A24,"" "")"),23) -> 23 | C24: =IFERROR(__xludf.DUMMYFUNCTION("""COMPUTED_VALUE"""),0.33) -> 0.33 | D24: =IFERROR(__xludf.DUMMYFUNCTION("""COMPUTED_VALUE"""),0.5) -> 0.5 | E24: =IFERROR(__xludf.DUMMYFUNCTION("""COMPUTED_VALUE"""),0.35) -> 0.35 | F24: =IFERROR(__xludf.DUMMYFUNCTION("""COMPUTED_VALUE"""),0.55) -> 0.55 | G24: =IFERROR(__xludf.DUMMYFUNCTION("""COMPUTED_VALUE"""),0.63) -> 0.63 | H24: =IFERROR(__xludf.DUMMYFUNCTION("""COMPUTED_VALUE"""),0.79) -> 0.79 | I24: =IFERROR(__xludf.DUMMYFUNCTION("""COMPUTED_VALUE"""),0.83) -> 0.83 | J24: =IFERROR(__xludf.DUMMYFUNCTION("""COMPUTED_VALUE"""),0.91) -> 0.91 | K24: =IFERROR(__xludf.DUMMYFUNCTION("""COMPUTED_VALUE"""),0.97) -> 0.97 | L24: =IFERROR(__xludf.DUMMYFUNCTION("""COMPUTED_VALUE"""),0.98) -> 0.98 | M24: =IFERROR(__xludf.DUMMYFUNCTION("""COMPUTED_VALUE"""),1) -> 1 | N24: =IFERROR(__xludf.DUMMYFUNCTION("""COMPUTED_VALUE"""),0.99) -> 0.99
A25: 24 0.44 0.61 0.47 0.66 0.73 0.86 0.89 0.96 0.99 1.00 0.98 0.96 | B25: =IFERROR(__xludf.DUMMYFUNCTION("SPLIT(A25,"" "")"),24) -> 24 | C25: =IFERROR(__xludf.DUMMYFUNCTION("""COMPUTED_VALUE"""),0.44) -> 0.44 | D25: =IFERROR(__xludf.DUMMYFUNCTION("""COMPUTED_VALUE"""),0.61) -> 0.61 | E25: =IFERROR(__xludf.DUMMYFUNCTION("""COMPUTED_VALUE"""),0.47) -> 0.47 | F25: =IFERROR(__xludf.DUMMYFUNCTION("""COMPUTED_VALUE"""),0.66) -> 0.66 | G25: =IFERROR(__xludf.DUMMYFUNCTION("""COMPUTED_VALUE"""),0.73) -> 0.73 | H25: =IFERROR(__xludf.DUMMYFUNCTION("""COMPUTED_VALUE"""),0.86) -> 0.86 | I25: =IFERROR(__xludf.DUMMYFUNCTION("""COMPUTED_VALUE"""),0.89) -> 0.89 | J25: =IFERROR(__xludf.DUMMYFUNCTION("""COMPUTED_VALUE"""),0.96) -> 0.96 | K25: =IFERROR(__xludf.DUMMYFUNCTION("""COMPUTED_VALUE"""),0.99) -> 0.99 | L25: =IFERROR(__xludf.DUMMYFUNCTION("""COMPUTED_VALUE"""),1) -> 1 | M25: =IFERROR(__xludf.DUMMYFUNCTION("""COMPUTED_VALUE"""),0.98) -> 0.98 | N25: =IFERROR(__xludf.DUMMYFUNCTION("""COMPUTED_VALUE"""),0.96) -> 0.96
A26: 25 0.55 0.72 0.58 0.76 0.82 0.92 0.94 0.99 1.00 0.99 0.94 0.91 | B26: =IFERROR(__xludf.DUMMYFUNCTION("SPLIT(A26,"" "")"),25) -> 25 | C26: =IFERROR(__xludf.DUMMYFUNCTION("""COMPUTED_VALUE"""),0.55) -> 0.55 | D26: =IFERROR(__xludf.DUMMYFUNCTION("""COMPUTED_VALUE"""),0.72) -> 0.72 | E26: =IFERROR(__xludf.DUMMYFUNCTION("""COMPUTED_VALUE"""),0.58) -> 0.58 | F26: =IFERROR(__xludf.DUMMYFUNCTION("""COMPUTED_VALUE"""),0.76) -> 0.76 | G26: =IFERROR(__xludf.DUMMYFUNCTION("""COMPUTED_VALUE"""),0.82) -> 0.82 | H26: =IFERROR(__xludf.DUMMYFUNCTION("""COMPUTED_VALUE"""),0.92) -> 0.92 | I26: =IFERROR(__xludf.DUMMYFUNCTION("""COMPUTED_VALUE"""),0.94) -> 0.94 | J26: =IFERROR(__xludf.DUMMYFUNCTION("""COMPUTED_VALUE"""),0.99) -> 0.99 | K26: =IFERROR(__xludf.DUMMYFUNCTION("""COMPUTED_VALUE"""),1) -> 1 | L26: =IFERROR(__xludf.DUMMYFUNCTION("""COMPUTED_VALUE"""),0.99) -> 0.99 | M26: =IFERROR(__xludf.DUMMYFUNCTION("""COMPUTED_VALUE"""),0.94) -> 0.94 | N26: =IFERROR(__xludf.DUMMYFUNCTION("""COMPUTED_VALUE"""),0.91) -> 0.91
A27: 26 0.65 0.82 0.69 0.85 0.89 0.97 0.98 1.00 0.98 0.97 0.88 0.82 | B27: =IFERROR(__xludf.DUMMYFUNCTION("SPLIT(A27,"" "")"),26) -> 26 | C27: =IFERROR(__xludf.DUMMYFUNCTION("""COMPUTED_VALUE"""),0.65) -> 0.65 | D27: =IFERROR(__xludf.DUMMYFUNCTION("""COMPUTED_VALUE"""),0.82) -> 0.82 | E27: =IFERROR(__xludf.DUMMYFUNCTION("""COMPUTED_VALUE"""),0.69) -> 0.69 | F27: =IFERROR(__xludf.DUMMYFUNCTION("""COMPUTED_VALUE"""),0.85) -> 0.85 | G27: =IFERROR(__xludf.DUMMYFUNCTION("""COMPUTED_VALUE"""),0.89) -> 0.89 | H27: =IFERROR(__xludf.DUMMYFUNCTION("""COMPUTED_VALUE"""),0.97) -> 0.97 | I27: =IFERROR(__xludf.DUMMYFUNCTION("""COMPUTED_VALUE"""),0.98) -> 0.98 | J27: =IFERROR(__xludf.DUMMYFUNCTION("""COMPUTED_VALUE"""),1) -> 1 | K27: =IFERROR(__xludf.DUMMYFUNCTION("""COMPUTED_VALUE"""),0.98) -> 0.98 | L27: =IFERROR(__xludf.DUMMYFUNCTION("""COMPUTED_VALUE"""),0.97) -> 0.97 | M27: =IFERROR(__xludf.DUMMYFUNCTION("""COMPUTED_VALUE"""),0.88) -> 0.88 | N27: =IFERROR(__xludf.DUMMYFUNCTION("""COMPUTED_VALUE"""),0.82) -> 0.82
A28: 27 0.76 0.90 0.79 0.92 0.95 0.99 1.00 0.99 0.95 0.92 0.79 0.73 | B28: =IFERROR(__xludf.DUMMYFUNCTION("SPLIT(A28,"" "")"),27) -> 27 | C28: =IFERROR(__xludf.DUMMYFUNCTION("""COMPUTED_VALUE"""),0.76) -> 0.76 | D28: =IFERROR(__xludf.DUMMYFUNCTION("""COMPUTED_VALUE"""),0.9) -> 0.9 | E28: =IFERROR(__xludf.DUMMYFUNCTION("""COMPUTED_VALUE"""),0.79) -> 0.79 | F28: =IFERROR(__xludf.DUMMYFUNCTION("""COMPUTED_VALUE"""),0.92) -> 0.92 | G28: =IFERROR(__xludf.DUMMYFUNCTION("""COMPUTED_VALUE"""),0.95) -> 0.95 | H28: =IFERROR(__xludf.DUMMYFUNCTION("""COMPUTED_VALUE"""),0.99) -> 0.99 | I28: =IFERROR(__xludf.DUMMYFUNCTION("""COMPUTED_VALUE"""),1) -> 1 | J28: =IFERROR(__xludf.DUMMYFUNCTION("""COMPUTED_VALUE"""),0.99) -> 0.99 | K28: =IFERROR(__xludf.DUMMYFUNCTION("""COMPUTED_VALUE"""),0.95) -> 0.95 | L28: =IFERROR(__xludf.DUMMYFUNCTION("""COMPUTED_VALUE"""),0.92) -> 0.92 | M28: =IFERROR(__xludf.DUMMYFUNCTION("""COMPUTED_VALUE"""),0.79) -> 0.79 | N28: =IFERROR(__xludf.DUMMYFUNCTION("""COMPUTED_VALUE"""),0.73) -> 0.73
A29: 28 0.85 0.96 0.88 0.97 0.98 1.00 1.00 0.97 0.89 0.85 0.69 0.62 | B29: =IFERROR(__xludf.DUMMYFUNCTION("SPLIT(A29,"" "")"),28) -> 28 | C29: =IFERROR(__xludf.DUMMYFUNCTION("""COMPUTED_VALUE"""),0.85) -> 0.85 | D29: =IFERROR(__xludf.DUMMYFUNCTION("""COMPUTED_VALUE"""),0.96) -> 0.96 | E29: =IFERROR(__xludf.DUMMYFUNCTION("""COMPUTED_VALUE"""),0.88) -> 0.88 | F29: =IFERROR(__xludf.DUMMYFUNCTION("""COMPUTED_VALUE"""),0.97) -> 0.97 | G29: =IFERROR(__xludf.DUMMYFUNCTION("""COMPUTED_VALUE"""),0.98) -> 0.98 | H29: =IFERROR(__xludf.DUMMYFUNCTION("""COMPUTED_VALUE"""),1) -> 1 | I29: =IFERROR(__xludf.DUMMYFUNCTION("""COMPUTED_VALUE"""),1) -> 1 | J29: =IFERROR(__xludf.DUMMYFUNCTION("""COMPUTED_VALUE"""),0.97) -> 0.97 | K29: =IFERROR(__xludf.DUMMYFUNCTION("""COMPUTED_VALUE"""),0.89) -> 0.89 | L29: =IFERROR(__xludf.DUMMYFUNCTION("""COMPUTED_VALUE"""),0.85) -> 0.85 | M29: =IFERROR(__xludf.DUMMYFUNCTION("""COMPUTED_VALUE"""),0.69) -> 0.69 | N29: =IFERROR(__xludf.DUMMYFUNCTION("""COMPUTED_VALUE"""),0.62) -> 0.62
A30: 29 0.93 x 0.94 0.99 1.00 0.99 0.98 0.92 0.82 0.76 0.58 0.51 | B30: =IFERROR(__xludf.DUMMYFUNCTION("SPLIT(A30,"" "")"),29) -> 29 | C30: =IFERROR(__xludf.DUMMYFUNCTION("""COMPUTED_VALUE"""),0.93) -> 0.93 | D30: =IFERROR(__xludf.DUMMYFUNCTION("""COMPUTED_VALUE"""),"x") -> x | E30: =IFERROR(__xludf.DUMMYFUNCTION("""COMPUTED_VALUE"""),0.94) -> 0.94 | F30: =IFERROR(__xludf.DUMMYFUNCTION("""COMPUTED_VALUE"""),0.99) -> 0.99 | G30: =IFERROR(__xludf.DUMMYFUNCTION("""COMPUTED_VALUE"""),1) -> 1 | H30: =IFERROR(__xludf.DUMMYFUNCTION("""COMPUTED_VALUE"""),0.99) -> 0.99 | I30: =IFERROR(__xludf.DUMMYFUNCTION("""COMPUTED_VALUE"""),0.98) -> 0.98 | J30: =IFERROR(__xludf.DUMMYFUNCTION("""COMPUTED_VALUE"""),0.92) -> 0.92 | K30: =IFERROR(__xludf.DUMMYFUNCTION("""COMPUTED_VALUE"""),0.82) -> 0.82 | L30: =IFERROR(__xludf.DUMMYFUNCTION("""COMPUTED_VALUE"""),0.76) -> 0.76 | M30: =IFERROR(__xludf.DUMMYFUNCTION("""COMPUTED_VALUE"""),0.58) -> 0.58 | N30: =IFERROR(__xludf.DUMMYFUNCTION("""COMPUTED_VALUE"""),0.51) -> 0.51
A31: 30 0.98 x 0.98 1.00 0.99 0.96 0.94 0.86 0.72 0.65 0.47 0.40 | B31: =IFERROR(__xludf.DUMMYFUNCTION("SPLIT(A31,"" "")"),30) -> 30 | C31: =IFERROR(__xludf.DUMMYFUNCTION("""COMPUTED_VALUE"""),0.98) -> 0.98 | D31: =IFERROR(__xludf.DUMMYFUNCTION("""COMPUTED_VALUE"""),"x") -> x | E31: =IFERROR(__xludf.DUMMYFUNCTION("""COMPUTED_VALUE"""),0.98) -> 0.98 | F31: =IFERROR(__xludf.DUMMYFUNCTION("""COMPUTED_VALUE"""),1) -> 1 | G31: =IFERROR(__xludf.DUMMYFUNCTION("""COMPUTED_VALUE"""),0.99) -> 0.99 | H31: =IFERROR(__xludf.DUMMYFUNCTION("""COMPUTED_VALUE"""),0.96) -> 0.96 | I31: =IFERROR(__xludf.DUMMYFUNCTION("""COMPUTED_VALUE"""),0.94) -> 0.94 | J31: =IFERROR(__xludf.DUMMYFUNCTION("""COMPUTED_VALUE"""),0.86) -> 0.86 | K31: =IFERROR(__xludf.DUMMYFUNCTION("""COMPUTED_VALUE"""),0.72) -> 0.72 | L31: =IFERROR(__xludf.DUMMYFUNCTION("""COMPUTED_VALUE"""),0.65) -> 0.65 | M31: =IFERROR(__xludf.DUMMYFUNCTION("""COMPUTED_VALUE"""),0.47) -> 0.47 | N31: =IFERROR(__xludf.DUMMYFUNCTION("""COMPUTED_VALUE"""),0.4) -> 0.4
A32: 31 1.00 x 1.00 x 0.97 x 0.89 0.78 x 0.54 x 0.30 | B32: =IFERROR(__xludf.DUMMYFUNCTION("SPLIT(A32,"" "")"),31) -> 31 | C32: =IFERROR(__xludf.DUMMYFUNCTION("""COMPUTED_VALUE"""),1) -> 1 | D32: =IFERROR(__xludf.DUMMYFUNCTION("""COMPUTED_VALUE"""),"x") -> x | E32: =IFERROR(__xludf.DUMMYFUNCTION("""COMPUTED_VALUE"""),1) -> 1 | F32: =IFERROR(__xludf.DUMMYFUNCTION("""COMPUTED_VALUE"""),"x") -> x | G32: =IFERROR(__xludf.DUMMYFUNCTION("""COMPUTED_VALUE"""),0.97) -> 0.97 | H32: =IFERROR(__xludf.DUMMYFUNCTION("""COMPUTED_VALUE"""),"x") -> x | I32: =IFERROR(__xludf.DUMMYFUNCTION("""COMPUTED_VALUE"""),0.89) -> 0.89 | J32: =IFERROR(__xludf.DUMMYFUNCTION("""COMPUTED_VALUE"""),0.78) -> 0.78 | K32: =IFERROR(__xludf.DUMMYFUNCTION("""COMPUTED_VALUE"""),"x") -> x | L32: =IFERROR(__xludf.DUMMYFUNCTION("""COMPUTED_VALUE"""),0.54) -> 0.54 | M32: =IFERROR(__xludf.DUMMYFUNCTION("""COMPUTED_VALUE"""),"x") -> x | N32: =IFERROR(__xludf.DUMMYFUNCTION("""COMPUTED_VALUE"""),0.3) -> 0.3

Sheet moon phases 2017
A1: Day Jan. Feb. Mar. Apr. May June July Aug. Sep. Oct. Nov. Dec. | B1: =IFERROR(__xludf.DUMMYFUNCTION("split(A1,"" "")"),"Day") -> Day | C1: =IFERROR(__xludf.DUMMYFUNCTION("""COMPUTED_VALUE"""),"Jan.") -> Jan. | D1: =IFERROR(__xludf.DUMMYFUNCTION("""COMPUTED_VALUE"""),"Feb.") -> Feb. | E1: =IFERROR(__xludf.DUMMYFUNCTION("""COMPUTED_VALUE"""),"Mar.") -> Mar. | F1: =IFERROR(__xludf.DUMMYFUNCTION("""COMPUTED_VALUE"""),"Apr.") -> Apr. | G1: =IFERROR(__xludf.DUMMYFUNCTION("""COMPUTED_VALUE"""),"May") -> May | H1: =IFERROR(__xludf.DUMMYFUNCTION("""COMPUTED_VALUE"""),"June") -> June | I1: =IFERROR(__xludf.DUMMYFUNCTION("""COMPUTED_VALUE"""),"July") -> July | J1: =IFERROR(__xludf.DUMMYFUNCTION("""COMPUTED_VALUE"""),"Aug.") -> Aug. | K1: =IFERROR(__xludf.DUMMYFUNCTION("""COMPUTED_VALUE"""),"Sep.") -> Sep. | L1: =IFERROR(__xludf.DUMMYFUNCTION("""COMPUTED_VALUE"""),"Oct.") -> Oct. | M1: =IFERROR(__xludf.DUMMYFUNCTION("""COMPUTED_VALUE"""),"Nov.") -> Nov. | N1: =IFERROR(__xludf.DUMMYFUNCTION("""COMPUTED_VALUE"""),"Dec.") -> Dec.
A2: 01 0.09 0.20 0.09 0.23 0.31 0.48 0.53 0.66 0.77 0.79 0.89 0.92 | B2: =IFERROR(__xludf.DUMMYFUNCTION("split(A2,"" "")"),1) -> 1 | C2: =IFERROR(__xludf.DUMMYFUNCTION("""COMPUTED_VALUE"""),0.09) -> 0.09 | D2: =IFERROR(__xludf.DUMMYFUNCTION("""COMPUTED_VALUE"""),0.2) -> 0.2 | E2: =IFERROR(__xludf.DUMMYFUNCTION("""COMPUTED_VALUE"""),0.09) -> 0.09 | F2: =IFERROR(__xludf.DUMMYFUNCTION("""COMPUTED_VALUE"""),0.23) -> 0.23 | G2: =IFERROR(__xludf.DUMMYFUNCTION("""COMPUTED_VALUE"""),0.31) -> 0.31 | H2: =IFERROR(__xludf.DUMMYFUNCTION("""COMPUTED_VALUE"""),0.48) -> 0.48 | I2: =IFERROR(__xludf.DUMMYFUNCTION("""COMPUTED_VALUE"""),0.53) -> 0.53 | J2: =IFERROR(__xludf.DUMMYFUNCTION("""COMPUTED_VALUE"""),0.66) -> 0.66 | K2: =IFERROR(__xludf.DUMMYFUNCTION("""COMPUTED_VALUE"""),0.77) -> 0.77 | L2: =IFERROR(__xludf.DUMMYFUNCTION("""COMPUTED_VALUE"""),0.79) -> 0.79 | M2: =IFERROR(__xludf.DUMMYFUNCTION("""COMPUTED_VALUE"""),0.89) -> 0.89 | N2: =IFERROR(__xludf.DUMMYFUNCTION("""COMPUTED_VALUE"""),0.92) -> 0.92
A3: 02 0.16 0.30 0.17 0.34 0.42 0.58 0.63 0.75 0.85 0.87 0.95 0.97 | B3: =IFERROR(__xludf.DUMMYFUNCTION("split(A3,"" "")"),2) -> 2 | C3: =IFERROR(__xludf.DUMMYFUNCTION("""COMPUTED_VALUE"""),0.16) -> 0.16 | D3: =IFERROR(__xludf.DUMMYFUNCTION("""COMPUTED_VALUE"""),0.3) -> 0.3 | E3: =IFERROR(__xludf.DUMMYFUNCTION("""COMPUTED_VALUE"""),0.17) -> 0.17 | F3: =IFERROR(__xludf.DUMMYFUNCTION("""COMPUTED_VALUE"""),0.34) -> 0.34 | G3: =IFERROR(__xludf.DUMMYFUNCTION("""COMPUTED_VALUE"""),0.42) -> 0.42 | H3: =IFERROR(__xludf.DUMMYFUNCTION("""COMPUTED_VALUE"""),0.58) -> 0.58 | I3: =IFERROR(__xludf.DUMMYFUNCTION("""COMPUTED_VALUE"""),0.63) -> 0.63 | J3: =IFERROR(__xludf.DUMMYFUNCTION("""COMPUTED_VALUE"""),0.75) -> 0.75 | K3: =IFERROR(__xludf.DUMMYFUNCTION("""COMPUTED_VALUE"""),0.85) -> 0.85 | L3: =IFERROR(__xludf.DUMMYFUNCTION("""COMPUTED_VALUE"""),0.87) -> 0.87 | M3: =IFERROR(__xludf.DUMMYFUNCTION("""COMPUTED_VALUE"""),0.95) -> 0.95 | N3: =IFERROR(__xludf.DUMMYFUNCTION("""COMPUTED_VALUE"""),0.97) -> 0.97
A4: 03 0.24 0.41 0.26 0.45 0.52 0.68 0.72 0.82 0.91 0.93 0.99 1.00 | B4: =IFERROR(__xludf.DUMMYFUNCTION("split(A4,"" "")"),3) -> 3 | C4: =IFERROR(__xludf.DUMMYFUNCTION("""COMPUTED_VALUE"""),0.24) -> 0.24 | D4: =IFERROR(__xludf.DUMMYFUNCTION("""COMPUTED_VALUE"""),0.41) -> 0.41 | E4: =IFERROR(__xludf.DUMMYFUNCTION("""COMPUTED_VALUE"""),0.26) -> 0.26 | F4: =IFERROR(__xludf.DUMMYFUNCTION("""COMPUTED_VALUE"""),0.45) -> 0.45 | G4: =IFERROR(__xludf.DUMMYFUNCTION("""COMPUTED_VALUE"""),0.52) -> 0.52 | H4: =IFERROR(__xludf.DUMMYFUNCTION("""COMPUTED_VALUE"""),0.68) -> 0.68 | I4: =IFERROR(__xludf.DUMMYFUNCTION("""COMPUTED_VALUE"""),0.72) -> 0.72 | J4: =IFERROR(__xludf.DUMMYFUNCTION("""COMPUTED_VALUE"""),0.82) -> 0.82 | K4: =IFERROR(__xludf.DUMMYFUNCTION("""COMPUTED_VALUE"""),0.91) -> 0.91 | L4: =IFERROR(__xludf.DUMMYFUNCTION("""COMPUTED_VALUE"""),0.93) -> 0.93 | M4: =IFERROR(__xludf.DUMMYFUNCTION("""COMPUTED_VALUE"""),0.99) -> 0.99 | N4: =IFERROR(__xludf.DUMMYFUNCTION("""COMPUTED_VALUE"""),1) -> 1
A5: 04 0.34 0.52 0.37 0.56 0.63 0.77 0.80 0.89 0.96 0.97 1.00 0.99 | B5: =IFERROR(__xludf.DUMMYFUNCTION("split(A5,"" "")"),4) -> 4 | C5: =IFERROR(__xludf.DUMMYFUNCTION("""COMPUTED_VALUE"""),0.34) -> 0.34 | D5: =IFERROR(__xludf.DUMMYFUNCTION("""COMPUTED_VALUE"""),0.52) -> 0.52 | E5: =IFERROR(__xludf.DUMMYFUNCTION("""COMPUTED_VALUE"""),0.37) -> 0.37 | F5: =IFERROR(__xludf.DUMMYFUNCTION("""COMPUTED_VALUE"""),0.56) -> 0.56 | G5: =IFERROR(__xludf.DUMMYFUNCTION("""COMPUTED_VALUE"""),0.63) -> 0.63 | H5: =IFERROR(__xludf.DUMMYFUNCTION("""COMPUTED_VALUE"""),0.77) -> 0.77 | I5: =IFERROR(__xludf.DUMMYFUNCTION("""COMPUTED_VALUE"""),0.8) -> 0.8 | J5: =IFERROR(__xludf.DUMMYFUNCTION("""COMPUTED_VALUE"""),0.89) -> 0.89 | K5: =IFERROR(__xludf.DUMMYFUNCTION("""COMPUTED_VALUE"""),0.96) -> 0.96 | L5: =IFERROR(__xludf.DUMMYFUNCTION("""COMPUTED_VALUE"""),0.97) -> 0.97 | M5: =IFERROR(__xludf.DUMMYFUNCTION("""COMPUTED_VALUE"""),1) -> 1 | N5: =IFERROR(__xludf.DUMMYFUNCTION("""COMPUTED_VALUE"""),0.99) -> 0.99
A6: 05 0.45 0.63 0.48 0.67 0.73 0.85 0.87 0.94 0.99 1.00 0.98 0.96 | B6: =IFERROR(__xludf.DUMMYFUNCTION("split(A6,"" "")"),5) -> 5 | C6: =IFERROR(__xludf.DUMMYFUNCTION("""COMPUTED_VALUE"""),0.45) -> 0.45 | D6: =IFERROR(__xludf.DUMMYFUNCTION("""COMPUTED_VALUE"""),0.63) -> 0.63 | E6: =IFERROR(__xludf.DUMMYFUNCTION("""COMPUTED_VALUE"""),0.48) -> 0.48 | F6: =IFERROR(__xludf.DUMMYFUNCTION("""COMPUTED_VALUE"""),0.67) -> 0.67 | G6: =IFERROR(__xludf.DUMMYFUNCTION("""COMPUTED_VALUE"""),0.73) -> 0.73 | H6: =IFERROR(__xludf.DUMMYFUNCTION("""COMPUTED_VALUE"""),0.85) -> 0.85 | I6: =IFERROR(__xludf.DUMMYFUNCTION("""COMPUTED_VALUE"""),0.87) -> 0.87 | J6: =IFERROR(__xludf.DUMMYFUNCTION("""COMPUTED_VALUE"""),0.94) -> 0.94 | K6: =IFERROR(__xludf.DUMMYFUNCTION("""COMPUTED_VALUE"""),0.99) -> 0.99 | L6: =IFERROR(__xludf.DUMMYFUNCTION("""COMPUTED_VALUE"""),1) -> 1 | M6: =IFERROR(__xludf.DUMMYFUNCTION("""COMPUTED_VALUE"""),0.98) -> 0.98 | N6: =IFERROR(__xludf.DUMMYFUNCTION("""COMPUTED_VALUE"""),0.96) -> 0.96
A7: 06 0.56 0.74 0.60 0.77 0.81 0.91 0.93 0.98 1.00 0.99 0.93 0.90 | B7: =IFERROR(__xludf.DUMMYFUNCTION("split(A7,"" "")"),6) -> 6 | C7: =IFERROR(__xludf.DUMMYFUNCTION("""COMPUTED_VALUE"""),0.56) -> 0.56 | D7: =IFERROR(__xludf.DUMMYFUNCTION("""COMPUTED_VALUE"""),0.74) -> 0.74 | E7: =IFERROR(__xludf.DUMMYFUNCTION("""COMPUTED_VALUE"""),0.6) -> 0.6 | F7: =IFERROR(__xludf.DUMMYFUNCTION("""COMPUTED_VALUE"""),0.77) -> 0.77 | G7: =IFERROR(__xludf.DUMMYFUNCTION("""COMPUTED_VALUE"""),0.81) -> 0.81 | H7: =IFERROR(__xludf.DUMMYFUNCTION("""COMPUTED_VALUE"""),0.91) -> 0.91 | I7: =IFERROR(__xludf.DUMMYFUNCTION("""COMPUTED_VALUE"""),0.93) -> 0.93 | J7: =IFERROR(__xludf.DUMMYFUNCTION("""COMPUTED_VALUE"""),0.98) -> 0.98 | K7: =IFERROR(__xludf.DUMMYFUNCTION("""COMPUTED_VALUE"""),1) -> 1 | L7: =IFERROR(__xludf.DUMMYFUNCTION("""COMPUTED_VALUE"""),0.99) -> 0.99 | M7: =IFERROR(__xludf.DUMMYFUNCTION("""COMPUTED_VALUE"""),0.93) -> 0.93 | N7: =IFERROR(__xludf.DUMMYFUNCTION("""COMPUTED_VALUE"""),0.9) -> 0.9
A8: 07 0.67 0.83 0.71 0.85 0.88 0.95 0.97 1.00 0.99 0.97 0.86 0.81 | B8: =IFERROR(__xludf.DUMMYFUNCTION("split(A8,"" "")"),7) -> 7 | C8: =IFERROR(__xludf.DUMMYFUNCTION("""COMPUTED_VALUE"""),0.67) -> 0.67 | D8: =IFERROR(__xludf.DUMMYFUNCTION("""COMPUTED_VALUE"""),0.83) -> 0.83 | E8: =IFERROR(__xludf.DUMMYFUNCTION("""COMPUTED_VALUE"""),0.71) -> 0.71 | F8: =IFERROR(__xludf.DUMMYFUNCTION("""COMPUTED_VALUE"""),0.85) -> 0.85 | G8: =IFERROR(__xludf.DUMMYFUNCTION("""COMPUTED_VALUE"""),0.88) -> 0.88 | H8: =IFERROR(__xludf.DUMMYFUNCTION("""COMPUTED_VALUE"""),0.95) -> 0.95 | I8: =IFERROR(__xludf.DUMMYFUNCTION("""COMPUTED_VALUE"""),0.97) -> 0.97 | J8: =IFERROR(__xludf.DUMMYFUNCTION("""COMPUTED_VALUE"""),1) -> 1 | K8: =IFERROR(__xludf.DUMMYFUNCTION("""COMPUTED_VALUE"""),0.99) -> 0.99 | L8: =IFERROR(__xludf.DUMMYFUNCTION("""COMPUTED_VALUE"""),0.97) -> 0.97 | M8: =IFERROR(__xludf.DUMMYFUNCTION("""COMPUTED_VALUE"""),0.86) -> 0.86 | N8: =IFERROR(__xludf.DUMMYFUNCTION("""COMPUTED_VALUE"""),0.81) -> 0.81
A9: 08 0.77 0.91 0.80 0.92 0.94 0.98 0.99 1.00 0.95 0.91 0.77 0.71 | B9: =IFERROR(__xludf.DUMMYFUNCTION("split(A9,"" "")"),8) -> 8 | C9: =IFERROR(__xludf.DUMMYFUNCTION("""COMPUTED_VALUE"""),0.77) -> 0.77 | D9: =IFERROR(__xludf.DUMMYFUNCTION("""COMPUTED_VALUE"""),0.91) -> 0.91 | E9: =IFERROR(__xludf.DUMMYFUNCTION("""COMPUTED_VALUE"""),0.8) -> 0.8 | F9: =IFERROR(__xludf.DUMMYFUNCTION("""COMPUTED_VALUE"""),0.92) -> 0.92 | G9: =IFERROR(__xludf.DUMMYFUNCTION("""COMPUTED_VALUE"""),0.94) -> 0.94 | H9: =IFERROR(__xludf.DUMMYFUNCTION("""COMPUTED_VALUE"""),0.98) -> 0.98 | I9: =IFERROR(__xludf.DUMMYFUNCTION("""COMPUTED_VALUE"""),0.99) -> 0.99 | J9: =IFERROR(__xludf.DUMMYFUNCTION("""COMPUTED_VALUE"""),1) -> 1 | K9: =IFERROR(__xludf.DUMMYFUNCTION("""COMPUTED_VALUE"""),0.95) -> 0.95 | L9: =IFERROR(__xludf.DUMMYFUNCTION("""COMPUTED_VALUE"""),0.91) -> 0.91 | M9: =IFERROR(__xludf.DUMMYFUNCTION("""COMPUTED_VALUE"""),0.77) -> 0.77 | N9: =IFERROR(__xludf.DUMMYFUNCTION("""COMPUTED_VALUE"""),0.71) -> 0.71
A10: 09 0.86 0.96 0.88 0.96 0.98 1.00 1.00 0.97 0.89 0.84 0.67 0.61 | B10: =IFERROR(__xludf.DUMMYFUNCTION("split(A10,"" "")"),9) -> 9 | C10: =IFERROR(__xludf.DUMMYFUNCTION("""COMPUTED_VALUE"""),0.86) -> 0.86 | D10: =IFERROR(__xludf.DUMMYFUNCTION("""COMPUTED_VALUE"""),0.96) -> 0.96 | E10: =IFERROR(__xludf.DUMMYFUNCTION("""COMPUTED_VALUE"""),0.88) -> 0.88 | F10: =IFERROR(__xludf.DUMMYFUNCTION("""COMPUTED_VALUE"""),0.96) -> 0.96 | G10: =IFERROR(__xludf.DUMMYFUNCTION("""COMPUTED_VALUE"""),0.98) -> 0.98 | H10: =IFERROR(__xludf.DUMMYFUNCTION("""COMPUTED_VALUE"""),1) -> 1 | I10: =IFERROR(__xludf.DUMMYFUNCTION("""COMPUTED_VALUE"""),1) -> 1 | J10: =IFERROR(__xludf.DUMMYFUNCTION("""COMPUTED_VALUE"""),0.97) -> 0.97 | K10: =IFERROR(__xludf.DUMMYFUNCTION("""COMPUTED_VALUE"""),0.89) -> 0.89 | L10: =IFERROR(__xludf.DUMMYFUNCTION("""COMPUTED_VALUE"""),0.84) -> 0.84 | M10: =IFERROR(__xludf.DUMMYFUNCTION("""COMPUTED_VALUE"""),0.67) -> 0.67 | N10: =IFERROR(__xludf.DUMMYFUNCTION("""COMPUTED_VALUE"""),0.61) -> 0.61
A11: 10 0.93 0.99 0.94 0.99 1.00 0.99 0.99 0.93 0.81 0.74 0.56 0.50 | B11: =IFERROR(__xludf.DUMMYFUNCTION("split(A11,"" "")"),10) -> 10 | C11: =IFERROR(__xludf.DUMMYFUNCTION("""COMPUTED_VALUE"""),0.93) -> 0.93 | D11: =IFERROR(__xludf.DUMMYFUNCTION("""COMPUTED_VALUE"""),0.99) -> 0.99 | E11: =IFERROR(__xludf.DUMMYFUNCTION("""COMPUTED_VALUE"""),0.94) -> 0.94 | F11: =IFERROR(__xludf.DUMMYFUNCTION("""COMPUTED_VALUE"""),0.99) -> 0.99 | G11: =IFERROR(__xludf.DUMMYFUNCTION("""COMPUTED_VALUE"""),1) -> 1 | H11: =IFERROR(__xludf.DUMMYFUNCTION("""COMPUTED_VALUE"""),0.99) -> 0.99 | I11: =IFERROR(__xludf.DUMMYFUNCTION("""COMPUTED_VALUE"""),0.99) -> 0.99 | J11: =IFERROR(__xludf.DUMMYFUNCTION("""COMPUTED_VALUE"""),0.93) -> 0.93 | K11: =IFERROR(__xludf.DUMMYFUNCTION("""COMPUTED_VALUE"""),0.81) -> 0.81 | L11: =IFERROR(__xludf.DUMMYFUNCTION("""COMPUTED_VALUE"""),0.74) -> 0.74 | M11: =IFERROR(__xludf.DUMMYFUNCTION("""COMPUTED_VALUE"""),0.56) -> 0.56 | N11: =IFERROR(__xludf.DUMMYFUNCTION("""COMPUTED_VALUE"""),0.5) -> 0.5
A12: 11 0.98 1.00 0.98 1.00 1.00 0.97 0.96 0.87 0.72 0.64 0.45 0.40 | B12: =IFERROR(__xludf.DUMMYFUNCTION("split(A12,"" "")"),11) -> 11 | C12: =IFERROR(__xludf.DUMMYFUNCTION("""COMPUTED_VALUE"""),0.98) -> 0.98 | D12: =IFERROR(__xludf.DUMMYFUNCTION("""COMPUTED_VALUE"""),1) -> 1 | E12: =IFERROR(__xludf.DUMMYFUNCTION("""COMPUTED_VALUE"""),0.98) -> 0.98 | F12: =IFERROR(__xludf.DUMMYFUNCTION("""COMPUTED_VALUE"""),1) -> 1 | G12: =IFERROR(__xludf.DUMMYFUNCTION("""COMPUTED_VALUE"""),1) -> 1 | H12: =IFERROR(__xludf.DUMMYFUNCTION("""COMPUTED_VALUE"""),0.97) -> 0.97 | I12: =IFERROR(__xludf.DUMMYFUNCTION("""COMPUTED_VALUE"""),0.96) -> 0.96 | J12: =IFERROR(__xludf.DUMMYFUNCTION("""COMPUTED_VALUE"""),0.87) -> 0.87 | K12: =IFERROR(__xludf.DUMMYFUNCTION("""COMPUTED_VALUE"""),0.72) -> 0.72 | L12: =IFERROR(__xludf.DUMMYFUNCTION("""COMPUTED_VALUE"""),0.64) -> 0.64 | M12: =IFERROR(__xludf.DUMMYFUNCTION("""COMPUTED_VALUE"""),0.45) -> 0.45 | N12: =IFERROR(__xludf.DUMMYFUNCTION("""COMPUTED_VALUE"""),0.4) -> 0.4
A13: 12 1.00 0.98 1.00 0.99 0.98 0.93 0.91 0.79 0.61 0.52 0.34 0.30 | B13: =IFERROR(__xludf.DUMMYFUNCTION("split(A13,"" "")"),12) -> 12 | C13: =IFERROR(__xludf.DUMMYFUNCTION("""COMPUTED_VALUE"""),1) -> 1 | D13: =IFERROR(__xludf.DUMMYFUNCTION("""COMPUTED_VALUE"""),0.98) -> 0.98 | E13: =IFERROR(__xludf.DUMMYFUNCTION("""COMPUTED_VALUE"""),1) -> 1 | F13: =IFERROR(__xludf.DUMMYFUNCTION("""COMPUTED_VALUE"""),0.99) -> 0.99 | G13: =IFERROR(__xludf.DUMMYFUNCTION("""COMPUTED_VALUE"""),0.98) -> 0.98 | H13: =IFERROR(__xludf.DUMMYFUNCTION("""COMPUTED_VALUE"""),0.93) -> 0.93 | I13: =IFERROR(__xludf.DUMMYFUNCTION("""COMPUTED_VALUE"""),0.91) -> 0.91 | J13: =IFERROR(__xludf.DUMMYFUNCTION("""COMPUTED_VALUE"""),0.79) -> 0.79 | K13: =IFERROR(__xludf.DUMMYFUNCTION("""COMPUTED_VALUE"""),0.61) -> 0.61 | L13: =IFERROR(__xludf.DUMMYFUNCTION("""COMPUTED_VALUE"""),0.52) -> 0.52 | M13: =IFERROR(__xludf.DUMMYFUNCTION("""COMPUTED_VALUE"""),0.34) -> 0.34 | N13: =IFERROR(__xludf.DUMMYFUNCTION("""COMPUTED_VALUE"""),0.3) -> 0.3
A14: 13 0.99 0.94 0.99 0.96 0.95 0.87 0.84 0.69 0.49 0.41 0.25 0.21 | B14: =IFERROR(__xludf.DUMMYFUNCTION("split(A14,"" "")"),13) -> 13 | C14: =IFERROR(__xludf.DUMMYFUNCTION("""COMPUTED_VALUE"""),0.99) -> 0.99 | D14: =IFERROR(__xludf.DUMMYFUNCTION("""COMPUTED_VALUE"""),0.94) -> 0.94 | E14: =IFERROR(__xludf.DUMMYFUNCTION("""COMPUTED_VALUE"""),0.99) -> 0.99 | F14: =IFERROR(__xludf.DUMMYFUNCTION("""COMPUTED_VALUE"""),0.96) -> 0.96 | G14: =IFERROR(__xludf.DUMMYFUNCTION("""COMPUTED_VALUE"""),0.95) -> 0.95 | H14: =IFERROR(__xludf.DUMMYFUNCTION("""COMPUTED_VALUE"""),0.87) -> 0.87 | I14: =IFERROR(__xludf.DUMMYFUNCTION("""COMPUTED_VALUE"""),0.84) -> 0.84 | J14: =IFERROR(__xludf.DUMMYFUNCTION("""COMPUTED_VALUE"""),0.69) -> 0.69 | K14: =IFERROR(__xludf.DUMMYFUNCTION("""COMPUTED_VALUE"""),0.49) -> 0.49 | L14: =IFERROR(__xludf.DUMMYFUNCTION("""COMPUTED_VALUE"""),0.41) -> 0.41 | M14: =IFERROR(__xludf.DUMMYFUNCTION("""COMPUTED_VALUE"""),0.25) -> 0.25 | N14: =IFERROR(__xludf.DUMMYFUNCTION("""COMPUTED_VALUE"""),0.21) -> 0.21
A15: 14 0.96 0.88 0.97 0.91 0.90 0.80 0.76 0.58 0.38 0.30 0.16 0.14 | B15: =IFERROR(__xludf.DUMMYFUNCTION("split(A15,"" "")"),14) -> 14 | C15: =IFERROR(__xludf.DUMMYFUNCTION("""COMPUTED_VALUE"""),0.96) -> 0.96 | D15: =IFERROR(__xludf.DUMMYFUNCTION("""COMPUTED_VALUE"""),0.88) -> 0.88 | E15: =IFERROR(__xludf.DUMMYFUNCTION("""COMPUTED_VALUE"""),0.97) -> 0.97 | F15: =IFERROR(__xludf.DUMMYFUNCTION("""COMPUTED_VALUE"""),0.91) -> 0.91 | G15: =IFERROR(__xludf.DUMMYFUNCTION("""COMPUTED_VALUE"""),0.9) -> 0.9 | H15: =IFERROR(__xludf.DUMMYFUNCTION("""COMPUTED_VALUE"""),0.8) -> 0.8 | I15: =IFERROR(__xludf.DUMMYFUNCTION("""COMPUTED_VALUE"""),0.76) -> 0.76 | J15: =IFERROR(__xludf.DUMMYFUNCTION("""COMPUTED_VALUE"""),0.58) -> 0.58 | K15: =IFERROR(__xludf.DUMMYFUNCTION("""COMPUTED_VALUE"""),0.38) -> 0.38 | L15: =IFERROR(__xludf.DUMMYFUNCTION("""COMPUTED_VALUE"""),0.3) -> 0.3 | M15: =IFERROR(__xludf.DUMMYFUNCTION("""COMPUTED_VALUE"""),0.16) -> 0.16 | N15: =IFERROR(__xludf.DUMMYFUNCTION("""COMPUTED_VALUE"""),0.14) -> 0.14
A16: 15 0.90 0.81 0.93 0.85 0.83 0.72 0.66 0.47 0.27 0.21 0.10 0.08 | B16: =IFERROR(__xludf.DUMMYFUNCTION("split(A16,"" "")"),15) -> 15 | C16: =IFERROR(__xludf.DUMMYFUNCTION("""COMPUTED_VALUE"""),0.9) -> 0.9 | D16: =IFERROR(__xludf.DUMMYFUNCTION("""COMPUTED_VALUE"""),0.81) -> 0.81 | E16: =IFERROR(__xludf.DUMMYFUNCTION("""COMPUTED_VALUE"""),0.93) -> 0.93 | F16: =IFERROR(__xludf.DUMMYFUNCTION("""COMPUTED_VALUE"""),0.85) -> 0.85 | G16: =IFERROR(__xludf.DUMMYFUNCTION("""COMPUTED_VALUE"""),0.83) -> 0.83 | H16: =IFERROR(__xludf.DUMMYFUNCTION("""COMPUTED_VALUE"""),0.72) -> 0.72 | I16: =IFERROR(__xludf.DUMMYFUNCTION("""COMPUTED_VALUE"""),0.66) -> 0.66 | J16: =IFERROR(__xludf.DUMMYFUNCTION("""COMPUTED_VALUE"""),0.47) -> 0.47 | K16: =IFERROR(__xludf.DUMMYFUNCTION("""COMPUTED_VALUE"""),0.27) -> 0.27 | L16: =IFERROR(__xludf.DUMMYFUNCTION("""COMPUTED_VALUE"""),0.21) -> 0.21 | M16: =IFERROR(__xludf.DUMMYFUNCTION("""COMPUTED_VALUE"""),0.1) -> 0.1 | N16: =IFERROR(__xludf.DUMMYFUNCTION("""COMPUTED_VALUE"""),0.08) -> 0.08
A17: 16 0.83 0.73 0.87 0.78 0.76 0.62 0.55 0.36 0.18 0.13 0.05 0.04 | B17: =IFERROR(__xludf.DUMMYFUNCTION("split(A17,"" "")"),16) -> 16 | C17: =IFERROR(__xludf.DUMMYFUNCTION("""COMPUTED_VALUE"""),0.83) -> 0.83 | D17: =IFERROR(__xludf.DUMMYFUNCTION("""COMPUTED_VALUE"""),0.73) -> 0.73 | E17: =IFERROR(__xludf.DUMMYFUNCTION("""COMPUTED_VALUE"""),0.87) -> 0.87 | F17: =IFERROR(__xludf.DUMMYFUNCTION("""COMPUTED_VALUE"""),0.78) -> 0.78 | G17: =IFERROR(__xludf.DUMMYFUNCTION("""COMPUTED_VALUE"""),0.76) -> 0.76 | H17: =IFERROR(__xludf.DUMMYFUNCTION("""COMPUTED_VALUE"""),0.62) -> 0.62 | I17: =IFERROR(__xludf.DUMMYFUNCTION("""COMPUTED_VALUE"""),0.55) -> 0.55 | J17: =IFERROR(__xludf.DUMMYFUNCTION("""COMPUTED_VALUE"""),0.36) -> 0.36 | K17: =IFERROR(__xludf.DUMMYFUNCTION("""COMPUTED_VALUE"""),0.18) -> 0.18 | L17: =IFERROR(__xludf.DUMMYFUNCTION("""COMPUTED_VALUE"""),0.13) -> 0.13 | M17: =IFERROR(__xludf.DUMMYFUNCTION("""COMPUTED_VALUE"""),0.05) -> 0.05 | N17: =IFERROR(__xludf.DUMMYFUNCTION("""COMPUTED_VALUE"""),0.04) -> 0.04
A18: 17 0.74 0.64 0.80 0.70 0.67 0.52 0.44 0.25 0.10 0.07 0.01 0.01 | B18: =IFERROR(__xludf.DUMMYFUNCTION("split(A18,"" "")"),17) -> 17 | C18: =IFERROR(__xludf.DUMMYFUNCTION("""COMPUTED_VALUE"""),0.74) -> 0.74 | D18: =IFERROR(__xludf.DUMMYFUNCTION("""COMPUTED_VALUE"""),0.64) -> 0.64 | E18: =IFERROR(__xludf.DUMMYFUNCTION("""COMPUTED_VALUE"""),0.8) -> 0.8 | F18: =IFERROR(__xludf.DUMMYFUNCTION("""COMPUTED_VALUE"""),0.7) -> 0.7 | G18: =IFERROR(__xludf.DUMMYFUNCTION("""COMPUTED_VALUE"""),0.67) -> 0.67 | H18: =IFERROR(__xludf.DUMMYFUNCTION("""COMPUTED_VALUE"""),0.52) -> 0.52 | I18: =IFERROR(__xludf.DUMMYFUNCTION("""COMPUTED_VALUE"""),0.44) -> 0.44 | J18: =IFERROR(__xludf.DUMMYFUNCTION("""COMPUTED_VALUE"""),0.25) -> 0.25 | K18: =IFERROR(__xludf.DUMMYFUNCTION("""COMPUTED_VALUE"""),0.1) -> 0.1 | L18: =IFERROR(__xludf.DUMMYFUNCTION("""COMPUTED_VALUE"""),0.07) -> 0.07 | M18: =IFERROR(__xludf.DUMMYFUNCTION("""COMPUTED_VALUE"""),0.01) -> 0.01 | N18: =IFERROR(__xludf.DUMMYFUNCTION("""COMPUTED_VALUE"""),0.01) -> 0.01
A19: 18 0.65 0.55 0.71 0.61 0.57 0.41 0.33 0.15 0.04 0.02 0.00 0.00 | B19: =IFERROR(__xludf.DUMMYFUNCTION("split(A19,"" "")"),18) -> 18 | C19: =IFERROR(__xludf.DUMMYFUNCTION("""COMPUTED_VALUE"""),0.65) -> 0.65 | D19: =IFERROR(__xludf.DUMMYFUNCTION("""COMPUTED_VALUE"""),0.55) -> 0.55 | E19: =IFERROR(__xludf.DUMMYFUNCTION("""COMPUTED_VALUE"""),0.71) -> 0.71 | F19: =IFERROR(__xludf.DUMMYFUNCTION("""COMPUTED_VALUE"""),0.61) -> 0.61 | G19: =IFERROR(__xludf.DUMMYFUNCTION("""COMPUTED_VALUE"""),0.57) -> 0.57 | H19: =IFERROR(__xludf.DUMMYFUNCTION("""COMPUTED_VALUE"""),0.41) -> 0.41 | I19: =IFERROR(__xludf.DUMMYFUNCTION("""COMPUTED_VALUE"""),0.33) -> 0.33 | J19: =IFERROR(__xludf.DUMMYFUNCTION("""COMPUTED_VALUE"""),0.15) -> 0.15 | K19: =IFERROR(__xludf.DUMMYFUNCTION("""COMPUTED_VALUE"""),0.04) -> 0.04 | L19: =IFERROR(__xludf.DUMMYFUNCTION("""COMPUTED_VALUE"""),0.02) -> 0.02 | M19: =IFERROR(__xludf.DUMMYFUNCTION("""COMPUTED_VALUE"""),0) -> 0 | N19: =IFERROR(__xludf.DUMMYFUNCTION("""COMPUTED_VALUE"""),0) -> 0
A20: 19 0.56 0.45 0.63 0.51 0.47 0.30 0.23 0.08 0.01 0.00 0.01 0.01 | B20: =IFERROR(__xludf.DUMMYFUNCTION("split(A20,"" "")"),19) -> 19 | C20: =IFERROR(__xludf.DUMMYFUNCTION("""COMPUTED_VALUE"""),0.56) -> 0.56 | D20: =IFERROR(__xludf.DUMMYFUNCTION("""COMPUTED_VALUE"""),0.45) -> 0.45 | E20: =IFERROR(__xludf.DUMMYFUNCTION("""COMPUTED_VALUE"""),0.63) -> 0.63 | F20: =IFERROR(__xludf.DUMMYFUNCTION("""COMPUTED_VALUE"""),0.51) -> 0.51 | G20: =IFERROR(__xludf.DUMMYFUNCTION("""COMPUTED_VALUE"""),0.47) -> 0.47 | H20: =IFERROR(__xludf.DUMMYFUNCTION("""COMPUTED_VALUE"""),0.3) -> 0.3 | I20: =IFERROR(__xludf.DUMMYFUNCTION("""COMPUTED_VALUE"""),0.23) -> 0.23 | J20: =IFERROR(__xludf.DUMMYFUNCTION("""COMPUTED_VALUE"""),0.08) -> 0.08 | K20: =IFERROR(__xludf.DUMMYFUNCTION("""COMPUTED_VALUE"""),0.01) -> 0.01 | L20: =IFERROR(__xludf.DUMMYFUNCTION("""COMPUTED_VALUE"""),0) -> 0 | M20: =IFERROR(__xludf.DUMMYFUNCTION("""COMPUTED_VALUE"""),0.01) -> 0.01 | N20: =IFERROR(__xludf.DUMMYFUNCTION("""COMPUTED_VALUE"""),0.01) -> 0.01
A21: 20 0.46 0.36 0.53 0.41 0.37 0.20 0.13 0.03 0.00 0.00 0.03 0.04 | B21: =IFERROR(__xludf.DUMMYFUNCTION("split(A21,"" "")"),20) -> 20 | C21: =IFERROR(__xludf.DUMMYFUNCTION("""COMPUTED_VALUE"""),0.46) -> 0.46 | D21: =IFERROR(__xludf.DUMMYFUNCTION("""COMPUTED_VALUE"""),0.36) -> 0.36 | E21: =IFERROR(__xludf.DUMMYFUNCTION("""COMPUTED_VALUE"""),0.53) -> 0.53 | F21: =IFERROR(__xludf.DUMMYFUNCTION("""COMPUTED_VALUE"""),0.41) -> 0.41 | G21: =IFERROR(__xludf.DUMMYFUNCTION("""COMPUTED_VALUE"""),0.37) -> 0.37 | H21: =IFERROR(__xludf.DUMMYFUNCTION("""COMPUTED_VALUE"""),0.2) -> 0.2 | I21: =IFERROR(__xludf.DUMMYFUNCTION("""COMPUTED_VALUE"""),0.13) -> 0.13 | J21: =IFERROR(__xludf.DUMMYFUNCTION("""COMPUTED_VALUE"""),0.03) -> 0.03 | K21: =IFERROR(__xludf.DUMMYFUNCTION("""COMPUTED_VALUE"""),0) -> 0 | L21: =IFERROR(__xludf.DUMMYFUNCTION("""COMPUTED_VALUE"""),0) -> 0 | M21: =IFERROR(__xludf.DUMMYFUNCTION("""COMPUTED_VALUE"""),0.03) -> 0.03 | N21: =IFERROR(__xludf.DUMMYFUNCTION("""COMPUTED_VALUE"""),0.04) -> 0.04
A22: 21 0.37 0.27 0.44 0.31 0.26 0.12 0.06 0.00 0.01 0.03 0.07 0.08 | B22: =IFERROR(__xludf.DUMMYFUNCTION("split(A22,"" "")"),21) -> 21 | C22: =IFERROR(__xludf.DUMMYFUNCTION("""COMPUTED_VALUE"""),0.37) -> 0.37 | D22: =IFERROR(__xludf.DUMMYFUNCTION("""COMPUTED_VALUE"""),0.27) -> 0.27 | E22: =IFERROR(__xludf.DUMMYFUNCTION("""COMPUTED_VALUE"""),0.44) -> 0.44 | F22: =IFERROR(__xludf.DUMMYFUNCTION("""COMPUTED_VALUE"""),0.31) -> 0.31 | G22: =IFERROR(__xludf.DUMMYFUNCTION("""COMPUTED_VALUE"""),0.26) -> 0.26 | H22: =IFERROR(__xludf.DUMMYFUNCTION("""COMPUTED_VALUE"""),0.12) -> 0.12 | I22: =IFERROR(__xludf.DUMMYFUNCTION("""COMPUTED_VALUE"""),0.06) -> 0.06 | J22: =IFERROR(__xludf.DUMMYFUNCTION("""COMPUTED_VALUE"""),0) -> 0 | K22: =IFERROR(__xludf.DUMMYFUNCTION("""COMPUTED_VALUE"""),0.01) -> 0.01 | L22: =IFERROR(__xludf.DUMMYFUNCTION("""COMPUTED_VALUE"""),0.03) -> 0.03 | M22: =IFERROR(__xludf.DUMMYFUNCTION("""COMPUTED_VALUE"""),0.07) -> 0.07 | N22: =IFERROR(__xludf.DUMMYFUNCTION("""COMPUTED_VALUE"""),0.08) -> 0.08
A23: 22 0.28 0.19 0.34 0.22 0.17 0.05 0.02 0.00 0.05 0.06 0.13 0.14 | B23: =IFERROR(__xludf.DUMMYFUNCTION("split(A23,"" "")"),22) -> 22 | C23: =IFERROR(__xludf.DUMMYFUNCTION("""COMPUTED_VALUE"""),0.28) -> 0.28 | D23: =IFERROR(__xludf.DUMMYFUNCTION("""COMPUTED_VALUE"""),0.19) -> 0.19 | E23: =IFERROR(__xludf.DUMMYFUNCTION("""COMPUTED_VALUE"""),0.34) -> 0.34 | F23: =IFERROR(__xludf.DUMMYFUNCTION("""COMPUTED_VALUE"""),0.22) -> 0.22 | G23: =IFERROR(__xludf.DUMMYFUNCTION("""COMPUTED_VALUE"""),0.17) -> 0.17 | H23: =IFERROR(__xludf.DUMMYFUNCTION("""COMPUTED_VALUE"""),0.05) -> 0.05 | I23: =IFERROR(__xludf.DUMMYFUNCTION("""COMPUTED_VALUE"""),0.02) -> 0.02 | J23: =IFERROR(__xludf.DUMMYFUNCTION("""COMPUTED_VALUE"""),0) -> 0 | K23: =IFERROR(__xludf.DUMMYFUNCTION("""COMPUTED_VALUE"""),0.05) -> 0.05 | L23: =IFERROR(__xludf.DUMMYFUNCTION("""COMPUTED_VALUE"""),0.06) -> 0.06 | M23: =IFERROR(__xludf.DUMMYFUNCTION("""COMPUTED_VALUE"""),0.13) -> 0.13 | N23: =IFERROR(__xludf.DUMMYFUNCTION("""COMPUTED_VALUE"""),0.14) -> 0.14
A24: 23 0.20 0.12 0.25 0.14 0.09 0.01 0.00 0.03 0.10 0.12 0.20 0.21 | B24: =IFERROR(__xludf.DUMMYFUNCTION("split(A24,"" "")"),23) -> 23 | C24: =IFERROR(__xludf.DUMMYFUNCTION("""COMPUTED_VALUE"""),0.2) -> 0.2 | D24: =IFERROR(__xludf.DUMMYFUNCTION("""COMPUTED_VALUE"""),0.12) -> 0.12 | E24: =IFERROR(__xludf.DUMMYFUNCTION("""COMPUTED_VALUE"""),0.25) -> 0.25 | F24: =IFERROR(__xludf.DUMMYFUNCTION("""COMPUTED_VALUE"""),0.14) -> 0.14 | G24: =IFERROR(__xludf.DUMMYFUNCTION("""COMPUTED_VALUE"""),0.09) -> 0.09 | H24: =IFERROR(__xludf.DUMMYFUNCTION("""COMPUTED_VALUE"""),0.01) -> 0.01 | I24: =IFERROR(__xludf.DUMMYFUNCTION("""COMPUTED_VALUE"""),0) -> 0 | J24: =IFERROR(__xludf.DUMMYFUNCTION("""COMPUTED_VALUE"""),0.03) -> 0.03 | K24: =IFERROR(__xludf.DUMMYFUNCTION("""COMPUTED_VALUE"""),0.1) -> 0.1 | L24: =IFERROR(__xludf.DUMMYFUNCTION("""COMPUTED_VALUE"""),0.12) -> 0.12 | M24: =IFERROR(__xludf.DUMMYFUNCTION("""COMPUTED_VALUE"""),0.2) -> 0.2 | N24: =IFERROR(__xludf.DUMMYFUNCTION("""COMPUTED_VALUE"""),0.21) -> 0.21
A25: 24 0.13 0.06 0.17 0.07 0.04 0.00 0.01 0.08 0.17 0.19 0.28 0.30 | B25: =IFERROR(__xludf.DUMMYFUNCTION("split(A25,"" "")"),24) -> 24 | C25: =IFERROR(__xludf.DUMMYFUNCTION("""COMPUTED_VALUE"""),0.13) -> 0.13 | D25: =IFERROR(__xludf.DUMMYFUNCTION("""COMPUTED_VALUE"""),0.06) -> 0.06 | E25: =IFERROR(__xludf.DUMMYFUNCTION("""COMPUTED_VALUE"""),0.17) -> 0.17 | F25: =IFERROR(__xludf.DUMMYFUNCTION("""COMPUTED_VALUE"""),0.07) -> 0.07 | G25: =IFERROR(__xludf.DUMMYFUNCTION("""COMPUTED_VALUE"""),0.04) -> 0.04 | H25: =IFERROR(__xludf.DUMMYFUNCTION("""COMPUTED_VALUE"""),0) -> 0 | I25: =IFERROR(__xludf.DUMMYFUNCTION("""COMPUTED_VALUE"""),0.01) -> 0.01 | J25: =IFERROR(__xludf.DUMMYFUNCTION("""COMPUTED_VALUE"""),0.08) -> 0.08 | K25: =IFERROR(__xludf.DUMMYFUNCTION("""COMPUTED_VALUE"""),0.17) -> 0.17 | L25: =IFERROR(__xludf.DUMMYFUNCTION("""COMPUTED_VALUE"""),0.19) -> 0.19 | M25: =IFERROR(__xludf.DUMMYFUNCTION("""COMPUTED_VALUE"""),0.28) -> 0.28 | N25: =IFERROR(__xludf.DUMMYFUNCTION("""COMPUTED_VALUE"""),0.3) -> 0.3
A26: 25 0.07 0.02 0.10 0.02 0.01 0.02 0.05 0.15 0.25 0.26 0.37 0.39 | B26: =IFERROR(__xludf.DUMMYFUNCTION("split(A26,"" "")"),25) -> 25 | C26: =IFERROR(__xludf.DUMMYFUNCTION("""COMPUTED_VALUE"""),0.07) -> 0.07 | D26: =IFERROR(__xludf.DUMMYFUNCTION("""COMPUTED_VALUE"""),0.02) -> 0.02 | E26: =IFERROR(__xludf.DUMMYFUNCTION("""COMPUTED_VALUE"""),0.1) -> 0.1 | F26: =IFERROR(__xludf.DUMMYFUNCTION("""COMPUTED_VALUE"""),0.02) -> 0.02 | G26: =IFERROR(__xludf.DUMMYFUNCTION("""COMPUTED_VALUE"""),0.01) -> 0.01 | H26: =IFERROR(__xludf.DUMMYFUNCTION("""COMPUTED_VALUE"""),0.02) -> 0.02 | I26: =IFERROR(__xludf.DUMMYFUNCTION("""COMPUTED_VALUE"""),0.05) -> 0.05 | J26: =IFERROR(__xludf.DUMMYFUNCTION("""COMPUTED_VALUE"""),0.15) -> 0.15 | K26: =IFERROR(__xludf.DUMMYFUNCTION("""COMPUTED_VALUE"""),0.25) -> 0.25 | L26: =IFERROR(__xludf.DUMMYFUNCTION("""COMPUTED_VALUE"""),0.26) -> 0.26 | M26: =IFERROR(__xludf.DUMMYFUNCTION("""COMPUTED_VALUE"""),0.37) -> 0.37 | N26: =IFERROR(__xludf.DUMMYFUNCTION("""COMPUTED_VALUE"""),0.39) -> 0.39
A27: 26 0.03 0.00 0.04 0.00 0.01 0.07 0.11 0.22 0.34 0.35 0.46 0.50 | B27: =IFERROR(__xludf.DUMMYFUNCTION("split(A27,"" "")"),26) -> 26 | C27: =IFERROR(__xludf.DUMMYFUNCTION("""COMPUTED_VALUE"""),0.03) -> 0.03 | D27: =IFERROR(__xludf.DUMMYFUNCTION("""COMPUTED_VALUE"""),0) -> 0 | E27: =IFERROR(__xludf.DUMMYFUNCTION("""COMPUTED_VALUE"""),0.04) -> 0.04 | F27: =IFERROR(__xludf.DUMMYFUNCTION("""COMPUTED_VALUE"""),0) -> 0 | G27: =IFERROR(__xludf.DUMMYFUNCTION("""COMPUTED_VALUE"""),0.01) -> 0.01 | H27: =IFERROR(__xludf.DUMMYFUNCTION("""COMPUTED_VALUE"""),0.07) -> 0.07 | I27: =IFERROR(__xludf.DUMMYFUNCTION("""COMPUTED_VALUE"""),0.11) -> 0.11 | J27: =IFERROR(__xludf.DUMMYFUNCTION("""COMPUTED_VALUE"""),0.22) -> 0.22 | K27: =IFERROR(__xludf.DUMMYFUNCTION("""COMPUTED_VALUE"""),0.34) -> 0.34 | L27: =IFERROR(__xludf.DUMMYFUNCTION("""COMPUTED_VALUE"""),0.35) -> 0.35 | M27: =IFERROR(__xludf.DUMMYFUNCTION("""COMPUTED_VALUE"""),0.46) -> 0.46 | N27: =IFERROR(__xludf.DUMMYFUNCTION("""COMPUTED_VALUE"""),0.5) -> 0.5
A28: 27 0.01 0.01 0.01 0.01 0.04 0.14 0.19 0.31 0.43 0.44 0.56 0.60 | B28: =IFERROR(__xludf.DUMMYFUNCTION("split(A28,"" "")"),27) -> 27 | C28: =IFERROR(__xludf.DUMMYFUNCTION("""COMPUTED_VALUE"""),0.01) -> 0.01 | D28: =IFERROR(__xludf.DUMMYFUNCTION("""COMPUTED_VALUE"""),0.01) -> 0.01 | E28: =IFERROR(__xludf.DUMMYFUNCTION("""COMPUTED_VALUE"""),0.01) -> 0.01 | F28: =IFERROR(__xludf.DUMMYFUNCTION("""COMPUTED_VALUE"""),0.01) -> 0.01 | G28: =IFERROR(__xludf.DUMMYFUNCTION("""COMPUTED_VALUE"""),0.04) -> 0.04 | H28: =IFERROR(__xludf.DUMMYFUNCTION("""COMPUTED_VALUE"""),0.14) -> 0.14 | I28: =IFERROR(__xludf.DUMMYFUNCTION("""COMPUTED_VALUE"""),0.19) -> 0.19 | J28: =IFERROR(__xludf.DUMMYFUNCTION("""COMPUTED_VALUE"""),0.31) -> 0.31 | K28: =IFERROR(__xludf.DUMMYFUNCTION("""COMPUTED_VALUE"""),0.43) -> 0.43 | L28: =IFERROR(__xludf.DUMMYFUNCTION("""COMPUTED_VALUE"""),0.44) -> 0.44 | M28: =IFERROR(__xludf.DUMMYFUNCTION("""COMPUTED_VALUE"""),0.56) -> 0.56 | N28: =IFERROR(__xludf.DUMMYFUNCTION("""COMPUTED_VALUE"""),0.6) -> 0.6
A29: 28 0.00 0.04 0.00 0.05 0.09 0.23 0.28 0.41 0.52 0.54 0.66 0.70 | B29: =IFERROR(__xludf.DUMMYFUNCTION("split(A29,"" "")"),28) -> 28 | C29: =IFERROR(__xludf.DUMMYFUNCTION("""COMPUTED_VALUE"""),0) -> 0 | D29: =IFERROR(__xludf.DUMMYFUNCTION("""COMPUTED_VALUE"""),0.04) -> 0.04 | E29: =IFERROR(__xludf.DUMMYFUNCTION("""COMPUTED_VALUE"""),0) -> 0 | F29: =IFERROR(__xludf.DUMMYFUNCTION("""COMPUTED_VALUE"""),0.05) -> 0.05 | G29: =IFERROR(__xludf.DUMMYFUNCTION("""COMPUTED_VALUE"""),0.09) -> 0.09 | H29: =IFERROR(__xludf.DUMMYFUNCTION("""COMPUTED_VALUE"""),0.23) -> 0.23 | I29: =IFERROR(__xludf.DUMMYFUNCTION("""COMPUTED_VALUE"""),0.28) -> 0.28 | J29: =IFERROR(__xludf.DUMMYFUNCTION("""COMPUTED_VALUE"""),0.41) -> 0.41 | K29: =IFERROR(__xludf.DUMMYFUNCTION("""COMPUTED_VALUE"""),0.52) -> 0.52 | L29: =IFERROR(__xludf.DUMMYFUNCTION("""COMPUTED_VALUE"""),0.54) -> 0.54 | M29: =IFERROR(__xludf.DUMMYFUNCTION("""COMPUTED_VALUE"""),0.66) -> 0.66 | N29: =IFERROR(__xludf.DUMMYFUNCTION("""COMPUTED_VALUE"""),0.7) -> 0.7
A30: 29 0.02 x 0.02 0.12 0.18 0.33 0.37 0.50 0.62 0.64 0.76 0.80 | B30: =IFERROR(__xludf.DUMMYFUNCTION("split(A30,"" "")"),29) -> 29 | C30: =IFERROR(__xludf.DUMMYFUNCTION("""COMPUTED_VALUE"""),0.02) -> 0.02 | D30: =IFERROR(__xludf.DUMMYFUNCTION("""COMPUTED_VALUE"""),"x") -> x | E30: =IFERROR(__xludf.DUMMYFUNCTION("""COMPUTED_VALUE"""),0.02) -> 0.02 | F30: =IFERROR(__xludf.DUMMYFUNCTION("""COMPUTED_VALUE"""),0.12) -> 0.12 | G30: =IFERROR(__xludf.DUMMYFUNCTION("""COMPUTED_VALUE"""),0.18) -> 0.18 | H30: =IFERROR(__xludf.DUMMYFUNCTION("""COMPUTED_VALUE"""),0.33) -> 0.33 | I30: =IFERROR(__xludf.DUMMYFUNCTION("""COMPUTED_VALUE"""),0.37) -> 0.37 | J30: =IFERROR(__xludf.DUMMYFUNCTION("""COMPUTED_VALUE"""),0.5) -> 0.5 | K30: =IFERROR(__xludf.DUMMYFUNCTION("""COMPUTED_VALUE"""),0.62) -> 0.62 | L30: =IFERROR(__xludf.DUMMYFUNCTION("""COMPUTED_VALUE"""),0.64) -> 0.64 | M30: =IFERROR(__xludf.DUMMYFUNCTION("""COMPUTED_VALUE"""),0.76) -> 0.76 | N30: =IFERROR(__xludf.DUMMYFUNCTION("""COMPUTED_VALUE"""),0.8) -> 0.8
A31: 30 0.06 x 0.07 0.20 0.27 0.43 0.47 0.59 0.71 0.73 0.85 0.89 | B31: =IFERROR(__xludf.DUMMYFUNCTION("split(A31,"" "")"),30) -> 30 | C31: =IFERROR(__xludf.DUMMYFUNCTION("""COMPUTED_VALUE"""),0.06) -> 0.06 | D31: =IFERROR(__xludf.DUMMYFUNCTION("""COMPUTED_VALUE"""),"x") -> x | E31: =IFERROR(__xludf.DUMMYFUNCTION("""COMPUTED_VALUE"""),0.07) -> 0.07 | F31: =IFERROR(__xludf.DUMMYFUNCTION("""COMPUTED_VALUE"""),0.2) -> 0.2 | G31: =IFERROR(__xludf.DUMMYFUNCTION("""COMPUTED_VALUE"""),0.27) -> 0.27 | H31: =IFERROR(__xludf.DUMMYFUNCTION("""COMPUTED_VALUE"""),0.43) -> 0.43 | I31: =IFERROR(__xludf.DUMMYFUNCTION("""COMPUTED_VALUE"""),0.47) -> 0.47 | J31: =IFERROR(__xludf.DUMMYFUNCTION("""COMPUTED_VALUE"""),0.59) -> 0.59 | K31: =IFERROR(__xludf.DUMMYFUNCTION("""COMPUTED_VALUE"""),0.71) -> 0.71 | L31: =IFERROR(__xludf.DUMMYFUNCTION("""COMPUTED_VALUE"""),0.73) -> 0.73 | M31: =IFERROR(__xludf.DUMMYFUNCTION("""COMPUTED_VALUE"""),0.85) -> 0.85 | N31: =IFERROR(__xludf.DUMMYFUNCTION("""COMPUTED_VALUE"""),0.89) -> 0.89
A32: 31 0.12 x 0.14 x 0.37 x 0.57 0.69 x 0.82 x 0.95 | B32: =IFERROR(__xludf.DUMMYFUNCTION("split(A32,"" "")"),31) -> 31 | C32: =IFERROR(__xludf.DUMMYFUNCTION("""COMPUTED_VALUE"""),0.12) -> 0.12 | D32: =IFERROR(__xludf.DUMMYFUNCTION("""COMPUTED_VALUE"""),"x") -> x | E32: =IFERROR(__xludf.DUMMYFUNCTION("""COMPUTED_VALUE"""),0.14) -> 0.14 | F32: =IFERROR(__xludf.DUMMYFUNCTION("""COMPUTED_VALUE"""),"x") -> x | G32: =IFERROR(__xludf.DUMMYFUNCTION("""COMPUTED_VALUE"""),0.37) -> 0.37 | H32: =IFERROR(__xludf.DUMMYFUNCTION("""COMPUTED_VALUE"""),"x") -> x | I32: =IFERROR(__xludf.DUMMYFUNCTION("""COMPUTED_VALUE"""),0.57) -> 0.57 | J32: =IFERROR(__xludf.DUMMYFUNCTION("""COMPUTED_VALUE"""),0.69) -> 0.69 | K32: =IFERROR(__xludf.DUMMYFUNCTION("""COMPUTED_VALUE"""),"x") -> x | L32: =IFERROR(__xludf.DUMMYFUNCTION("""COMPUTED_VALUE"""),0.82) -> 0.82 | M32: =IFERROR(__xludf.DUMMYFUNCTION("""COMPUTED_VALUE"""),"x") -> x | N32: =IFERROR(__xludf.DUMMYFUNCTION("""COMPUTED_VALUE"""),0.95) -> 0.95

Sheet Legend
A1: Month | B1: Each month is stored in its own tab - DO NOT CHANGE
A2: Date | B2: Date of the observation - note that each month has its own tab. DO NOT CHANGE
A3: Sunset (Hidden) | B3: This is the time when the sun sets below the horizon. This is incuded as an aid to setting the time for volunteers to assemble. DO NOT CHANGE.
A4: Dark | B4: This is the time of the end of civil twilight - when it becomes too dark to see without artificial illumination.This is incuded as an aid to setting the time for volunteers to assemble. DO NOT CHANGE.
A5: Shift | B5: 1 = Regular, 2 = Night Owl
A6: Captain | B6: The captain in charge on this date. Each captain is responsible for making his/her own daily entry.
A7: Monitored (Y/N) | B7: Enter Y if you went out to the site and N if not.
A8: Start time | B8: The time of arrival on site.
A9: End time | B9: The final time of departure from the site.
A10: Start temp | B10: The temperature when you arrived on site OR the temperature you used to make the go/no-go decision for the evening.
A11: End temp | B11: The temperature when everyone went home for the night
A12: Weather | B12: The weather you used to make the go/no-go decision for the evening.
... A18: Barometric Pressure | B18: Available at http://w1.weather.gov/obhistory/KPDX.html. Suffix + indicates rising, - indicates falling.

Sheet column labels
A1: nov | B1: dec | C1: jan | D1: feb | E1: mar | F1: apr
A2: Date | B2: Date | C2: Date | D2: Date | E2: Date | F2: Date | G2: Date
A3: Sunset | B3: Sunset | C3: Sunset | D3: Sunset | E3: Sunset | F3: Sunset | G3: Sunset
A4: Civil Twilight | B4: Civil Twilight | C4: Civil Twilight | D4: Civil Twilight | E4: Civil Twilight | F4: Civil Twilight | G4: Civil Twilight
A5: Captain | B5: Captain | C5: Captain | D5: Captain | E5: Captain | F5: Captain | G5: Captain
A6: Monitored (Y/N) | B6: Monitored (Y/N) | C6: Monitored (Y/N) | D6: Monitored (Y/N) | E6: Monitored (Y/N) | F6: Monitored (Y/N) | G6: Monitored (Y/N)
A7: Start time | B7: Start time | C7: Start time | D7: Start time | E7: Start time | F7: Start time | G7: Start time
A8: End time | B8: End time | C8: End time | D8: End time | E8: End time | F8: End time | G8: End time
A9: Hours | B9: Hours | C9: Hours | D9: Hours monitored | E9: Hours monitored | F9: Hours monitored | G9: Hours
A10: Team Hrs. | B10: Team Hrs. | C10: Team Hrs. | D10: Team Hrs. | E10: Team Hrs. | F10: Team Hrs. | G10: Team Hrs.
A11: Start Temp | B11: Start Temp | C11: Start Temp. | D11: Start Temp | E11: Start temp | F11: Start temp | G11: Start Temp
A12: End Temp | B12: End Temp | C12: End Temp | D12: End Temp | E12: End temp | F12: End temp | G12: End Temp
A13: Weather | B13: Weather | C13: Weather | D13: Weather | E13: Weather | F13: Weather | G13: Weather
A14: Females assisted down | B14: Females assisted down | C14: Females assisted down | D14: Females assisted down | E14: Females assisted down | F14: Females assisted down | G14: Females assisted down
A15: Males assisted down | B15: Males assisted down | C15: Males assisted down | D15: Males assisted down | E15: Males assisted down | F15: Males assisted down | G15: Males assisted down | H15: NOV_F_A_DN | I15: DEC_F_A_DN | J15: JAN_F_A_DN | K15: FEB_F_A_DN | L15: MAR_F_A_DN | M15: =IFERROR(__xludf.DUMMYFUNCTION("JOIN("" + "",H15:L15)"),"NOV_F_A_DN + DEC_F_A_DN + JAN_F_A_DN + FEB_F_A_DN + MAR_F_A_DN") -> NOV_F_A_DN + DEC_F_A_DN + JAN_F_A_DN + FEB_F_A_DN + MAR_F_A_DN
A16: Females unassisted down | B16: Females unassisted down | C16: Unassisted Females down | D16: Unassisted Females down | E16: Unassisted Females down | F16: Unassisted Females down | G16: Females unassisted down | H16: NOV_M_A_DN | I16: DEC_M_A_DN | J16: JAN_M_A_DN | K16: FEB_M_A_DN | L16: MAR_M_A_DN | M16: =IFERROR(__xludf.DUMMYFUNCTION("JOIN("" + "",H16:L16)"),"NOV_M_A_DN + DEC_M_A_DN + JAN_M_A_DN + FEB_M_A_DN + MAR_M_A_DN") -> NOV_M_A_DN + DEC_M_A_DN + JAN_M_A_DN + FEB_M_A_DN + MAR_M_A_DN
A17: Males unassisted down | B17: Males unassisted down | C17: Unasissted Males down | D17: Unasissted Males down | E17: Unasissted Males down | F17: Unasissted Males down | G17: Males unassisted down | H17: NOV_F_U_DN | I17: DEC_F_U_DN | J17: JAN_F_U_DN | K17: FEB_F_U_DN | L17: MAR_F_U_DN | M17: =IFERROR(__xludf.DUMMYFUNCTION("JOIN("" + "",H17:L17)"),"NOV_F_U_DN + DEC_F_U_DN + JAN_F_U_DN + FEB_F_U_DN + MAR_F_U_DN") -> NOV_F_U_DN + DEC_F_U_DN + JAN_F_U_DN + FEB_F_U_DN + MAR_F_U_DN
