Workbook
Name dec_tot_down: 'December 2020'!$Z$33
Name apr_tot_down: #REF!
Name jan_tot_down: 'January 2021'!$Z$33
Name jan_tot_hrs: 'January 2021'!$J$33
Name mar_tot_up: 'April 2021'!$AA$33
Name apr_tot_up: #REF!
Name mar_tot_down: 'March 2021'!$Z$33
Name feb_tot_hrs: 'February 2021'!$J$33
Name nov_tot_up: 'November 2020'!$AA$33
Name feb_tot_down: 'February 2021'!$Z$33
Name nov_tot_down: 'November 2020'!$Z$33
Name mar_tot_hrs: 'March 2021'!$J$33
Name nov_tot_hrs: 'November 2020'!$J$33
Name MAR_F_A_DN: 'March 2021'!$N$33
Name MAR_F_A_DN: 'April 2021'!$N$33
Name mar_tot_hrs: 'April 2021'!$J$33
Name jan_tot_up: 'January 2021'!$AA$33
Name dec_tot_up: 'December 2020'!$AA$33
Name feb_tot_up: 'February 2021'!$AA$33
Name mar_tot_down: 'April 2021'!$Z$33
Name mar_tot_up: 'March 2021'!$AA$33
Name dec_tot_hrs: 'December 2020'!$J$33

Sheet February 2021
A1: 28 | B1: Sunset | C1: Civil Twilight | D1: Captain | E1: Monitored (Y/N) | F1: Start time HH:MM | G1: End Date | H1: End time HH:MM | I1: Hours monitored | J1: Team Hrs. | K1: Start Temp | L1: End Temp | M1: Weather | N1: Females assisted down | O1: Males assisted down | P1: Unassisted Females down | Q1: Unasissted Males down | R1: Females assisted up | S1: Males assisted up | T1: Unassisted females up | U1: Unassisted males up | V1: Juveniles assisted up | W1: Roadkill Females | X1: Roadkill Males | Y1: Roadkill Unk | Z1: Total frogs down | AA1: Total frogs up | AB1: Total Frogs Assisted Down | AC1: Total Frogs Assisted Up | AD1: % moon visible | AE1: Comments
A2: 44228 | B2: 1717 | C2: 1748 | D2: =choose(weekday(A2),"Phil/Fred", "Jane/Sara", "Jim/John/Lena","Marsha/Anne","Shawn/Jenny","Jeff", "Rob/Maggie") -> Jane/Sara | E2: Y | F2: 0.72916667 | G2: 44228 | H2: 0.86458333 | I2: =iferror(24*( DATEDIF(A2,G2,"D")+TIMEVALUE(H2)-TIMEVALUE(F2)),0) -> 3.25 | J2: 18.5 | K2: 50.3 | L2: 46.5 | M2: light rain then clearing | N2: 1 | O2: 0 | P2: 1 | Q2: 0 | R2: 9 | S2: 0 | T2: 0 | U2: 0 | V2: 0 | W2: 0 | X2: 0 | Y2: 0 | Z2: =sum(N2:Q2) -> 2 | AA2: 0 | AB2: =sum(N2:O2) -> 1 | AC2: =sum(R2:S2,V2) -> 9 | AD2: 0.21 | AE2: Ideal conditions for first two hours, but not many frogs.
A3: 44229 | B3: 1718 | C3: 1750 | D3: =choose(weekday(A3),"Phil/Fred", "Jane/Sarah", "Jim/John/Lena","Marsha/Anne","Shawn/Jenny","Jeff", "Rob/Maggie") -> Jim/John/Lena | E3: Y | F3: 0.72916667 | G3: 44229 | H3: 0.79166667 | I3: =iferror(24*( DATEDIF(A3,G3,"D")+TIMEVALUE(H3)-TIMEVALUE(F3)),0) -> 1.5 | J3: 6 | K3: 42.6 | L3: 41.8 | M3: dry then heavy rain | N3: 0 | O3: 0 | P3: 0 | Q3: 0 | R3: 0 | S3: 0 | T3: 0 | U3: 0 | V3: 0 | W3: 0 | X3: 0 | Y3: 0 | Z3: =sum(N3:Q3) -> 0 | AA3: =sum(R3:V3) -> 0 | AB3: =sum(N3:O3) -> 0 | AC3: =sum(R3:S3,V3) -> 0 | AD3: 0.13 | AE3: cold. wind blew Marina fence off. 1 PSRE female assisted down, 2 more PSRE observed on Marina
A4: 44230 | B4: 1720 | C4: 1751 | D4: =choose(weekday(A4),"Phil/Fred", "Jane/Sarah", "Jim/John/Lena","Marsha/Anne","Shawn/Jenny","Jeff", "Rob/Maggie") -> Marsha/Anne | E4: N | G4: 44230 | I4: =iferror(24*( DATEDIF(A4,G4,"D")+TIMEVALUE(H4)-TIMEVALUE(F4)),0) -> 0 | K4: 41 | N4: 0 | O4: 0 | P4: 0 | Q4: 0 | R4: 0 | S4: 0 | T4: 0 | U4: 0 | V4: 0 | W4: 0 | X4: 0 | Y4: 0 | Z4: =sum(N4:Q4) -> 0 | AA4: =sum(R4:V4) -> 0 | AB4: =sum(N4:O4) -> 0 | AC4: =sum(R4:S4,V4) -> 0 | AD4: 0.07
A5: 44231 | B5: 1721 | C5: 1753 | D5: =choose(weekday(A5),"Phil/Fred", "Jane/Sarah", "Jim/John/Lena","Marsha/Anne","Shawn/Jenny","Jeff", "Rob/Maggie") -> Shawn/Jenny | E5: Y | F5: 0.70833333 | G5: 44231 | H5: 0.8125 | I5: =iferror(24*( DATEDIF(A5,G5,"D")+TIMEVALUE(H5)-TIMEVALUE(F5)),0) -> 2.5 | J5: 6.5 | K5: 46 | L5: 45 | M5: Mist then clear | N5: 1 | O5: 0 | P5: 0 | Q5: 0 | R5: 0 | S5: 0 | T5: 0 | U5: 0 | V5: 0 | W5: 0 | X5: 0 | Y5: 0 | Z5: =sum(N5:Q5) -> 1 | AA5: =sum(R5:V5) -> 0 | AB5: =sum(N5:O5) -> 1 | AC5: =sum(R5:S5,V5) -> 0 | AD5: 0.03 | AE5: Small female down end of night--dry at the time.
A6: 44232 | B6: 1723 | C6: 1754 | D6: =choose(weekday(A6),"Phil/Fred", "Jane/Sarah", "Jim/John/Lena","Marsha/Anne","Shawn/Jenny","Jeff", "Rob/Maggie") -> Jeff | E6: N | F6: 0.70833333 | G6: 44232 | H6: 0.70833333 | I6: =iferror(24*( DATEDIF(A6,G6,"D")+TIMEVALUE(H6)-TIMEVALUE(F6)),0) -> 0 | K6: 47 | L6: 47 | M6: broken clouds, open sky | N6: 0 | O6: 0 | P6: 0 | Q6: 0 | R6: 0 | S6: 0 | T6: 0 | U6: 0 | V6: 0 | W6: 0 | X6: 0 | Y6: 0 | Z6: =sum(N6:Q6) -> 0 | AA6: =sum(R6:V6) -> 0 | AB6: =sum(N6:O6) -> 0 | AC6: =sum(R6:S6,V6) -> 0 | AD6: 0.01
A7: 44233 | B7: 1724 | C7: 1755 | D7: =choose(weekday(A7),"Phil/Fred", "Jane/Sarah", "Jim/John/Lena","Marsha/Anne","Shawn/Jenny","Jeff", "Rob/Maggie") -> Rob/Maggie | E7: y | F7: 0.71875 | G7: 44233 | H7: 0.78125 | I7: =iferror(24*( DATEDIF(A7,G7,"D")+TIMEVALUE(H7)-TIMEVALUE(F7)),0) -> 1.5 | J7: 2.45 | K7: 47 | L7: 44 | M7: misty then clearing | N7: 0 | O7: 0 | P7: 0 | Q7: 0 | R7: 0 | S7: 0 | T7: 0 | U7: 0 | V7: 0 | W7: 0 | X7: 0 | Y7: 0 | Z7: =sum(N7:Q7) -> 0 | AA7: =sum(R7:V7) -> 0 | AB7: =sum(N7:O7) -> 0 | AC7: =sum(R7:S7,V7) -> 0 | AD7: 0
A8: 44234 | B8: 1726 | C8: 1757 | D8: =choose(weekday(A8),"Phil/Fred", "Jane/Sarah", "Jim/John/Lena","Marsha/Anne","Shawn/Jenny","Jeff", "Rob/Maggie") -> Phil/Fred | E8: N | G8: 44234 | I8: =iferror(24*( DATEDIF(A8,G8,"D")+TIMEVALUE(H8)-TIMEVALUE(F8)),0) -> 0 | K8: 42 | M8: dry | N8: 0 | O8: 0 | P8: 0 | Q8: 0 | R8: 0 | S8: 0 | T8: 0 | U8: 0 | V8: 0 | W8: 0 | X8: 0 | Y8: 0 | Z8: 2 | AA8: 9 | AB8: 2 | AC8: 6 | AD8: 0.01
A9: 44235 | B9: 1727 | C9: 1758 | D9: =choose(weekday(A9),"Phil/Fred", "Jane/Sarah", "Jim/John/Lena","Marsha/Anne","Shawn/Jenny","Jeff", "Rob/Maggie") -> Jane/Sarah | E9: N | G9: 44235 | I9: =iferror(24*( DATEDIF(A9,G9,"D")+TIMEVALUE(H9)-TIMEVALUE(F9)),0) -> 0 | K9: 42 | M9: Cloudy, no rain | N9: 0 | O9: 0 | P9: 0 | Q9: 0 | R9: 0 | S9: 0 | T9: 0 | U9: 0 | V9: 0 | W9: 0 | X9: 0 | Y9: 0 | Z9: =sum(N9:Q9) -> 0 | AA9: =sum(R9:V9) -> 0 | AB9: =sum(N9:O9) -> 0 | AC9: =sum(R9:S9,V9) -> 0 | AD9: 0.05
A10: 44236 | B10: 1728 | C10: 1759 | D10: =choose(weekday(A10),"Phil/Fred", "Jane/Sarah", "Jim/John/Lena","Marsha/Anne","Shawn/Jenny","Jeff", "Rob/Maggie") -> Jim/John/Lena | E10: Y | F10: 0.72916667 | G10: 44236 | H10: 0.75 | I10: =iferror(24*( DATEDIF(A10,G10,"D")+TIMEVALUE(H10)-TIMEVALUE(F10)),0) -> 0.5 | J10: 0.5 | K10: 37.9 | N10: 0 | O10: 0 | P10: 0 | Q10: 0 | R10: 0 | S10: 0 | T10: 0 | U10: 0 | V10: 0 | W10: 0 | X10: 0 | Y10: 0 | Z10: =sum(N10:Q10) -> 0 | AA10: =sum(R10:V10) -> 0 | AB10: =sum(N10:O10) -> 0 | AC10: =sum(R10:S10,V10) -> 0 | AD10: 0.09
A11: 44237 | B11: 1730 | C11: 1801 | D11: =choose(weekday(A11),"Phil/Fred", "Jane/Sarah", "Jim/John/Lena","Marsha/Anne","Shawn/Jenny","Jeff", "Rob/Maggie") -> Marsha/Anne | E11: N | G11: 44237 | I11: =iferror(24*( DATEDIF(A11,G11,"D")+TIMEVALUE(H11)-TIMEVALUE(F11)),0) -> 0 | N11: 0 | O11: 0 | P11: 0 | Q11: 0 | R11: 0 | S11: 0 | T11: 0 | U11: 0 | V11: 0 | W11: 0 | X11: 0 | Y11: 0 | Z11: =sum(N11:Q11) -> 0 | AA11: =sum(R11:V11) -> 0 | AB11: =sum(N11:O11) -> 0 | AC11: =sum(R11:S11,V11) -> 0 | AD11: 0.16
A12: 44238 | B12: 1731 | C12: 1802 | D12: =choose(weekday(A12),"Phil/Fred", "Jane/Sarah", "Jim/John/Lena","Marsha/Anne","Shawn/Jenny","Jeff", "Rob/Maggie") -> Shawn/Jenny | E12: N | F12: 0.70833333 | G12: 44238 | I12: =iferror(24*( DATEDIF(A12,G12,"D")+TIMEVALUE(H12)-TIMEVALUE(F12)),0) -> 0 | K12: 32 | M12: Snow flurrries | N12: 0 | O12: 0 | P12: 0 | Q12: 0 | R12: 0 | S12: 0 | T12: 0 | U12: 0 | V12: 0 | W12: 0 | X12: 0 | Y12: 0 | Z12: =sum(N12:Q12) -> 0 | AA12: =sum(R12:V12) -> 0 | AB12: =sum(N12:O12) -> 0 | AC12: =sum(R12:S12,V12) -> 0 | AD12: 0.23
A13: 44239 | B13: 1733 | C13: 1804 | D13: =choose(weekday(A13),"Phil/Fred", "Jane/Sarah", "Jim/John/Lena","Marsha/Anne","Shawn/Jenny","Jeff", "Rob/Maggie") -> Jeff | E13: N | G13: 44239 | I13: =iferror(24*( DATEDIF(A13,G13,"D")+TIMEVALUE(H13)-TIMEVALUE(F13)),0) -> 0 | N13: 0 | O13: 0 | P13: 0 | Q13: 0 | R13: 0 | S13: 0 | T13: 0 | U13: 0 | V13: 0 | W13: 0 | X13: 0 | Y13: 0 | Z13: =sum(N13:Q13) -> 0 | AA13: =sum(R13:V13) -> 0 | AB13: =sum(N13:O13) -> 0 | AC13: =sum(R13:S13,V13) -> 0 | AD13: 0.31
A14: 44240 | B14: 1734 | C14: 1805 | D14: =choose(weekday(A14),"Phil/Fred", "Jane/Sarah", "Jim/John/Lena","Marsha/Anne","Shawn/Jenny","Jeff", "Rob/Maggie") -> Rob/Maggie | E14: N | G14: 44240 | I14: =iferror(24*( DATEDIF(A14,G14,"D")+TIMEVALUE(H14)-TIMEVALUE(F14)),0) -> 0 | K14: 27 | M14: lots of snow | N14: 0 | O14: 0 | P14: 0 | Q14: 0 | R14: 0 | S14: 0 | T14: 0 | U14: 0 | V14: 0 | W14: 0 | X14: 0 | Y14: 0 | Z14: =sum(N14:Q14) -> 0 | AA14: =sum(R14:V14) -> 0 | AB14: =sum(N14:O14) -> 0 | AC14: =sum(R14:S14,V14) -> 0 | AD14: 0.41
A15: 44241 | B15: 1736 | C15: 1806 | D15: =choose(weekday(A15),"Phil/Fred", "Jane/Sarah", "Jim/John/Lena","Marsha/Anne","Shawn/Jenny","Jeff", "Rob/Maggie") -> Phil/Fred | E15: N | G15: 44241 | I15: =iferror(24*( DATEDIF(A15,G15,"D")+TIMEVALUE(H15)-TIMEVALUE(F15)),0) -> 0 | N15: 0 | O15: 0 | P15: 0 | Q15: 0 | R15: 0 | S15: 0 | T15: 0 | U15: 0 | V15: 0 | W15: 0 | X15: 0 | Y15: 0 | Z15: =sum(N15:Q15) -> 0 | AA15: =sum(R15:V15) -> 0 | AB15: =sum(N15:O15) -> 0 | AC15: =sum(R15:S15,V15) -> 0 | AD15: 0.51
A16: 44242 | B16: 1737 | C16: 1808 | D16: =choose(weekday(A16),"Phil/Fred", "Jane/Sarah", "Jim/John/Lena","Marsha/Anne","Shawn/Jenny","Jeff", "Rob/Maggie") -> Jane/Sarah | E16: N | G16: 44242 | I16: =iferror(24*( DATEDIF(A16,G16,"D")+TIMEVALUE(H16)-TIMEVALUE(F16)),0) -> 0 | K16: 44 | M16: Cloudy | N16: 0 | O16: 0 | P16: 0 | Q16: 0 | R16: 0 | S16: 0 | T16: 0 | U16: 0 | V16: 0 | W16: 0 | X16: 0 | Y16: 0 | Z16: =sum(N16:Q16) -> 0 | AA16: =sum(R16:V16) -> 0 | AB16: =sum(N16:O16) -> 0 | AC16: =sum(R16:S16,V16) -> 0 | AD16: 0.61
A17: 44243 | B17: 1739 | C17: 1809 | D17: =choose(weekday(A17),"Phil/Fred", "Jane/Sarah", "Jim/John/Lena","Marsha/Anne","Shawn/Jenny","Jeff", "Rob/Maggie") -> Jim/John/Lena | E17: N | G17: 44243 | I17: =iferror(24*( DATEDIF(A17,G17,"D")+TIMEVALUE(H17)-TIMEVALUE(F17)),0) -> 0 | N17: 0 | O17: 0 | P17: 0 | Q17: 0 | R17: 0 | S17: 0 | T17: 0 | U17: 0 | V17: 0 | W17: 0 | X17: 0 | Y17: 0 | Z17: =sum(N17:Q17) -> 0 | AA17: =sum(R17:V17) -> 0 | AB17: =sum(N17:O17) -> 0 | AC17: =sum(R17:S17,V17) -> 0 | AD17: 0.71
A18: 44244 | B18: 1740 | C18: 1810 | D18: =choose(weekday(A18),"Phil/Fred", "Jane/Sarah", "Jim/John/Lena","Marsha/Anne","Shawn/Jenny","Jeff", "Rob/Maggie") -> Marsha/Anne | E18: N | G18: 44244 | I18: =iferror(24*( DATEDIF(A18,G18,"D")+TIMEVALUE(H18)-TIMEVALUE(F18)),0) -> 0 | N18: 0 | O18: 0 | P18: 0 | Q18: 0 | R18: 0 | S18: 0 | T18: 0 | U18: 0 | V18: 0 | W18: 0 | X18: 0 | Y18: 0 | Z18: =sum(N18:Q18) -> 0 | AA18: =sum(R18:V18) -> 0 | AB18: =sum(N18:O18) -> 0 | AC18: =sum(R18:S18,V18) -> 0 | AD18: 0.8
A19: 44245 | B19: 1742 | C19: 1812 | D19: =choose(weekday(A19),"Phil/Fred", "Jane/Sarah", "Jim/John/Lena","Marsha/Anne","Shawn/Jenny","Jeff", "Rob/Maggie") -> Shawn/Jenny | E19: Y | F19: 0.73611111 | G19: 44245 | H19: 0.73958333 | I19: =iferror(24*( DATEDIF(A19,G19,"D")+TIMEVALUE(H19)-TIMEVALUE(F19)),0) -> 0.083333333 | K19: 39 | M19: 1-2 in. snow remaining | N19: 0 | O19: 0 | P19: 0 | Q19: 0 | R19: 0 | S19: 0 | T19: 0 | U19: 0 | V19: 0 | W19: 0 | X19: 0 | Y19: 0 | Z19: =sum(N19:Q19) -> 0 | AA19: =sum(R19:V19) -> 0 | AB19: =sum(N19:O19) -> 0 | AC19: =sum(R19:S19,V19) -> 0 | AD19: 0.88
A20: 44246 | B20: 1743 | C20: 1813 | D20: =choose(weekday(A20),"Phil/Fred", "Jane/Sarah", "Jim/John/Lena","Marsha/Anne","Shawn/Jenny","Jeff", "Rob/Maggie") -> Jeff | E20: Y | F20: 0.77083333 | G20: 44246 | H20: 0.78125 | I20: =iferror(24*( DATEDIF(A20,G20,"D")+TIMEVALUE(H20)-TIMEVALUE(F20)),0) -> 0.25 | J20: 0.25 | K20: 42 | L20: 42 | M20: Paverment wet | N20: 0 | O20: 0 | P20: 0 | Q20: 0 | R20: 0 | S20: 0 | T20: 0 | U20: 0 | V20: 0 | W20: 0 | X20: 0 | Y20: 0 | Z20: =sum(N20:Q20) -> 0 | AA20: =sum(R20:V20) -> 0 | AB20: =sum(N20:O20) -> 0 | AC20: =sum(R20:S20,V20) -> 0 | AD20: 0.95
A21: 44247 | B21: 1744 | C21: 1815 | D21: =choose(weekday(A21),"Phil/Fred", "Jane/Sarah", "Jim/John/Lena","Marsha/Anne","Shawn/Jenny","Jeff", "Rob/Maggie") -> Rob/Maggie | E21: y | F21: 0.23958333 | G21: 44247 | H21: 0.26041667 | I21: =iferror(24*( DATEDIF(A21,G21,"D")+TIMEVALUE(H21)-TIMEVALUE(F21)),0) -> 0.5 | J21: 0.5 | K21: 42 | L21: 41 | M21: drying | N21: 0 | O21: 0 | P21: 0 | Q21: 0 | R21: 0 | S21: 0 | T21: 0 | U21: 0 | V21: 0 | W21: 0 | X21: 0 | Y21: 0 | Z21: =sum(N21:Q21) -> 0 | AA21: =sum(R21:V21) -> 0 | AB21: =sum(N21:O21) -> 0 | AC21: =sum(R21:S21,V21) -> 0 | AD21: 0.99
A22: 44248 | B22: 1746 | C22: 1816 | D22: =choose(weekday(A22),"Phil/Fred", "Jane/Sarah", "Jim/John/Lena","Marsha/Anne","Shawn/Jenny","Jeff", "Rob/Maggie") -> Phil/Fred | E22: Y | F22: 0.72916667 | G22: 44248 | H22: 0.8125 | I22: =iferror(24*( DATEDIF(A22,G22,"D")+TIMEVALUE(H22)-TIMEVALUE(F22)),0) -> 2 | J22: 2 | K22: 49 | L22: 49 | M22: dry pavement | N22: 0 | O22: 0 | P22: 0 | Q22: 0 | R22: 0 | S22: 0 | T22: 0 | U22: 0 | V22: 0 | W22: 0 | X22: 0 | Y22: 0 | Z22: =sum(N22:Q22) -> 0 | AA22: =sum(R22:V22) -> 0 | AB22: =sum(N22:O22) -> 0 | AC22: =sum(R22:S22,V22) -> 0 | AD22: 1
A23: 44249 | B23: 1747 | C23: 1817 | D23: =choose(weekday(A23),"Phil/Fred", "Jane/Sara", "Jim/John/Lena","Marsha/Anne","Shawn/Jenny","Jeff", "Rob/Maggie") -> Jane/Sara | E23: Y | F23: 0.75 | G23: 44249 | H23: 0.8125 | I23: =iferror(24*( DATEDIF(A23,G23,"D")+TIMEVALUE(H23)-TIMEVALUE(F23)),0) -> 1.5 | J23: 12 | K23: 48 | L23: 45 | M23: Paverment wet | N23: 0 | O23: 0 | P23: 1 | Q23: 0 | R23: 3 | S23: 0 | T23: 0 | U23: 0 | V23: 0 | W23: 0 | X23: 0 | Y23: 0 | Z23: =sum(N23:Q23) -> 1 | AA23: =sum(R23:V23) -> 3 | AB23: =sum(N23:O23) -> 0 | AC23: =sum(R23:S23,V23) -> 3 | AD23: 0.98
A24: 44250 | B24: 1749 | C24: 1819 | D24: =choose(weekday(A24),"Phil/Fred", "Jane/Sarah", "Jim/John/Lena","Marsha/Anne","Shawn/Jenny","Jeff", "Rob/Maggie") -> Jim/John/Lena | G24: 44250 | I24: =iferror(24*( DATEDIF(A24,G24,"D")+TIMEVALUE(H24)-TIMEVALUE(F24)),0) -> 0 | N24: 0 | O24: 0 | P24: 0 | Q24: 0 | R24: 0 | S24: 0 | T24: 0 | U24: 0 | V24: 0 | W24: 0 | X24: 0 | Y24: 0 | Z24: =sum(N24:Q24) -> 0 | AA24: =sum(R24:V24) -> 0 | AB24: =sum(N24:O24) -> 0 | AC24: =sum(R24:S24,V24) -> 0 | AD24: 0.93
A25: 44251 | B25: 1750 | C25: 1820 | D25: =choose(weekday(A25),"Phil/Fred", "Jane/Sarah", "Jim/John/Lena","Marsha/Anne","Shawn/Jenny","Jeff", "Rob/Maggie") -> Marsha/Anne | G25: 44251 | I25: =iferror(24*( DATEDIF(A25,G25,"D")+TIMEVALUE(H25)-TIMEVALUE(F25)),0) -> 0 | N25: 0 | O25: 0 | P25: 0 | Q25: 0 | R25: 0 | S25: 0 | T25: 0 | U25: 0 | V25: 0 | W25: 0 | X25: 0 | Y25: 0 | Z25: =sum(N25:Q25) -> 0 | AA25: =sum(R25:V25) -> 0 | AB25: =sum(N25:O25) -> 0 | AC25: =sum(R25:S25,V25) -> 0 | AD25: 0.86
A26: 44252 | B26: 1752 | C26: 1821 | D26: =choose(weekday(A26),"Phil/Fred", "Jane/Sarah", "Jim/John/Lena","Marsha/Anne","Shawn/Jenny","Jeff", "Rob/Maggie") -> Shawn/Jenny | E26: Y | F26: 0.73958333 | G26: 44252 | H26: 0.8125 | I26: =iferror(24*( DATEDIF(A26,G26,"D")+TIMEVALUE(H26)-TIMEVALUE(F26)),0) -> 1.75 | J26: 12.5 | K26: 44 | L26: 43 | M26: Lite rain on & off | N26: 0 | O26: 0 | P26: 0 | Q26: 0 | R26: 0 | S26: 0 | T26: 0 | U26: 0 | V26: 0 | W26: 0 | X26: 0 | Y26: 0 | Z26: =sum(N26:Q26) -> 0 | AA26: =sum(R26:V26) -> 0 | AB26: =sum(N26:O26) -> 0 | AC26: =sum(R26:S26,V26) -> 0 | AD26: 0.77 | AE26: 2 tree frogs down. Wetlands getting noisy.
A27: 44253 | B27: 1753 | C27: 1823 | D27: =choose(weekday(A27),"Phil/Fred", "Jane/Sarah", "Jim/John/Lena","Marsha/Anne","Shawn/Jenny","Jeff", "Rob/Maggie") -> Jeff | E27: Y | F27: 0.72916667 | G27: 44253 | H27: 0.77083333 | I27: =iferror(24*( DATEDIF(A27,G27,"D")+TIMEVALUE(H27)-TIMEVALUE(F27)),0) -> 1 | J27: 1 | K27: 42 | L27: 40 | M27: Rainy | N27: 0 | O27: 0 | P27: 0 | Q27: 0 | R27: 0 | S27: 0 | T27: 0 | U27: 0 | V27: 0 | W27: 0 | X27: 0 | Y27: 0 | Z27: =sum(N27:Q27) -> 0 | AA27: =sum(R27:V27) -> 0 | AB27: =sum(N27:O27) -> 0 | AC27: =sum(R27:S27,V27) -> 0 | AD27: 0.67
A28: 44254 | B28: 1754 | C28: 1824 | D28: =choose(weekday(A28),"Phil/Fred", "Jane/Sarah", "Jim/John/Lena","Marsha/Anne","Shawn/Jenny","Jeff", "Rob/Maggie") -> Rob/Maggie | E28: N | G28: 44254 | I28: =iferror(24*( DATEDIF(A28,G28,"D")+TIMEVALUE(H28)-TIMEVALUE(F28)),0) -> 0 | K28: 44 | M28: dry | N28: 0 | O28: 0 | P28: 0 | Q28: 0 | R28: 0 | S28: 0 | T28: 0 | U28: 0 | V28: 0 | W28: 0 | X28: 0 | Y28: 0 | Z28: =sum(N28:Q28) -> 0 | AA28: =sum(R28:V28) -> 0 | AB28: =sum(N28:O28) -> 0 | AC28: =sum(R28:S28,V28) -> 0 | AD28: 0.56
A29: 44255 | B29: 1756 | C29: 1826 | D29: =choose(weekday(A29),"Phil/Fred", "Jane/Sarah", "Jim/John/Lena","Marsha/Anne","Shawn/Jenny","Jeff", "Rob/Maggie") -> Phil/Fred | E29: N | G29: 44255 | I29: =iferror(24*( DATEDIF(A29,G29,"D")+TIMEVALUE(H29)-TIMEVALUE(F29)),0) -> 0 | M29: dry | N29: 0 | O29: 0 | P29: 0 | Q29: 0 | R29: 0 | S29: 0 | T29: 0 | U29: 0 | V29: 0 | W29: 0 | X29: 0 | Y29: 0 | Z29: =sum(N29:Q29) -> 0 | AA29: =sum(R29:V29) -> 0 | AB29: =sum(N29:O29) -> 0 | AC29: =sum(R29:S29,V29) -> 0 | AD29: 0.45
A30: xx/xx/xxxx | B30: xxxx | C30: xxxx | D30: x | E30: x | F30: x | G30: xx/xx/xxxx | I30: xxxx | J30: xxxx | K30: xxxx | L30: xxxx | M30: xxxx | N30: xxxx | O30: xxxx | P30: xxxx | Q30: xxxx | R30: xxxx | S30: xxxx | T30: xxxx | U30: xxxx | V30: xxxx | W30: xxxx | X30: xxxx | Y30: xxxx | Z30: =sum(N30:Q30) -> 0 | AA30: =sum(R30:V30) -> 0 | AB30: =sum(N30:O30) -> 0 | AC30: =sum(R30:S30,V30) -> 0
A31: xx/xx/xxxx | B31: x | C31: x | D31: x | E31: x | F31: x | G31: xx/xx/xxxx | N31: xxxx | O31: xxxx | P31: xxxx | Q31: xxxx | R31: xxxx | S31: xxxx | T31: xxxx | U31: xxxx | V31: xxxx | W31: xxxx | X31: xxxx | Y31: xxxx | Z31: xxxx | AA31: xxxx | AB31: xxxx | AC31: xxxx
A32: xx/xx/xxxx | B32: x | C32: x | D32: x | E32: x | F32: x | G32: xx/xx/xxxx | N32: xxxx | O32: xxxx | P32: xxxx | Q32: xxxx | R32: xxxx | S32: xxxx | T32: xxxx | U32: xxxx | V32: xxxx | W32: xxxx | X32: xxxx | Y32: xxxx | Z32: xxxx | AA32: xxxx | AB32: xxxx | AC32: xxxx
E33: Monthly Total | I33: =SUM(I3:I32) -> 13.083333 | J33: =SUM(J2:J29) -> 62.2 | N33: =SUM(N2:N30) -> 2 | O33: =SUM(O2:O30) -> 0 | P33: =SUM(P2:P30) -> 2 | Q33: =SUM(Q2:Q30) -> 0 | R33: =SUM(R2:R30) -> 12 | S33: =SUM(S2:S30) -> 0 | T33: =SUM(T2:T30) -> 0 | U33: =SUM(U2:U30) -> 0 | ... AC33: =SUM(AC2:AC30) -> 18
E34: Cumulative Total | I34: ='November 2020'!I$33+'December 2020'!I$33+'January 2021'!I$33+'February 2021'!I$33 -> 87.383333 | J34: ='November 2020'!J$33+'December 2020'!J$33+'January 2021'!J$33+'February 2021'!J$33 -> 377.1 | N34: ='November 2020'!N$33+'December 2020'!N$33+'January 2021'!N$33+'February 2021'!N$33 -> 266 | O34: ='November 2020'!O$33+'December 2020'!O$33+'January 2021'!O$33+'February 2021'!O$33 -> 139 | P34: ='November 2020'!P$33+'December 2020'!P$33+'January 2021'!P$33+'February 2021'!P$33 -> 10 | Q34: ='November 2020'!Q$33+'December 2020'!Q$33+'January 2021'!Q$33+'February 2021'!Q$33 -> 0 | R34: ='November 2020'!R$33+'December 2020'!R$33+'January 2021'!R$33+'February 2021'!R$33 -> 45 | S34: ='November 2020'!S$33+'December 2020'!S$33+'January 2021'!S$33+'February 2021'!S$33 -> 3 | T34: ='November 2020'!T$33+'December 2020'!T$33+'January 2021'!T$33+'February 2021'!T$33 -> 7 | U34: ='November 2020'!U$33+'December 2020'!U$33+'January 2021'!U$33+'February 2021'!U$33 -> 0 | ... AA34: ='November 2020'!AA$33+'December 2020'!AA$33+'January 2021'!AA$33+'February 2021'!AA$33 -> 55 | AB34: ='November 2020'!AB33+'December 2020'!AB33+'January 2021'!AB33+'February 2021'!AB33 -> 407 | AC34: ='November 2020'!AC33+'December 2020'!AC33+'January 2021'!AC33+'February 2021'!AC33 -> 54
E35: Season Total | I35: ='November 2020'!I$33+'December 2020'!I$33+'January 2021'!I$33+'February 2021'!I$33+'March 2021'!I$33+'April 2021'!I$33 -> 112.63333 | J35: ='November 2020'!J33+'December 2020'!J33+'January 2021'!J33+'February 2021'!J33+'March 2021'!J33+'April 2021'!J33 -> 474.1 | N35: ='November 2020'!N33+'December 2020'!N33+'January 2021'!N33+'February 2021'!N33+'March 2021'!N33+'April 2021'!N33 -> 271 | O35: ='November 2020'!O33+'December 2020'!O33+'January 2021'!O33+'February 2021'!O33+'March 2021'!O33+'April 2021'!O33 -> 139 | P35: ='November 2020'!P33+'December 2020'!P33+'January 2021'!P33+'February 2021'!P33+'March 2021'!P33+'April 2021'!P33 -> 11 | Q35: ='November 2020'!Q33+'December 2020'!Q33+'January 2021'!Q33+'February 2021'!Q33+'March 2021'!Q33+'April 2021'!Q33 -> 0 | R35: ='November 2020'!R33+'December 2020'!R33+'January 2021'!R33+'February 2021'!R33+'March 2021'!R33+'April 2021'!R33 -> 147 | S35: ='November 2020'!S33+'December 2020'!S33+'January 2021'!S33+'February 2021'!S33+'March 2021'!S33+'April 2021'!S33 -> 28 | T35: ='November 2020'!T33+'December 2020'!T33+'January 2021'!T33+'February 2021'!T33+'March 2021'!T33+'April 2021'!T33 -> 8 | U35: ='November 2020'!U33+'December 2020'!U33+'January 2021'!U33+'February 2021'!U33+'March 2021'!U33+'April 2021'!U33 -> 0 | ... AC35: ='November 2020'!AC33+'December 2020'!AC33+'January 2021'!AC33+'February 2021'!AC33+'March 2021'!AC33+'April 2021'!AC33 -> 191
E36: 2019-20 Total | N36: 811 | O36: 1180 | P36: 13 | Q36: 2 | R36: 386 | S36: 89 | T36: 35 | U36: 2 | V36: 0 | W36: 9 | X36: 7 | Y36: 28 | Z36: 2006 | AA36: 512 | AB36: 1991 | AC36: 475
E37: 2018-19 Total | N37: 90 | O37: 1134 | P37: 3 | Q37: 4 | R37: 124 | S37: 791 | T37: 6 | U37: 17 | V37: 6 | W37: 4 | X37: 24 | Y37: 7 | Z37: 1231 | AA37: 944 | AB37: 1224 | AC37: 921
E38: 2017-18 Total | Z38: 433 | AA38: 297
E39: 2016-17 Total | Z39: 834 | AA39: 751
E40: 2015-16 Total | Z40: 688 | AA40: 1040
E41: 2014-15 Total | Z41: 695 | AA41: 750
E42: 2013-14 Total | Z42: 580 | AA42: 572

Sheet March 2021
A1: Date | B1: Sunset | C1: Civil Twilight | D1: Captain | E1: Monitored (Y/N) | F1: Start time HH:MM | G1: End Date | H1: End time HH:MM | I1: Hours monitored | J1: Team Hrs. | K1: Start temp | L1: End temp | M1: Weather | N1: Females assisted down | O1: Males assisted down | P1: Unassisted Females down | Q1: Unasissted Males down | R1: Females assisted up | S1: Males assisted up | T1: Unassisted females up | U1: Unassisted males up | V1: Juveniles assisted up | W1: Roadkill Females | X1: Roadkill Males | Y1: Roadkill Unk | Z1: Total frogs down | AA1: Total frogs up | AB1: Total Frogs Assisted Down | AC1: Total Frogs Assisted Up | AD1: % moon visible | AE1: Comments
A2: 44256 | B2: 1759 | C2: 1828 | D2: =choose(weekday(A2),"Phil/Fred", "Jane/Sarah", "Jim/John/Lena","Marsha/Anne","Shawn/Jenny","Jeff", "Rob/Maggie") -> Jane/Sarah | E2: N | F2: 0.26041667 | G2: 44256 | I2: =iferror(24*( DATEDIF(A2,G2,"D")+TIMEVALUE(H2)-TIMEVALUE(F2)),0) -> 0 | K2: 49 | M2: Clear and dry | N2: 0 | O2: 0 | P2: 0 | Q2: 0 | R2: 0 | S2: 0 | T2: 0 | U2: 0 | V2: 0 | W2: 0 | X2: 0 | Y2: 0 | Z2: =sum(N2:Q2) -> 0 | AA2: =sum(R2:V2) -> 0 | AB2: =sum(N2:O2) -> 0 | AC2: =sum(R2:S2,V2) -> 0 | AD2: 0.21
A3: 44257 | B3: 1800 | C3: 1830 | D3: =choose(weekday(A3),"Phil/Fred", "Jane/Sarah", "Jim/John/Lena","Marsha/Anne","Shawn/Jenny","Jeff", "Rob/Maggie") -> Jim/John/Lena | E3: N | G3: 44257 | I3: =iferror(24*( DATEDIF(A3,G3,"D")+TIMEVALUE(H3)-TIMEVALUE(F3)),0) -> 0 | N3: 0 | O3: 0 | P3: 0 | Q3: 0 | R3: 0 | S3: 0 | T3: 0 | U3: 0 | V3: 0 | W3: 0 | X3: 0 | Y3: 0 | Z3: =sum(N3:Q3) -> 0 | AA3: =sum(R3:V3) -> 0 | AB3: =sum(N3:O3) -> 0 | AC3: =sum(R3:S3,V3) -> 0 | AD3: 0.13
A4: 44258 | B4: 1801 | C4: 1831 | D4: =choose(weekday(A4),"Phil/Fred", "Jane/Sarah", "Jim/John/Lena","Marsha/Anne","Shawn/Jenny","Jeff", "Rob/Maggie") -> Marsha/Anne | E4: N | G4: 44258 | I4: =iferror(24*( DATEDIF(A4,G4,"D")+TIMEVALUE(H4)-TIMEVALUE(F4)),0) -> 0 | N4: 0 | O4: 0 | P4: 0 | Q4: 0 | R4: 0 | S4: 0 | T4: 0 | U4: 0 | V4: 0 | W4: 0 | X4: 0 | Y4: 0 | Z4: =sum(N4:Q4) -> 0 | AA4: =sum(R4:V4) -> 0 | AB4: =sum(N4:O4) -> 0 | AC4: =sum(R4:S4,V4) -> 0 | AD4: 0.07
A5: 44259 | B5: 1803 | C5: 1832 | D5: =choose(weekday(A5),"Phil/Fred", "Jane/Sarah", "Jim/John/Lena","Marsha/Anne","Shawn/Jenny","Jeff", "Rob/Maggie") -> Shawn/Jenny | E5: Y | F5: 0.73958333 | G5: 44259 | H5: 0.88541667 | I5: =iferror(24*( DATEDIF(A5,G5,"D")+TIMEVALUE(H5)-TIMEVALUE(F5)),0) -> 3.5 | J5: 19.5 | K5: 50 | L5: 48 | M5: Lite rain >dry; wt pvmnt | N5: 5 | O5: 0 | P5: 1 | Q5: 0 | R5: 73 | S5: 23 | T5: 1 | U5: 0 | V5: 0 | W5: 0 | X5: 0 | Y5: 0 | Z5: =sum(N5:Q5) -> 6 | AA5: =sum(R5:V5) -> 97 | AB5: =sum(N5:O5) -> 5 | AC5: =sum(R5:S5,V5) -> 96 | AD5: 0.03 | AE5: 5 chorus frogs down-Much of nite was dry with wet pavement
A6: 44260 | B6: 1804 | C6: 1834 | D6: =choose(weekday(A6),"Phil/Fred", "Jane/Sarah", "Jim/John/Lena","Marsha/Anne","Shawn/Jenny","Jeff", "Rob/Maggie") -> Jeff | E6: Y | F6: 0.76041667 | G6: 44260 | H6: 0.875 | I6: =iferror(24*( DATEDIF(A6,G6,"D")+TIMEVALUE(H6)-TIMEVALUE(F6)),0) -> 2.75 | J6: 14.5 | K6: 44 | L6: 43 | M6: Wet pvmnt, sprinkles | N6: 0 | O6: 0 | P6: 0 | Q6: 0 | R6: 0 | S6: 0 | T6: 0 | U6: 0 | V6: 0 | W6: 0 | X6: 0 | Y6: 0 | Z6: =sum(N6:Q6) -> 0 | AA6: =sum(R6:V6) -> 0 | AB6: =sum(N6:O6) -> 0 | AC6: =sum(R6:S6,V6) -> 0 | AD6: 0.01
A7: 44261 | B7: 1805 | C7: 1835 | D7: =choose(weekday(A7),"Phil/Fred", "Jane/Sarah", "Jim/John/Lena","Marsha/Anne","Shawn/Jenny","Jeff", "Rob/Maggie") -> Rob/Maggie | E7: y | F7: 0.26041667 | G7: 44261 | H7: 0.28125 | I7: =iferror(24*( DATEDIF(A7,G7,"D")+TIMEVALUE(H7)-TIMEVALUE(F7)),0) -> 0.5 | J7: 0.5 | K7: 44 | L7: 42 | M7: dry pavement | N7: 0 | O7: 0 | P7: 0 | Q7: 0 | R7: 0 | S7: 0 | T7: 0 | U7: 0 | V7: 0 | W7: 0 | X7: 0 | Y7: 0 | Z7: =sum(N7:Q7) -> 0 | AA7: =sum(R7:V7) -> 0 | AB7: =sum(N7:O7) -> 0 | AC7: =sum(R7:S7,V7) -> 0 | AD7: 0
A8: 44262 | B8: 1907 | C8: 1936 | D8: =choose(weekday(A8),"Phil/Fred", "Jane/Sarah", "Jim/John/Lena","Marsha/Anne","Shawn/Jenny","Jeff", "Rob/Maggie") -> Phil/Fred | E8: Y | F8: 0.76041667 | G8: 44262 | H8: 0.79166667 | I8: =iferror(24*( DATEDIF(A8,G8,"D")+TIMEVALUE(H8)-TIMEVALUE(F8)),0) -> 0.75 | J8: 0.75 | K8: 47 | L8: 44 | M8: dry pavement | N8: 0 | O8: 0 | P8: 0 | Q8: 0 | R8: 0 | S8: 0 | T8: 0 | U8: 0 | V8: 0 | W8: 0 | X8: 0 | Y8: 0 | Z8: =sum(N8:Q8) -> 0 | AA8: =sum(R8:V8) -> 0 | AB8: =sum(N8:O8) -> 0 | AC8: =sum(R8:S8,V8) -> 0 | AD8: 0.01
A9: 44263 | B9: 1908 | C9: 1938 | D9: =choose(weekday(A9),"Phil/Fred", "Jane/Sarah", "Jim/John/Lena","Marsha/Anne","Shawn/Jenny","Jeff", "Rob/Maggie") -> Jane/Sarah | E9: N | F9: 0.77083333 | G9: 44263 | I9: =iferror(24*( DATEDIF(A9,G9,"D")+TIMEVALUE(H9)-TIMEVALUE(F9)),0) -> 0 | K9: 46 | M9: Dry, no rain on radar | N9: 0 | O9: 0 | P9: 0 | Q9: 0 | R9: 0 | S9: 0 | T9: 0 | U9: 0 | V9: 0 | W9: 0 | X9: 0 | Y9: 0 | Z9: =sum(N9:Q9) -> 0 | AA9: =sum(R9:V9) -> 0 | AB9: =sum(N9:O9) -> 0 | AC9: =sum(R9:S9,V9) -> 0 | AD9: 0.05
A10: 44264 | B10: 1909 | C10: 1939 | D10: =choose(weekday(A10),"Phil/Fred", "Jane/Sarah", "Jim/John/Lena","Marsha/Anne","Shawn/Jenny","Jeff", "Rob/Maggie") -> Jim/John/Lena | G10: 44264 | I10: =iferror(24*( DATEDIF(A10,G10,"D")+TIMEVALUE(H10)-TIMEVALUE(F10)),0) -> 0 | N10: 0 | O10: 0 | P10: 0 | Q10: 0 | R10: 0 | S10: 0 | T10: 0 | U10: 0 | V10: 0 | W10: 0 | X10: 0 | Y10: 0 | Z10: =sum(N10:Q10) -> 0 | AA10: =sum(R10:V10) -> 0 | AB10: =sum(N10:O10) -> 0 | AC10: =sum(R10:S10,V10) -> 0 | AD10: 0.09
A11: 44265 | B11: 1911 | C11: 1940 | D11: =choose(weekday(A11),"Phil/Fred", "Jane/Sarah", "Jim/John/Lena","Marsha/Anne","Shawn/Jenny","Jeff", "Rob/Maggie") -> Marsha/Anne | E11: Y | F11: 18.1 | G11: 44265 | H11: 0.79166667 | I11: =iferror(24*( DATEDIF(A11,G11,"D")+TIMEVALUE(H11)-TIMEVALUE(F11)),0) -> 0 | J11: 1 | K11: 48 | L11: 45 | N11: 0 | O11: 0 | P11: 0 | Q11: 0 | R11: 0 | S11: 0 | T11: 0 | U11: 0 | V11: 0 | W11: 0 | X11: 0 | Y11: 0 | Z11: =sum(N11:Q11) -> 0 | AA11: =sum(R11:V11) -> 0 | AB11: =sum(N11:O11) -> 0 | AC11: =sum(R11:S11,V11) -> 0 | AD11: 0.16
A12: 44266 | B12: 1912 | C12: 1942 | D12: =choose(weekday(A12),"Phil/Fred", "Jane/Sarah", "Jim/John/Lena","Marsha/Anne","Shawn/Jenny","Jeff", "Rob/Maggie") -> Shawn/Jenny | E12: N | G12: 44266 | H12: 0.79166667 | I12: =iferror(24*( DATEDIF(A12,G12,"D")+TIMEVALUE(H12)-TIMEVALUE(F12)),0) -> 0 | K12: 46 | M12: Dry all day/night | N12: 0 | O12: 0 | P12: 0 | Q12: 0 | R12: 0 | S12: 0 | T12: 0 | U12: 0 | V12: 0 | W12: 0 | X12: 0 | Y12: 0 | Z12: =sum(N12:Q12) -> 0 | AA12: =sum(R12:V12) -> 0 | AB12: =sum(N12:O12) -> 0 | AC12: =sum(R12:S12,V12) -> 0 | AD12: 0.23
A13: 44267 | B13: 1913 | C13: 1943 | D13: =choose(weekday(A13),"Phil/Fred", "Jane/Sarah", "Jim/John/Lena","Marsha/Anne","Shawn/Jenny","Jeff", "Rob/Maggie") -> Jeff | G13: 44267 | I13: =iferror(24*( DATEDIF(A13,G13,"D")+TIMEVALUE(H13)-TIMEVALUE(F13)),0) -> 0 | N13: 0 | O13: 0 | P13: 0 | Q13: 0 | R13: 0 | S13: 0 | T13: 0 | U13: 0 | V13: 0 | W13: 0 | X13: 0 | Y13: 0 | Z13: =sum(N13:Q13) -> 0 | AA13: =sum(R13:V13) -> 0 | AB13: =sum(N13:O13) -> 0 | AC13: =sum(R13:S13,V13) -> 0 | AD13: 0.31
A14: 44268 | B14: 1914 | C14: 1944 | D14: =choose(weekday(A14),"Phil/Fred", "Jane/Sarah", "Jim/John/Lena","Marsha/Anne","Shawn/Jenny","Jeff", "Rob/Maggie") -> Rob/Maggie | E14: N | G14: 44268 | I14: =iferror(24*( DATEDIF(A14,G14,"D")+TIMEVALUE(H14)-TIMEVALUE(F14)),0) -> 0 | K14: 45 | M14: fair, dry | N14: 0 | O14: 0 | P14: 0 | Q14: 0 | R14: 0 | S14: 0 | T14: 0 | U14: 0 | V14: 0 | W14: 0 | X14: 0 | Y14: 0 | Z14: =sum(N14:Q14) -> 0 | AA14: =sum(R14:V14) -> 0 | AB14: =sum(N14:O14) -> 0 | AC14: =sum(R14:S14,V14) -> 0 | AD14: 0.41
A15: 44269 | B15: 1916 | C15: 1946 | D15: =choose(weekday(A15),"Phil/Fred", "Jane/Sarah", "Jim/John/Lena","Marsha/Anne","Shawn/Jenny","Jeff", "Rob/Maggie") -> Phil/Fred | E15: Y | F15: 0.8125 | G15: 44269 | H15: 0.88541667 | I15: =iferror(24*( DATEDIF(A15,G15,"D")+TIMEVALUE(H15)-TIMEVALUE(F15)),0) -> 1.75 | J15: 5.5 | K15: 43.5 | L15: 41.7 | M15: light rain | N15: 0 | O15: 0 | P15: 0 | Q15: 0 | R15: 4 | S15: 0 | T15: 0 | U15: 0 | V15: 0 | W15: 0 | X15: 0 | Y15: 0 | Z15: =sum(N15:Q15) -> 0 | AA15: =sum(R15:V15) -> 4 | AB15: =sum(N15:O15) -> 0 | AC15: =sum(R15:S15,V15) -> 4 | AD15: 0.51 | AE15: 1 female chorus frog assisted down.
A16: 44270 | B16: 1917 | C16: 1947 | D16: =choose(weekday(A16),"Phil/Fred", "Jane/Sarah", "Jim/John/Lena","Marsha/Anne","Shawn/Jenny","Jeff", "Rob/Maggie") -> Jane/Sarah | E16: N | F16: 0.77083333 | G16: 44270 | I16: =iferror(24*( DATEDIF(A16,G16,"D")+TIMEVALUE(H16)-TIMEVALUE(F16)),0) -> 0 | K16: 44 | M16: dry | N16: 0 | O16: 0 | P16: 0 | Q16: 0 | R16: 0 | S16: 0 | T16: 0 | U16: 0 | V16: 0 | W16: 0 | X16: 0 | Y16: 0 | Z16: =sum(N16:Q16) -> 0 | AA16: =sum(R16:V16) -> 0 | AB16: =sum(N16:O16) -> 0 | AC16: =sum(R16:S16,V16) -> 0 | AD16: 0.61
A17: 44271 | B17: 1919 | C17: 1948 | D17: =choose(weekday(A17),"Phil/Fred", "Jane/Sarah", "Jim/John/Lena","Marsha/Anne","Shawn/Jenny","Jeff", "Rob/Maggie") -> Jim/John/Lena | E17: y | F17: 0.77083333 | G17: 44271 | H17: 0.8125 | I17: =iferror(24*( DATEDIF(A17,G17,"D")+TIMEVALUE(H17)-TIMEVALUE(F17)),0) -> 1 | K17: 45 | M17: dry | N17: 0 | O17: 0 | P17: 0 | Q17: 0 | R17: 0 | S17: 0 | T17: 0 | U17: 0 | V17: 0 | W17: 0 | X17: 0 | Y17: 0 | Z17: =sum(N17:Q17) -> 0 | AA17: =sum(R17:V17) -> 0 | AB17: =sum(N17:O17) -> 0 | AC17: =sum(R17:S17,V17) -> 0 | AD17: 0.71
A18: 44272 | B18: 1920 | C18: 1950 | D18: =choose(weekday(A18),"Phil/Fred", "Jane/Sarah", "Jim/John/Lena","Marsha/Anne","Shawn/Jenny","Jeff", "Rob/Maggie") -> Marsha/Anne | E18: N | G18: 44272 | I18: =iferror(24*( DATEDIF(A18,G18,"D")+TIMEVALUE(H18)-TIMEVALUE(F18)),0) -> 0 | N18: 0 | O18: 0 | P18: 0 | Q18: 0 | R18: 0 | S18: 0 | T18: 0 | U18: 0 | V18: 0 | W18: 0 | X18: 0 | Y18: 0 | Z18: =sum(N18:Q18) -> 0 | AA18: =sum(R18:V18) -> 0 | AB18: =sum(N18:O18) -> 0 | AC18: =sum(R18:S18,V18) -> 0 | AD18: 0.8
A19: 44273 | B19: 1921 | C19: 1951 | D19: =choose(weekday(A19),"Phil/Fred", "Jane/Sarah", "Jim/John/Lena","Marsha/Anne","Shawn/Jenny","Jeff", "Rob/Maggie") -> Shawn/Jenny | E19: Y | F19: 0.79166667 | G19: 44273 | H19: 0.91666667 | I19: =iferror(24*( DATEDIF(A19,G19,"D")+TIMEVALUE(H19)-TIMEVALUE(F19)),0) -> 3 | J19: 18.5 | K19: 47 | L19: 44 | M19: Dry; wet pavement | N19: 0 | O19: 0 | P19: 0 | Q19: 0 | R19: 9 | S19: 2 | T19: 0 | U19: 0 | V19: 0 | W19: 0 | X19: 0 | Y19: 0 | Z19: =sum(N19:Q19) -> 0 | AA19: =sum(R19:V19) -> 11 | AB19: =sum(N19:O19) -> 0 | AC19: =sum(R19:S19,V19) -> 11 | AD19: 0.88 | AE19: 8 chorus frogs down; About half of R-L frogs came out beyond the silt fence
A20: 44274 | B20: 1923 | C20: 1952 | D20: =choose(weekday(A20),"Phil/Fred", "Jane/Sarah", "Jim/John/Lena","Marsha/Anne","Shawn/Jenny","Jeff", "Rob/Maggie") -> Jeff | E20: Y | F20: 0.85416667 | G20: 44274 | H20: 0.86458333 | I20: =iferror(24*( DATEDIF(A20,G20,"D")+TIMEVALUE(H20)-TIMEVALUE(F20)),0) -> 0.25 | J20: 0.25 | K20: 46 | L20: 46 | M20: dry, overcast | N20: 0 | O20: 0 | P20: 0 | Q20: 0 | R20: 0 | S20: 0 | T20: 0 | U20: 0 | V20: 0 | W20: 0 | X20: 0 | Y20: 0 | Z20: =sum(N20:Q20) -> 0 | AA20: =sum(R20:V20) -> 0 | AB20: =sum(N20:O20) -> 0 | AC20: =sum(R20:S20,V20) -> 0 | AD20: 0.95
A21: 44275 | B21: 1924 | C21: 1954 | D21: =choose(weekday(A21),"Phil/Fred", "Jane/Sarah", "Jim/John/Lena","Marsha/Anne","Shawn/Jenny","Jeff", "Rob/Maggie") -> Rob/Maggie | E21: y | F21: 0.28125 | G21: 44275 | H21: 0.35416667 | I21: =iferror(24*( DATEDIF(A21,G21,"D")+TIMEVALUE(H21)-TIMEVALUE(F21)),0) -> 1.75 | J21: 11.5 | K21: 47 | L21: 43 | M21: dryish, sprinkles | N21: 0 | O21: 0 | P21: 0 | Q21: 0 | R21: 2 | S21: 0 | T21: 0 | U21: 0 | V21: 0 | W21: 0 | X21: 0 | Y21: 0 | Z21: =sum(N21:Q21) -> 0 | AA21: =sum(R21:V21) -> 2 | AB21: =sum(N21:O21) -> 0 | AC21: =sum(R21:S21,V21) -> 2 | AD21: 0.99
A22: 44276 | B22: 1925 | C22: 1955 | D22: =choose(weekday(A22),"Phil/Fred", "Jane/Sarah", "Jim/John/Lena","Marsha/Anne","Shawn/Jenny","Jeff", "Rob/Maggie") -> Phil/Fred | E22: Y | F22: 0.8125 | G22: 44276 | H22: 0.95833333 | I22: =iferror(24*( DATEDIF(A22,G22,"D")+TIMEVALUE(H22)-TIMEVALUE(F22)),0) -> 3.5 | J22: 17.5 | K22: 45 | L22: 43 | M22: light rain | N22: 0 | O22: 0 | P22: 0 | Q22: 0 | R22: 12 | S22: 0 | T22: 0 | U22: 0 | V22: 10 | W22: 0 | X22: 0 | Y22: 0 | Z22: =sum(N22:Q22) -> 0 | AA22: =sum(R22:V22) -> 22 | AB22: =sum(N22:O22) -> 0 | AC22: =sum(R22:S22,V22) -> 22 | AD22: 1 | AE22: 1 salamander assisted up
A23: 44277 | B23: 1927 | C23: 1956 | D23: =choose(weekday(A23),"Phil/Fred", "Jane/Sarah", "Jim/John/Lena","Marsha/Anne","Shawn/Jenny","Jeff", "Rob/Maggie") -> Jane/Sarah | E23: N | F23: 0.83333333 | G23: 44277 | I23: =iferror(24*( DATEDIF(A23,G23,"D")+TIMEVALUE(H23)-TIMEVALUE(F23)),0) -> 0 | K23: 45 | M23: Dry and clear | N23: 0 | O23: 0 | P23: 0 | Q23: 0 | R23: 0 | S23: 0 | T23: 0 | U23: 0 | V23: 0 | W23: 0 | X23: 0 | Y23: 0 | Z23: =sum(N23:Q23) -> 0 | AA23: =sum(R23:V23) -> 0 | AB23: =sum(N23:O23) -> 0 | AC23: =sum(R23:S23,V23) -> 0 | AD23: 0.98
A24: 44278 | B24: 1928 | C24: 1958 | D24: =choose(weekday(A24),"Phil/Fred", "Jane/Sarah", "Jim/John/Lena","Marsha/Anne","Shawn/Jenny","Jeff", "Rob/Maggie") -> Jim/John/Lena | E24: y | F24: 0.8125 | G24: 44278 | H24: 0.85416667 | I24: =iferror(24*( DATEDIF(A24,G24,"D")+TIMEVALUE(H24)-TIMEVALUE(F24)),0) -> 1 | J24: 1 | K24: 45 | M24: dry | N24: 0 | O24: 0 | P24: 0 | Q24: 0 | R24: 0 | S24: 0 | T24: 0 | U24: 0 | V24: 0 | W24: 0 | X24: 0 | Y24: 0 | Z24: =sum(N24:Q24) -> 0 | AA24: =sum(R24:V24) -> 0 | AB24: =sum(N24:O24) -> 0 | AC24: =sum(R24:S24,V24) -> 0 | AD24: 0.93
A25: 44279 | B25: 1929 | C25: 1959 | D25: =choose(weekday(A25),"Phil/Fred", "Jane/Sarah", "Jim/John/Lena","Marsha/Anne","Shawn/Jenny","Jeff", "Rob/Maggie") -> Marsha/Anne | E25: Y | F25: 0.79166667 | G25: 44279 | H25: 0.86805556 | I25: =iferror(24*( DATEDIF(A25,G25,"D")+TIMEVALUE(H25)-TIMEVALUE(F25)),0) -> 1.8333333 | K25: 46 | L25: 43.7 | M25: damp pavement | N25: 0 | O25: 0 | P25: 0 | Q25: 0 | R25: 0 | S25: 0 | T25: 0 | U25: 0 | V25: 0 | W25: 0 | X25: 0 | Y25: 0 | Z25: =sum(N25:Q25) -> 0 | AA25: =sum(R25:V25) -> 0 | AB25: =sum(N25:O25) -> 0 | AC25: =sum(R25:S25,V25) -> 0 | AD25: 0.86
A26: 44280 | B26: 1931 | C26: 2000 | D26: =choose(weekday(A26),"Phil/Fred", "Jane/Sarah", "Jim/John/Lena","Marsha/Anne","Shawn/Jenny","Jeff", "Rob/Maggie") -> Shawn/Jenny | E26: Y | F26: 0.82291667 | G26: 44280 | H26: 0.86458333 | I26: =iferror(24*( DATEDIF(A26,G26,"D")+TIMEVALUE(H26)-TIMEVALUE(F26)),0) -> 1 | J26: 1 | K26: 48 | L26: 46 | M26: Dry; mostly dry pavemt | N26: 0 | O26: 0 | P26: 0 | Q26: 0 | R26: 1 | S26: 0 | T26: 0 | U26: 0 | V26: 0 | W26: 0 | X26: 0 | Y26: 0 | Z26: =sum(N26:Q26) -> 0 | AA26: =sum(R26:V26) -> 1 | AB26: =sum(N26:O26) -> 0 | AC26: =sum(R26:S26,V26) -> 1 | AD26: 0.77 | AE26: One fairly dry female RL crossing Marina Way.
A27: 44281 | B27: 1932 | C27: 2002 | D27: =choose(weekday(A27),"Phil/Fred", "Jane/Sarah", "Jim/John/Lena","Marsha/Anne","Shawn/Jenny","Jeff", "Rob/Maggie") -> Jeff | E27: N | G27: 44281 | I27: =iferror(24*( DATEDIF(A27,G27,"D")+TIMEVALUE(H27)-TIMEVALUE(F27)),0) -> 0 | M27: Broken clouds, dry all day | N27: 0 | O27: 0 | P27: 0 | Q27: 0 | R27: 0 | S27: 0 | T27: 0 | U27: 0 | V27: 0 | W27: 0 | X27: 0 | Y27: 0 | Z27: =sum(N27:Q27) -> 0 | AA27: =sum(R27:V27) -> 0 | AB27: =sum(N27:O27) -> 0 | AC27: =sum(R27:S27,V27) -> 0 | AD27: 0.67
A28: 44282 | B28: 1933 | C28: 2003 | D28: =choose(weekday(A28),"Phil/Fred", "Jane/Sarah", "Jim/John/Lena","Marsha/Anne","Shawn/Jenny","Jeff", "Rob/Maggie") -> Rob/Maggie | E28: N | G28: 44282 | I28: =iferror(24*( DATEDIF(A28,G28,"D")+TIMEVALUE(H28)-TIMEVALUE(F28)),0) -> 0 | K28: 46 | M28: clear,fair | N28: 0 | O28: 0 | P28: 0 | Q28: 0 | R28: 0 | S28: 0 | T28: 0 | U28: 0 | V28: 0 | W28: 0 | X28: 0 | Y28: 0 | Z28: =sum(N28:Q28) -> 0 | AA28: =sum(R28:V28) -> 0 | AB28: =sum(N28:O28) -> 0 | AC28: =sum(R28:S28,V28) -> 0 | AD28: 0.56
A29: 44283 | B29: 1934 | C29: 2004 | D29: =choose(weekday(A29),"Phil/Fred", "Jane/Sarah", "Jim/John/Lena","Marsha/Anne","Shawn/Jenny","Jeff", "Rob/Maggie") -> Phil/Fred | E29: Y | F29: 0.83333333 | G29: 44283 | H29: 0.85416667 | I29: =iferror(24*( DATEDIF(A29,G29,"D")+TIMEVALUE(H29)-TIMEVALUE(F29)),0) -> 0.5 | J29: 0.5 | K29: 41.1 | L29: 39.2 | M29: wet pavement- drying | N29: 0 | O29: 0 | P29: 0 | Q29: 0 | R29: 0 | S29: 0 | T29: 0 | U29: 0 | V29: 0 | W29: 0 | X29: 0 | Y29: 0 | Z29: =sum(N29:Q29) -> 0 | AA29: =sum(R29:V29) -> 0 | AB29: =sum(N29:O29) -> 0 | AC29: =sum(R29:S29,V29) -> 0 | AD29: 0.45
A30: 44284 | B30: 1936 | C30: 2006 | D30: =choose(weekday(A30),"Phil/Fred", "Jane/Sarah", "Jim/John/Lena","Marsha/Anne","Shawn/Jenny","Jeff", "Rob/Maggie") -> Jane/Sarah | E30: N | F30: 0.83333333 | G30: 44284 | I30: =iferror(24*( DATEDIF(A30,G30,"D")+TIMEVALUE(H30)-TIMEVALUE(F30)),0) -> 0 | K30: 44 | M30: Clear/dry | N30: 0 | O30: 0 | P30: 0 | Q30: 0 | R30: 0 | S30: 0 | T30: 0 | U30: 0 | V30: 0 | W30: 0 | X30: 0 | Y30: 0 | Z30: =sum(N30:Q30) -> 0 | AA30: =sum(R30:V30) -> 0 | AB30: =sum(N30:O30) -> 0 | AC30: =sum(R30:S30,V30) -> 0 | AD30: 0.35
A31: 44285 | B31: 1937 | C31: 2007 | D31: =choose(weekday(A31),"Phil/Fred", "Jane/Sarah", "Jim/John/Lena","Marsha/Anne","Shawn/Jenny","Jeff", "Rob/Maggie") -> Jim/John/Lena | G31: 44285 | I31: =iferror(24*( DATEDIF(A31,G31,"D")+TIMEVALUE(H31)-TIMEVALUE(F31)),0) -> 0 | N31: 0 | O31: 0 | P31: 0 | Q31: 0 | R31: 0 | S31: 0 | T31: 0 | U31: 0 | V31: 0 | W31: 0 | X31: 0 | Y31: 0 | Z31: =sum(N31:Q31) -> 0 | AA31: =sum(R31:V31) -> 0 | AB31: =sum(N31:O31) -> 0 | AC31: =sum(R31:S31,V31) -> 0 | AD31: 0.26
A32: 44286 | B32: 1938 | C32: 2008 | D32: =choose(weekday(A32),"Phil/Fred", "Jane/Sarah", "Jim/John/Lena","Marsha/Anne","Shawn/Jenny","Jeff", "Rob/Maggie") -> Marsha/Anne | G32: 44286 | I32: =iferror(24*( DATEDIF(A32,G32,"D")+TIMEVALUE(H32)-TIMEVALUE(F32)),0) -> 0 | N32: 0 | O32: 0 | P32: 0 | Q32: 0 | R32: 0 | S32: 0 | T32: 0 | U32: 0 | V32: 0 | W32: 0 | X32: 0 | Y32: 0 | Z32: =sum(N32:Q32) -> 0 | AA32: =sum(R32:V32) -> 0 | AB32: =sum(N32:O32) -> 0 | AC32: =sum(R32:S32,V32) -> 0 | AD32: 0.18
E33: Monthly total | I33: =SUM(I3:I32) -> 23.083333 | J33: =SUM(J2:J32) -> 92 | N33: =sum(N2:N32) -> 5 | O33: =sum(O2:O32) -> 0 | P33: =sum(P2:P32) -> 1 | Q33: =sum(Q2:Q32) -> 0 | R33: =sum(R2:R32) -> 101 | S33: =sum(S2:S32) -> 25 | T33: =sum(T2:T32) -> 1 | U33: =sum(U2:U32) -> 0 | ... Y33: =sum(Y2:Y32) -> 0 | Z33: =SUM(Z2:Z32) -> 6 | AA33: =SUM(AA2:AA32) -> 137 | AB33: =sum(AB2:AB32) -> 5 | AC33: =sum(AC2:AC32) -> 136
E34: Cumulative Total | I34: ='November 2020'!I$33+'December 2020'!I$33+'January 2021'!I$33+'February 2021'!I$33+'March 2021'!I$33 -> 110.46667 | J34: ='November 2020'!J$33+'December 2020'!J$33+'January 2021'!J$33+'February 2021'!J$33+'March 2021'!J$33 -> 469.1 | N34: ='November 2020'!N$33+'December 2020'!N$33+'January 2021'!N$33+'February 2021'!N$33+'March 2021'!N$33 -> 271 | O34: ='November 2020'!O$33+'December 2020'!O$33+'January 2021'!O$33+'February 2021'!O$33+'March 2021'!O$33 -> 139 | P34: ='November 2020'!P$33+'December 2020'!P$33+'January 2021'!P$33+'February 2021'!P$33+'March 2021'!P$33 -> 11 | Q34: ='November 2020'!Q$33+'December 2020'!Q$33+'January 2021'!Q$33+'February 2021'!Q$33+'March 2021'!Q$33 -> 0 | R34: ='November 2020'!R$33+'December 2020'!R$33+'January 2021'!R$33+'February 2021'!R$33+'March 2021'!R$33 -> 146 | S34: ='November 2020'!S$33+'December 2020'!S$33+'January 2021'!S$33+'February 2021'!S$33+'March 2021'!S$33 -> 28 | T34: ='November 2020'!T$33+'December 2020'!T$33+'January 2021'!T$33+'February 2021'!T$33+'March 2021'!T$33 -> 8 | U34: ='November 2020'!U$33+'December 2020'!U$33+'January 2021'!U$33+'February 2021'!U$33+'March 2021'!U$33 -> 0 | ... AA34: ='November 2020'!AA$33+'December 2020'!AA$33+'January 2021'!AA$33+'February 2021'!AA$33+'March 2021'!AA$33 -> 192 | AB34: ='November 2020'!AB33+'December 2020'!AB33+'January 2021'!AB33+'February 2021'!AB33+'March 2021'!AB33 -> 412 | AC34: ='November 2020'!AC33+'December 2020'!AC33+'January 2021'!AC33+'February 2021'!AC33+'March 2021'!AC33 -> 190
E35: Season Total | I35: ='November 2020'!I$33+'December 2020'!I$33+'January 2021'!I$33+'February 2021'!I$33+'March 2021'!I$33+'April 2021'!I$33 -> 112.63333 | J35: ='November 2020'!J33+'December 2020'!J33+'January 2021'!J33+'February 2021'!J33+'March 2021'!J33+'April 2021'!J33 -> 474.1 | N35: ='November 2020'!N33+'December 2020'!N33+'January 2021'!N33+'February 2021'!N33+'March 2021'!N33+'April 2021'!N33 -> 271 | O35: ='November 2020'!O33+'December 2020'!O33+'January 2021'!O33+'February 2021'!O33+'March 2021'!O33+'April 2021'!O33 -> 139 | P35: ='November 2020'!P33+'December 2020'!P33+'January 2021'!P33+'February 2021'!P33+'March 2021'!P33+'April 2021'!P33 -> 11 | Q35: ='November 2020'!Q33+'December 2020'!Q33+'January 2021'!Q33+'February 2021'!Q33+'March 2021'!Q33+'April 2021'!Q33 -> 0 | R35: ='November 2020'!R33+'December 2020'!R33+'January 2021'!R33+'February 2021'!R33+'March 2021'!R33+'April 2021'!R33 -> 147 | S35: ='November 2020'!S33+'December 2020'!S33+'January 2021'!S33+'February 2021'!S33+'March 2021'!S33+'April 2021'!S33 -> 28 | T35: ='November 2020'!T33+'December 2020'!T33+'January 2021'!T33+'February 2021'!T33+'March 2021'!T33+'April 2021'!T33 -> 8 | U35: ='November 2020'!U33+'December 2020'!U33+'January 2021'!U33+'February 2021'!U33+'March 2021'!U33+'April 2021'!U33 -> 0 | ... AC35: ='November 2020'!AC33+'December 2020'!AC33+'January 2021'!AC33+'February 2021'!AC33+'March 2021'!AC33+'April 2021'!AC33 -> 191
E36: 2019-20 Total | N36: 811 | O36: 1180 | P36: 13 | Q36: 2 | R36: 386 | S36: 89 | T36: 35 | U36: 2 | V36: 0 | W36: 9 | X36: 7 | Y36: 28 | Z36: 2006 | AA36: 512 | AB36: 1991 | AC36: 475
E37: 2018-19 Total | N37: 90 | O37: 1134 | P37: 3 | Q37: 4 | R37: 124 | S37: 791 | T37: 6 | U37: 17 | V37: 6 | W37: 4 | X37: 24 | Y37: 7 | Z37: 1231 | AA37: 944 | AB37: 1224 | AC37: 921
E38: 2017-18 Total | Z38: 433 | AA38: 297
E39: 2016-17 Total | Z39: 834 | AA39: 751
E40: 2015-16 Total | Z40: 688 | AA40: 1040
E41: 2014-15 Total | Z41: 695 | AA41: 750
E42: 2013-14 Total | Z42: 580 | AA42: 572

Sheet Sheet25

Sheet April 2021
A1: Date | B1: Sunset | C1: Civil Twilight | D1: Captain | E1: Monitored (Y/N) | F1: Start time HH:MM | G1: End Date | H1: End time HH:MM | I1: Hours monitored | J1: Team Hrs. | K1: Start temp | L1: End temp | M1: Weather | N1: Females assisted down | O1: Males assisted down | P1: Unassisted Females down | Q1: Unasissted Males down | R1: Females assisted up | S1: Males assisted up | T1: Unassisted females up | U1: Unassisted males up | V1: Juveniles assisted up | W1: Roadkill Females | X1: Roadkill Males | Y1: Roadkill Unk | Z1: Total frogs down | AA1: Total frogs up | AB1: Total Frogs Assisted Down | AC1: Total Frogs Assisted Up | AD1: % moon visible | AE1: Comments
A2: 44287 | B2: 1940 | C2: 2010 | D2: =choose(weekday(A2),"Phil/Fred", "Jane/Sarah", "Jim/John/Lena","Marsha/Anne","Shawn/Jenny","Jeff", "Rob/Maggie") -> Shawn/Jenny | E2: N | G2: 44287 | I2: =iferror(24*( DATEDIF(A2,G2,"D")+TIMEVALUE(H2)-TIMEVALUE(F2)),0) -> 0 | M2: Dry all day/all night | N2: 0 | O2: 0 | P2: 0 | Q2: 0 | R2: 0 | S2: 0 | T2: 0 | U2: 0 | V2: 0 | W2: 0 | X2: 0 | Y2: 0 | Z2: =sum(N2:Q2) -> 0 | AA2: =sum(R2:V2) -> 0 | AB2: =sum(N2:O2) -> 0 | AC2: =sum(R2:S2,V2) -> 0 | AD2: 0.15
A3: 44288 | B3: 1941 | C3: 2011 | D3: =choose(weekday(A3),"Phil/Fred", "Jane/Sarah", "Jim/John/Lena","Marsha/Anne","Shawn/Jenny","Jeff", "Rob/Maggie") -> Jeff | E3: N | G3: 44288 | I3: =iferror(24*( DATEDIF(A3,G3,"D")+TIMEVALUE(H3)-TIMEVALUE(F3)),0) -> 0 | M3: Dry all day/all night | N3: 0 | O3: 0 | P3: 0 | Q3: 0 | R3: 0 | S3: 0 | T3: 0 | U3: 0 | V3: 0 | W3: 0 | X3: 0 | Y3: 0 | Z3: =sum(N3:Q3) -> 0 | AA3: =sum(R3:V3) -> 0 | AB3: =sum(N3:O3) -> 0 | AC3: =sum(R3:S3,V3) -> 0 | AD3: 0.09
A4: 44289 | B4: 1942 | C4: 2012 | D4: =choose(weekday(A4),"Phil/Fred", "Jane/Sarah", "Jim/John/Lena","Marsha/Anne","Shawn/Jenny","Jeff", "Rob/Maggie") -> Rob/Maggie | E4: N | G4: 44289 | I4: =iferror(24*( DATEDIF(A4,G4,"D")+TIMEVALUE(H4)-TIMEVALUE(F4)),0) -> 0 | K4: 52 | M4: fair,dry, spring | N4: 0 | O4: 0 | P4: 0 | Q4: 0 | R4: 0 | S4: 0 | T4: 0 | U4: 0 | V4: 0 | W4: 0 | X4: 0 | Y4: 0 | Z4: =sum(N4:Q4) -> 0 | AA4: =sum(R4:V4) -> 0 | AB4: =sum(N4:O4) -> 0 | AC4: =sum(R4:S4,V4) -> 0 | AD4: 0.04
A5: 44290 | B5: 1944 | C5: 2014 | D5: =choose(weekday(A5),"Phil/Fred", "Jane/Sarah", "Jim/John/Lena","Marsha/Anne","Shawn/Jenny","Jeff", "Rob/Maggie") -> Phil/Fred | E5: N | G5: 44290 | I5: =iferror(24*( DATEDIF(A5,G5,"D")+TIMEVALUE(H5)-TIMEVALUE(F5)),0) -> 0 | M5: Dry | N5: 0 | O5: 0 | P5: 0 | Q5: 0 | R5: 0 | S5: 0 | T5: 0 | U5: 0 | V5: 0 | W5: 0 | X5: 0 | Y5: 0 | Z5: =sum(N5:Q5) -> 0 | AA5: =sum(R5:V5) -> 0 | AB5: =sum(N5:O5) -> 0 | AC5: =sum(R5:S5,V5) -> 0 | AD5: 0.01
A6: 44291 | B6: 1945 | C6: 2015 | D6: =choose(weekday(A6),"Phil/Fred", "Jane/Sarah", "Jim/John/Lena","Marsha/Anne","Shawn/Jenny","Jeff", "Rob/Maggie") -> Jane/Sarah | E6: N | G6: 44291 | I6: =iferror(24*( DATEDIF(A6,G6,"D")+TIMEVALUE(H6)-TIMEVALUE(F6)),0) -> 0 | K6: 44 | M6: Dry | N6: 0 | O6: 0 | P6: 0 | Q6: 0 | R6: 0 | S6: 0 | T6: 0 | U6: 0 | V6: 0 | W6: 0 | X6: 0 | Y6: 0 | Z6: =sum(N6:Q6) -> 0 | AA6: =sum(R6:V6) -> 0 | AB6: =sum(N6:O6) -> 0 | AC6: =sum(R6:S6,V6) -> 0 | AD6: 0
A7: 44292 | B7: 1946 | C7: 2017 | D7: =choose(weekday(A7),"Phil/Fred", "Jane/Sarah", "Jim/John/Lena","Marsha/Anne","Shawn/Jenny","Jeff", "Rob/Maggie") -> Jim/John/Lena | E7: N | G7: 44292 | I7: =iferror(24*( DATEDIF(A7,G7,"D")+TIMEVALUE(H7)-TIMEVALUE(F7)),0) -> 0 | N7: 0 | O7: 0 | P7: 0 | Q7: 0 | R7: 0 | S7: 0 | T7: 0 | U7: 0 | V7: 0 | W7: 0 | X7: 0 | Y7: 0 | Z7: =sum(N7:Q7) -> 0 | AA7: =sum(R7:V7) -> 0 | AB7: =sum(N7:O7) -> 0 | AC7: =sum(R7:S7,V7) -> 0 | AD7: 0.01
A8: 44293 | B8: 1947 | C8: 2018 | D8: =choose(weekday(A8),"Phil/Fred", "Jane/Sarah", "Jim/John/Lena","Marsha/Anne","Shawn/Jenny","Jeff", "Rob/Maggie") -> Marsha/Anne | E8: Y | F8: 0.83333333 | G8: 44293 | H8: 0.89930556 | I8: =iferror(24*( DATEDIF(A8,G8,"D")+TIMEVALUE(H8)-TIMEVALUE(F8)),0) -> 1.5833333 | J8: 4.5 | K8: 46.7 | L8: 45.1 | M8: damp pavement | N8: 0 | O8: 0 | P8: 0 | Q8: 0 | R8: 1 | S8: 0 | T8: 0 | U8: 0 | V8: 0 | W8: 0 | X8: 0 | Y8: 0 | Z8: =sum(N8:Q8) -> 0 | AA8: =sum(R8:V8) -> 1 | AB8: =sum(N8:O8) -> 0 | AC8: =sum(R8:S8,V8) -> 1 | AD8: 0.04 | AE8: Downpour ~0330. Jim checked at 0545 and found 12 PSRE and 2 salamanders as roadkill
A9: 44294 | B9: 1949 | C9: 2019 | D9: =choose(weekday(A9),"Phil/Fred", "Jane/Sarah", "Jim/John/Lena","Marsha/Anne","Shawn/Jenny","Jeff", "Rob/Maggie") -> Shawn/Jenny | E9: Y | F9: 0.85416667 | G9: 44294 | H9: 0.85763889 | I9: =iferror(24*( DATEDIF(A9,G9,"D")+TIMEVALUE(H9)-TIMEVALUE(F9)),0) -> 0.083333333 | K9: 48 | L9: 48 | M9: Dry, clear | N9: 0 | O9: 0 | P9: 0 | Q9: 0 | R9: 0 | S9: 0 | T9: 0 | U9: 0 | V9: 0 | W9: 0 | X9: 0 | Y9: 0 | Z9: =sum(N9:Q9) -> 0 | AA9: =sum(R9:V9) -> 0 | AB9: =sum(N9:O9) -> 0 | AC9: =sum(R9:S9,V9) -> 0 | AD9: 0.09
A10: 44295 | B10: 1950 | C10: 2021 | D10: =choose(weekday(A10),"Phil/Fred", "Jane/Sarah", "Jim/John/Lena","Marsha/Anne","Shawn/Jenny","Jeff", "Rob/Maggie") -> Jeff | E10: Y | F10: 0.85416667 | G10: 44295 | H10: 0.875 | I10: =iferror(24*( DATEDIF(A10,G10,"D")+TIMEVALUE(H10)-TIMEVALUE(F10)),0) -> 0.5 | J10: 0.5 | K10: 48 | L10: 48 | M10: Dry, parital overcast | N10: 0 | O10: 0 | P10: 0 | Q10: 0 | R10: 0 | S10: 0 | T10: 0 | U10: 0 | V10: 0 | W10: 0 | X10: 0 | Y10: 0 | Z10: =sum(N10:Q10) -> 0 | AA10: =sum(R10:V10) -> 0 | AB10: =sum(N10:O10) -> 0 | AC10: =sum(R10:S10,V10) -> 0 | AD10: 0.16
A11: 44296 | B11: 1951 | C11: 2022 | D11: =choose(weekday(A11),"Phil/Fred", "Jane/Sarah", "Jim/John/Lena","Marsha/Anne","Shawn/Jenny","Jeff", "Rob/Maggie") -> Rob/Maggie | E11: N | G11: 44296 | I11: =iferror(24*( DATEDIF(A11,G11,"D")+TIMEVALUE(H11)-TIMEVALUE(F11)),0) -> 0 | M11: Dry | N11: 0 | O11: 0 | P11: 0 | Q11: 0 | R11: 0 | S11: 0 | T11: 0 | U11: 0 | V11: 0 | W11: 0 | X11: 0 | Y11: 0 | Z11: =sum(N11:Q11) -> 0 | AA11: =sum(R11:V11) -> 0 | AB11: =sum(N11:O11) -> 0 | AC11: =sum(R11:S11,V11) -> 0 | AD11: 0.24
A12: 44297 | B12: 1953 | C12: 2023 | D12: =choose(weekday(A12),"Phil/Fred", "Jane/Sarah", "Jim/John/Lena","Marsha/Anne","Shawn/Jenny","Jeff", "Rob/Maggie") -> Phil/Fred | E12: N | G12: 44297 | I12: =iferror(24*( DATEDIF(A12,G12,"D")+TIMEVALUE(H12)-TIMEVALUE(F12)),0) -> 0 | M12: Dry | N12: 0 | O12: 0 | P12: 0 | Q12: 0 | R12: 0 | S12: 0 | T12: 0 | U12: 0 | V12: 0 | W12: 0 | X12: 0 | Y12: 0 | Z12: =sum(N12:Q12) -> 0 | AA12: =sum(R12:V12) -> 0 | AB12: =sum(N12:O12) -> 0 | AC12: =sum(R12:S12,V12) -> 0 | AD12: 0.34
A13: 44298 | B13: 1954 | C13: 2025 | D13: =choose(weekday(A13),"Phil/Fred", "Jane/Sarah", "Jim/John/Lena","Marsha/Anne","Shawn/Jenny","Jeff", "Rob/Maggie") -> Jane/Sarah | E13: N | G13: 44298 | I13: =iferror(24*( DATEDIF(A13,G13,"D")+TIMEVALUE(H13)-TIMEVALUE(F13)),0) -> 0 | M13: Dry | N13: 0 | O13: 0 | P13: 0 | Q13: 0 | R13: 0 | S13: 0 | T13: 0 | U13: 0 | V13: 0 | W13: 0 | X13: 0 | Y13: 0 | Z13: =sum(N13:Q13) -> 0 | AA13: =sum(R13:V13) -> 0 | AB13: =sum(N13:O13) -> 0 | AC13: =sum(R13:S13,V13) -> 0 | AD13: 0.45
A14: 44299 | B14: 1955 | C14: 2026 | D14: =choose(weekday(A14),"Phil/Fred", "Jane/Sarah", "Jim/John/Lena","Marsha/Anne","Shawn/Jenny","Jeff", "Rob/Maggie") -> Jim/John/Lena | E14: N | G14: 44299 | I14: =iferror(24*( DATEDIF(A14,G14,"D")+TIMEVALUE(H14)-TIMEVALUE(F14)),0) -> 0 | M14: Dry | N14: 0 | O14: 0 | P14: 0 | Q14: 0 | R14: 0 | S14: 0 | T14: 0 | U14: 0 | V14: 0 | W14: 0 | X14: 0 | Y14: 0 | Z14: =sum(N14:Q14) -> 0 | AA14: =sum(R14:V14) -> 0 | AB14: =sum(N14:O14) -> 0 | AC14: =sum(R14:S14,V14) -> 0 | AD14: 0.56
A15: 44300 | B15: 1956 | C15: 2028 | D15: =choose(weekday(A15),"Phil/Fred", "Jane/Sarah", "Jim/John/Lena","Marsha/Anne","Shawn/Jenny","Jeff", "Rob/Maggie") -> Marsha/Anne | E15: N | G15: 44300 | I15: =iferror(24*( DATEDIF(A15,G15,"D")+TIMEVALUE(H15)-TIMEVALUE(F15)),0) -> 0 | M15: Dry | N15: 0 | O15: 0 | P15: 0 | Q15: 0 | R15: 0 | S15: 0 | T15: 0 | U15: 0 | V15: 0 | W15: 0 | X15: 0 | Y15: 0 | Z15: =sum(N15:Q15) -> 0 | AA15: =sum(R15:V15) -> 0 | AB15: =sum(N15:O15) -> 0 | AC15: =sum(R15:S15,V15) -> 0 | AD15: 0.67
A16: 44301 | B16: 1958 | C16: 2029 | D16: =choose(weekday(A16),"Phil/Fred", "Jane/Sarah", "Jim/John/Lena","Marsha/Anne","Shawn/Jenny","Jeff", "Rob/Maggie") -> Shawn/Jenny | E16: N | G16: 44301 | I16: =iferror(24*( DATEDIF(A16,G16,"D")+TIMEVALUE(H16)-TIMEVALUE(F16)),0) -> 0 | M16: Dry | N16: 0 | O16: 0 | P16: 0 | Q16: 0 | R16: 0 | S16: 0 | T16: 0 | U16: 0 | V16: 0 | W16: 0 | X16: 0 | Y16: 0 | Z16: =sum(N16:Q16) -> 0 | AA16: =sum(R16:V16) -> 0 | AB16: =sum(N16:O16) -> 0 | AC16: =sum(R16:S16,V16) -> 0 | AD16: 0.78
A17: 44302 | B17: 1959 | C17: 2030 | D17: =choose(weekday(A17),"Phil/Fred", "Jane/Sarah", "Jim/John/Lena","Marsha/Anne","Shawn/Jenny","Jeff", "Rob/Maggie") -> Jeff | E17: N | G17: 44302 | I17: =iferror(24*( DATEDIF(A17,G17,"D")+TIMEVALUE(H17)-TIMEVALUE(F17)),0) -> 0 | M17: Dry | N17: 0 | O17: 0 | P17: 0 | Q17: 0 | R17: 0 | S17: 0 | T17: 0 | U17: 0 | V17: 0 | W17: 0 | X17: 0 | Y17: 0 | Z17: =sum(N17:Q17) -> 0 | AA17: =sum(R17:V17) -> 0 | AB17: =sum(N17:O17) -> 0 | AC17: =sum(R17:S17,V17) -> 0 | AD17: 0.87
A18: 44303 | B18: 2000 | C18: 2032 | D18: =choose(weekday(A18),"Phil/Fred", "Jane/Sarah", "Jim/John/Lena","Marsha/Anne","Shawn/Jenny","Jeff", "Rob/Maggie") -> Rob/Maggie | E18: N | G18: 44303 | I18: =iferror(24*( DATEDIF(A18,G18,"D")+TIMEVALUE(H18)-TIMEVALUE(F18)),0) -> 0 | M18: Dry | N18: 0 | O18: 0 | P18: 0 | Q18: 0 | R18: 0 | S18: 0 | T18: 0 | U18: 0 | V18: 0 | W18: 0 | X18: 0 | Y18: 0 | Z18: =sum(N18:Q18) -> 0 | AA18: =sum(R18:V18) -> 0 | AB18: =sum(N18:O18) -> 0 | AC18: =sum(R18:S18,V18) -> 0 | AD18: 0.94
A19: 44304 | B19: 2002 | C19: 2033 | D19: =choose(weekday(A19),"Phil/Fred", "Jane/Sarah", "Jim/John/Lena","Marsha/Anne","Shawn/Jenny","Jeff", "Rob/Maggie") -> Phil/Fred | E19: N | G19: 44304 | I19: =iferror(24*( DATEDIF(A19,G19,"D")+TIMEVALUE(H19)-TIMEVALUE(F19)),0) -> 0 | M19: Dry | N19: 0 | O19: 0 | P19: 0 | Q19: 0 | R19: 0 | S19: 0 | T19: 0 | U19: 0 | V19: 0 | W19: 0 | X19: 0 | Y19: 0 | Z19: =sum(N19:Q19) -> 0 | AA19: =sum(R19:V19) -> 0 | AB19: =sum(N19:O19) -> 0 | AC19: =sum(R19:S19,V19) -> 0 | AD19: 0.98
A20: 44305 | B20: 2003 | C20: 2034 | D20: =choose(weekday(A20),"Phil/Fred", "Jane/Sarah", "Jim/John/Lena","Marsha/Anne","Shawn/Jenny","Jeff", "Rob/Maggie") -> Jane/Sarah | E20: N | G20: 44305 | I20: =iferror(24*( DATEDIF(A20,G20,"D")+TIMEVALUE(H20)-TIMEVALUE(F20)),0) -> 0 | M20: Dry | N20: 0 | O20: 0 | P20: 0 | Q20: 0 | R20: 0 | S20: 0 | T20: 0 | U20: 0 | V20: 0 | W20: 0 | X20: 0 | Y20: 0 | Z20: =sum(N20:Q20) -> 0 | AA20: =sum(R20:V20) -> 0 | AB20: =sum(N20:O20) -> 0 | AC20: =sum(R20:S20,V20) -> 0 | AD20: 1
A21: 44306 | B21: 2004 | C21: 2036 | D21: =choose(weekday(A21),"Phil/Fred", "Jane/Sarah", "Jim/John/Lena","Marsha/Anne","Shawn/Jenny","Jeff", "Rob/Maggie") -> Jim/John/Lena | E21: N | G21: 44306 | I21: =iferror(24*( DATEDIF(A21,G21,"D")+TIMEVALUE(H21)-TIMEVALUE(F21)),0) -> 0 | M21: Dry | N21: 0 | O21: 0 | P21: 0 | Q21: 0 | R21: 0 | S21: 0 | T21: 0 | U21: 0 | V21: 0 | W21: 0 | X21: 0 | Y21: 0 | Z21: =sum(N21:Q21) -> 0 | AA21: =sum(R21:V21) -> 0 | AB21: =sum(N21:O21) -> 0 | AC21: =sum(R21:S21,V21) -> 0 | AD21: 0.99
A22: 44307 | B22: 2005 | C22: 2037 | D22: =choose(weekday(A22),"Phil/Fred", "Jane/Sarah", "Jim/John/Lena","Marsha/Anne","Shawn/Jenny","Jeff", "Rob/Maggie") -> Marsha/Anne | E22: N | G22: 44307 | I22: =iferror(24*( DATEDIF(A22,G22,"D")+TIMEVALUE(H22)-TIMEVALUE(F22)),0) -> 0 | M22: Dry | N22: 0 | O22: 0 | P22: 0 | Q22: 0 | R22: 0 | S22: 0 | T22: 0 | U22: 0 | V22: 0 | W22: 0 | X22: 0 | Y22: 0 | Z22: =sum(N22:Q22) -> 0 | AA22: =sum(R22:V22) -> 0 | AB22: =sum(N22:O22) -> 0 | AC22: =sum(R22:S22,V22) -> 0 | AD22: 0.95
A23: 44308 | B23: 2007 | C23: 2039 | D23: =choose(weekday(A23),"Phil/Fred", "Jane/Sarah", "Jim/John/Lena","Marsha/Anne","Shawn/Jenny","Jeff", "Rob/Maggie") -> Shawn/Jenny | E23: N | G23: 44308 | I23: =iferror(24*( DATEDIF(A23,G23,"D")+TIMEVALUE(H23)-TIMEVALUE(F23)),0) -> 0 | M23: Dry, partly cloudy | N23: 0 | O23: 0 | P23: 0 | Q23: 0 | R23: 0 | S23: 0 | T23: 0 | U23: 0 | V23: 0 | W23: 0 | X23: 0 | Y23: 0 | Z23: =sum(N23:Q23) -> 0 | AA23: =sum(R23:V23) -> 0 | AB23: =sum(N23:O23) -> 0 | AC23: =sum(R23:S23,V23) -> 0 | AD23: 0.9
A24: 44309 | B24: 2008 | C24: 2040 | D24: =choose(weekday(A24),"Phil/Fred", "Jane/Sarah", "Jim/John/Lena","Marsha/Anne","Shawn/Jenny","Jeff", "Rob/Maggie") -> Jeff | G24: 44309 | I24: =iferror(24*( DATEDIF(A24,G24,"D")+TIMEVALUE(H24)-TIMEVALUE(F24)),0) -> 0 | N24: 0 | O24: 0 | P24: 0 | Q24: 0 | R24: 0 | S24: 0 | T24: 0 | U24: 0 | V24: 0 | W24: 0 | X24: 0 | Y24: 0 | Z24: =sum(N24:Q24) -> 0 | AA24: =sum(R24:V24) -> 0 | AB24: =sum(N24:O24) -> 0 | AC24: =sum(R24:S24,V24) -> 0 | AD24: 0.83
A25: 44310 | B25: 2009 | C25: 2042 | D25: =choose(weekday(A25),"Phil/Fred", "Jane/Sarah", "Jim/John/Lena","Marsha/Anne","Shawn/Jenny","Jeff", "Rob/Maggie") -> Rob/Maggie | G25: 44310 | I25: =iferror(24*( DATEDIF(A25,G25,"D")+TIMEVALUE(H25)-TIMEVALUE(F25)),0) -> 0 | N25: 0 | O25: 0 | P25: 0 | Q25: 0 | R25: 0 | S25: 0 | T25: 0 | U25: 0 | V25: 0 | W25: 0 | X25: 0 | Y25: 0 | Z25: =sum(N25:Q25) -> 0 | AA25: =sum(R25:V25) -> 0 | AB25: =sum(N25:O25) -> 0 | AC25: =sum(R25:S25,V25) -> 0 | AD25: 0.74
A26: 44311 | B26: 2011 | C26: 2043 | D26: =choose(weekday(A26),"Phil/Fred", "Jane/Sarah", "Jim/John/Lena","Marsha/Anne","Shawn/Jenny","Jeff", "Rob/Maggie") -> Phil/Fred | G26: 44311 | I26: =iferror(24*( DATEDIF(A26,G26,"D")+TIMEVALUE(H26)-TIMEVALUE(F26)),0) -> 0 | N26: 0 | O26: 0 | P26: 0 | Q26: 0 | R26: 0 | S26: 0 | T26: 0 | U26: 0 | V26: 0 | W26: 0 | X26: 0 | Y26: 0 | Z26: =sum(N26:Q26) -> 0 | AA26: =sum(R26:V26) -> 0 | AB26: =sum(N26:O26) -> 0 | AC26: =sum(R26:S26,V26) -> 0 | AD26: 0.65
A27: 44312 | B27: 2012 | C27: 2044 | D27: =choose(weekday(A27),"Phil/Fred", "Jane/Sarah", "Jim/John/Lena","Marsha/Anne","Shawn/Jenny","Jeff", "Rob/Maggie") -> Jane/Sarah | G27: 44312 | I27: =iferror(24*( DATEDIF(A27,G27,"D")+TIMEVALUE(H27)-TIMEVALUE(F27)),0) -> 0 | K27: 52 | M27: Dry | N27: 0 | O27: 0 | P27: 0 | Q27: 0 | R27: 0 | S27: 0 | T27: 0 | U27: 0 | V27: 0 | W27: 0 | X27: 0 | Y27: 0 | Z27: =sum(N27:Q27) -> 0 | AA27: =sum(R27:V27) -> 0 | AB27: =sum(N27:O27) -> 0 | AC27: =sum(R27:S27,V27) -> 0 | AD27: 0.56
A28: 44313 | B28: 2013 | C28: 2046 | D28: =choose(weekday(A28),"Phil/Fred", "Jane/Sarah", "Jim/John/Lena","Marsha/Anne","Shawn/Jenny","Jeff", "Rob/Maggie") -> Jim/John/Lena | G28: 44313 | I28: =iferror(24*( DATEDIF(A28,G28,"D")+TIMEVALUE(H28)-TIMEVALUE(F28)),0) -> 0 | N28: 0 | O28: 0 | P28: 0 | Q28: 0 | R28: 0 | S28: 0 | T28: 0 | U28: 0 | V28: 0 | W28: 0 | X28: 0 | Y28: 0 | Z28: =sum(N28:Q28) -> 0 | AA28: =sum(R28:V28) -> 0 | AB28: =sum(N28:O28) -> 0 | AC28: =sum(R28:S28,V28) -> 0 | AD28: 0.46
A29: 44314 | B29: 2014 | C29: 2047 | D29: =choose(weekday(A29),"Phil/Fred", "Jane/Sarah", "Jim/John/Lena","Marsha/Anne","Shawn/Jenny","Jeff", "Rob/Maggie") -> Marsha/Anne | G29: 44314 | I29: =iferror(24*( DATEDIF(A29,G29,"D")+TIMEVALUE(H29)-TIMEVALUE(F29)),0) -> 0 | N29: 0 | O29: 0 | P29: 0 | Q29: 0 | R29: 0 | S29: 0 | T29: 0 | U29: 0 | V29: 0 | W29: 0 | X29: 0 | Y29: 0 | Z29: =sum(N29:Q29) -> 0 | AA29: =sum(R29:V29) -> 0 | AB29: =sum(N29:O29) -> 0 | AC29: =sum(R29:S29,V29) -> 0 | AD29: 0.37
A30: 44315 | B30: 2016 | C30: 2049 | D30: =choose(weekday(A30),"Phil/Fred", "Jane/Sarah", "Jim/John/Lena","Marsha/Anne","Shawn/Jenny","Jeff", "Rob/Maggie") -> Shawn/Jenny | G30: 44315 | I30: =iferror(24*( DATEDIF(A30,G30,"D")+TIMEVALUE(H30)-TIMEVALUE(F30)),0) -> 0 | N30: 0 | O30: 0 | P30: 0 | Q30: 0 | R30: 0 | S30: 0 | T30: 0 | U30: 0 | V30: 0 | W30: 0 | X30: 0 | Y30: 0 | Z30: =sum(N30:Q30) -> 0 | AA30: =sum(R30:V30) -> 0 | AB30: =sum(N30:O30) -> 0 | AC30: =sum(R30:S30,V30) -> 0 | AD30: 0.28
A31: 44316 | B31: 2017 | C31: 2050 | D31: =choose(weekday(A31),"Phil/Fred", "Jane/Sarah", "Jim/John/Lena","Marsha/Anne","Shawn/Jenny","Jeff", "Rob/Maggie") -> Jeff | G31: 44316 | I31: =iferror(24*( DATEDIF(A31,G31,"D")+TIMEVALUE(H31)-TIMEVALUE(F31)),0) -> 0 | N31: 0 | O31: 0 | P31: 0 | Q31: 0 | R31: 0 | S31: 0 | T31: 0 | U31: 0 | V31: 0 | W31: 0 | X31: 0 | Y31: 0 | Z31: =sum(N31:Q31) -> 0 | AA31: =sum(R31:V31) -> 0 | AB31: =sum(N31:O31) -> 0 | AC31: =sum(R31:S31,V31) -> 0 | AD31: 0.2
A32: xx/xx/xxxx | B32: x | C32: x | I32: =iferror(24*( DATEDIF(A32,G32,"D")+TIMEVALUE(H32)-TIMEVALUE(F32)),0) -> 0 | N32: xxxx | O32: xxxx | P32: xxxx | Q32: xxxx | R32: xxxx | S32: xxxx | T32: xxxx | U32: xxxx | V32: xxxx | W32: xxxx | X32: xxxx | Y32: xxxx | Z32: xxxx | AA32: xxxx | AB32: xxxx | AC32: xxxx | AD32: X
D33: Monthly total | I33: =SUM(I3:I32) -> 2.1666667 | J33: =SUM(J2:J32) -> 5 | N33: =sum(N2:N32) -> 0 | O33: =sum(O2:O32) -> 0 | P33: =sum(P2:P32) -> 0 | Q33: =sum(Q2:Q32) -> 0 | R33: =sum(R2:R32) -> 1 | S33: =sum(S2:S32) -> 0 | T33: =sum(T2:T32) -> 0 | U33: =sum(U2:U32) -> 0 | ... Y33: =sum(Y2:Y32) -> 0 | Z33: =SUM(Z2:Z32) -> 0 | AA33: =SUM(AA2:AA32) -> 1 | AB33: =sum(AB2:AB32) -> 0 | AC33: =sum(AC2:AC32) -> 1
D34: Cumulative Total | I34: ='November 2020'!I$33+'December 2020'!I$33+'January 2021'!I$33+'February 2021'!I$33+'March 2021'!I$33+'April 2021'!I$33 -> 112.63333 | J34: ='November 2020'!J$33+'December 2020'!J$33+'January 2021'!J$33+'February 2021'!J$33+'March 2021'!J$33+'April 2021'!J$33 -> 474.1 | N34: ='November 2020'!N$33+'December 2020'!N$33+'January 2021'!N$33+'February 2021'!N$33+'March 2021'!N$33+'April 2021'!N$33 -> 271 | O34: ='November 2020'!O$33+'December 2020'!O$33+'January 2021'!O$33+'February 2021'!O$33+'March 2021'!O$33+'April 2021'!O$33 -> 139 | P34: ='November 2020'!P$33+'December 2020'!P$33+'January 2021'!P$33+'February 2021'!P$33+'March 2021'!P$33+'April 2021'!P$33 -> 11 | Q34: ='November 2020'!Q$33+'December 2020'!Q$33+'January 2021'!Q$33+'February 2021'!Q$33+'March 2021'!Q$33+'April 2021'!Q$33 -> 0 | R34: ='November 2020'!R$33+'December 2020'!R$33+'January 2021'!R$33+'February 2021'!R$33+'March 2021'!R$33+'April 2021'!R$33 -> 147 | S34: ='November 2020'!S$33+'December 2020'!S$33+'January 2021'!S$33+'February 2021'!S$33+'March 2021'!S$33+'April 2021'!S$33 -> 28 | T34: ='November 2020'!T$33+'December 2020'!T$33+'January 2021'!T$33+'February 2021'!T$33+'March 2021'!T$33+'April 2021'!T$33 -> 8 | U34: ='November 2020'!U$33+'December 2020'!U$33+'January 2021'!U$33+'February 2021'!U$33+'March 2021'!U$33+'April 2021'!U$33 -> 0 | ... AA34: ='November 2020'!AA$33+'December 2020'!AA$33+'January 2021'!AA$33+'February 2021'!AA$33+'March 2021'!AA$33+'April 2021'!AA$33 -> 193 | AB34: ='November 2020'!AB33+'December 2020'!AB33+'January 2021'!AB33+'February 2021'!AB33+'March 2021'!AB33+'April 2021'!AB33 -> 412 | AC34: ='November 2020'!AC33+'December 2020'!AC33+'January 2021'!AC33+'February 2021'!AC33+'March 2021'!AC33+'April 2021'!AC33 -> 191
D35: Season Total | I35: ='November 2020'!I$33+'December 2020'!I$33+'January 2021'!I$33+'February 2021'!I$33+'March 2021'!I$33+'April 2021'!I$33 -> 112.63333 | J35: ='November 2020'!J33+'December 2020'!J33+'January 2021'!J33+'February 2021'!J33+'March 2021'!J33+'April 2021'!J33 -> 474.1 | N35: ='November 2020'!N33+'December 2020'!N33+'January 2021'!N33+'February 2021'!N33+'March 2021'!N33+'April 2021'!N33 -> 271 | O35: ='November 2020'!O33+'December 2020'!O33+'January 2021'!O33+'February 2021'!O33+'March 2021'!O33+'April 2021'!O33 -> 139 | P35: ='November 2020'!P33+'December 2020'!P33+'January 2021'!P33+'February 2021'!P33+'March 2021'!P33+'April 2021'!P33 -> 11 | Q35: ='November 2020'!Q33+'December 2020'!Q33+'January 2021'!Q33+'February 2021'!Q33+'March 2021'!Q33+'April 2021'!Q33 -> 0 | R35: ='November 2020'!R33+'December 2020'!R33+'January 2021'!R33+'February 2021'!R33+'March 2021'!R33+'April 2021'!R33 -> 147 | S35: ='November 2020'!S33+'December 2020'!S33+'January 2021'!S33+'February 2021'!S33+'March 2021'!S33+'April 2021'!S33 -> 28 | T35: ='November 2020'!T33+'December 2020'!T33+'January 2021'!T33+'February 2021'!T33+'March 2021'!T33+'April 2021'!T33 -> 8 | U35: ='November 2020'!U33+'December 2020'!U33+'January 2021'!U33+'February 2021'!U33+'March 2021'!U33+'April 2021'!U33 -> 0 | ... AC35: ='November 2020'!AC33+'December 2020'!AC33+'January 2021'!AC33+'February 2021'!AC33+'March 2021'!AC33+'April 2021'!AC33 -> 191
D36: 2019-20 Total | N36: 811 | O36: 1180 | P36: 13 | Q36: 2 | R36: 386 | S36: 89 | T36: 35 | U36: 2 | V36: 0 | W36: 9 | X36: 7 | Y36: 28 | Z36: 2006 | AA36: 512 | AB36: 1991 | AC36: 475
D37: 2018-19 Total | N37: 90 | O37: 1134 | P37: 3 | Q37: 4 | R37: 124 | S37: 791 | T37: 6 | U37: 17 | V37: 6 | W37: 4 | X37: 24 | Y37: 7 | Z37: 1231 | AA37: 944 | AB37: 1224 | AC37: 921
D38: 2017-18 Total | N38: 135 | O38: 281 | P38: 7 | Q38: 10 | R38: 104 | S38: 165 | T38: 9 | U38: 7 | Z38: 433 | AA38: 297 | AB38: =sum(N38:O38) -> 416 | AC38: =sum(R38:S38) -> 269
D39: 2016-17 Total | N39: 465 | O39: 340 | P39: 24 | Q39: 5 | R39: 387 | S39: 343 | T39: 16 | U39: 5 | Z39: 834 | AA39: 751 | AB39: 805 | AC39: =sum(R39:S39) -> 730
D40: 2015-16 Total | Z40: 688 | AA40: 1040
D41: 2014-15 Total | Z41: 695 | AA41: 750
D42: 2013-14 Total | Z42: 580 | AA42: 572

Sheet November 2020
A1: Date | B1: Sunset | C1: Civil Twilight | D1: Captain | E1: Monitored (Y/N) | F1: Start time HH:MM | G1: End Date | H1: End time HH:MM | I1: Hours Monitored | J1: Team Hrs. | K1: Start Temp | L1: End Temp | M1: Weather | N1: Females assisted down | O1: Males assisted down | P1: Females unassisted down | Q1: Males unassisted down | R1: Females assisted up | S1: Males assisted up | T1: Females unassisted up | U1: Males unassisted up | V1: Juveniles | W1: Roadkills female | X1: Roadkills male | Y1: Roadkills unk | Z1: Total Frogs down | AA1: Total Frogs up | AB1: Total Frogs Assisted Down | AC1: Total Frogs Assisted Up | AD1: % moon visible | AE1: Comments
A2: 44136 | B2: 1757 | C2: 1829 | D2: =choose(weekday(A2),"Phil/Fred", "Jane/Sarah", "Jim/John/Lena","Marsha/Anne","Shawn/Amber","Jeff", "Rob/Maggie") -> Phil/Fred | G2: 44136 | I2: =iferror(24*( DATEDIF(A2,G2,"D")+TIMEVALUE(H2)-TIMEVALUE(F2)),0) -> 0 | N2: 0 | O2: 0 | P2: 0 | Q2: 0 | R2: 0 | S2: 0 | T2: 0 | U2: 0 | V2: 0 | W2: 0 | X2: 0 | Y2: 0 | Z2: =sum(N2:Q2) -> 0 | AA2: =sum(R2:V2) -> 0 | AB2: =sum(N2:O2) -> 0 | AC2: =sum(R2:S2,V2) -> 0 | AD2: 0.43
A3: 44137 | B3: 1756 | C3: 1827 | D3: =choose(weekday(A3),"Phil/Fred", "Jane/Sarah", "Jim/John/Lena","Marsha/Anne","Shawn/Amber","Jeff", "Rob/Maggie") -> Jane/Sarah | G3: 44137 | I3: =iferror(24*( DATEDIF(A3,G3,"D")+TIMEVALUE(H3)-TIMEVALUE(F3)),0) -> 0 | N3: 0 | O3: 0 | P3: 0 | Q3: 0 | R3: 0 | S3: 0 | T3: 0 | U3: 0 | V3: 0 | W3: 0 | X3: 0 | Y3: 0 | Z3: =sum(N3:Q3) -> 0 | AA3: =sum(R3:V3) -> 0 | AB3: =sum(N3:O3) -> 0 | AC3: =sum(R3:S3,V3) -> 0 | AD3: 0.32
A4: 44138 | B4: 1755 | C4: 1826 | D4: =choose(weekday(A4),"Phil/Fred", "Jane/Sarah", "Jim/John/Lena","Marsha/Anne","Shawn/Amber","Jeff", "Rob/Maggie") -> Jim/John/Lena | G4: 44138 | I4: =iferror(24*( DATEDIF(A4,G4,"D")+TIMEVALUE(H4)-TIMEVALUE(F4)),0) -> 0 | N4: 0 | O4: 0 | P4: 0 | Q4: 0 | R4: 0 | S4: 0 | T4: 0 | U4: 0 | V4: 0 | W4: 0 | X4: 0 | Y4: 0 | Z4: =sum(N4:Q4) -> 0 | AA4: =sum(R4:V4) -> 0 | AB4: =sum(N4:O4) -> 0 | AC4: =sum(R4:S4,V4) -> 0 | AD4: 0.22
A5: 44139 | B5: 1653 | C5: 1725 | D5: =choose(weekday(A5),"Phil/Fred", "Jane/Sarah", "Jim/John/Lena","Marsha/Anne","Shawn/Amber","Jeff", "Rob/Maggie") -> Marsha/Anne | G5: 44139 | I5: =iferror(24*( DATEDIF(A5,G5,"D")+TIMEVALUE(H5)-TIMEVALUE(F5)),0) -> 0 | N5: 0 | O5: 0 | P5: 0 | Q5: 0 | R5: 0 | S5: 0 | T5: 0 | U5: 0 | V5: 0 | W5: 0 | X5: 0 | Y5: 0 | Z5: =sum(N5:Q5) -> 0 | AA5: =sum(R5:V5) -> 0 | AB5: =sum(N5:O5) -> 0 | AC5: =sum(R5:S5,V5) -> 0 | AD5: 0.13
A6: 44140 | B6: 1652 | C6: 1723 | D6: =choose(weekday(A6),"Phil/Fred", "Jane/Sarah", "Jim/John/Lena","Marsha/Anne","Shawn/Amber","Jeff", "Rob/Maggie") -> Shawn/Amber | G6: 44140 | I6: =iferror(24*( DATEDIF(A6,G6,"D")+TIMEVALUE(H6)-TIMEVALUE(F6)),0) -> 0 | N6: 0 | O6: 0 | P6: 0 | Q6: 0 | R6: 0 | S6: 0 | T6: 0 | U6: 0 | V6: 0 | W6: 0 | X6: 0 | Y6: 0 | Z6: =sum(N6:Q6) -> 0 | AA6: =sum(R6:V6) -> 0 | AB6: =sum(N6:O6) -> 0 | AC6: =sum(R6:S6,V6) -> 0 | AD6: 0.07
A7: 44141 | B7: 1651 | C7: 1722 | D7: =choose(weekday(A7),"Phil/Fred", "Jane/Sarah", "Jim/John/Lena","Marsha/Anne","Shawn/Amber","Jeff", "Rob/Maggie") -> Jeff | G7: 44141 | I7: =iferror(24*( DATEDIF(A7,G7,"D")+TIMEVALUE(H7)-TIMEVALUE(F7)),0) -> 0 | N7: 0 | O7: 0 | P7: 0 | Q7: 0 | R7: 0 | S7: 0 | T7: 0 | U7: 0 | V7: 0 | W7: 0 | X7: 0 | Y7: 0 | Z7: =sum(N7:Q7) -> 0 | AA7: =sum(R7:V7) -> 0 | AB7: =sum(N7:O7) -> 0 | AC7: =sum(R7:S7,V7) -> 0 | AD7: 0.02
A8: 44142 | B8: 1649 | C8: 1721 | D8: =choose(weekday(A8),"Phil/Fred", "Jane/Sarah", "Jim/John/Lena","Marsha/Anne","Shawn/Amber","Jeff", "Rob/Maggie") -> Rob/Maggie | G8: 44142 | I8: =iferror(24*( DATEDIF(A8,G8,"D")+TIMEVALUE(H8)-TIMEVALUE(F8)),0) -> 0 | N8: 0 | O8: 0 | P8: 0 | Q8: 0 | R8: 0 | S8: 0 | T8: 0 | U8: 0 | V8: 0 | W8: 0 | X8: 0 | Y8: 0 | Z8: =sum(N8:Q8) -> 0 | AA8: =sum(R8:V8) -> 0 | AB8: =sum(N8:O8) -> 0 | AC8: =sum(R8:S8,V8) -> 0 | AD8: 0
A9: 44143 | B9: 1648 | C9: 1720 | D9: =choose(weekday(A9),"Phil/Fred", "Jane/Sarah", "Jim/John/Lena","Marsha/Anne","Shawn/Amber","Jeff", "Rob/Maggie") -> Phil/Fred | G9: 44143 | I9: =iferror(24*( DATEDIF(A9,G9,"D")+TIMEVALUE(H9)-TIMEVALUE(F9)),0) -> 0 | N9: 0 | O9: 0 | P9: 0 | Q9: 0 | R9: 0 | S9: 0 | T9: 0 | U9: 0 | V9: 0 | W9: 0 | X9: 0 | Y9: 0 | Z9: =sum(N9:Q9) -> 0 | AA9: =sum(R9:V9) -> 0 | AB9: =sum(N9:O9) -> 0 | AC9: =sum(R9:S9,V9) -> 0 | AD9: 0.01
A10: 44144 | B10: 1647 | C10: 1719 | D10: =choose(weekday(A10),"Phil/Fred", "Jane/Sarah", "Jim/John/Lena","Marsha/Anne","Shawn/Amber","Jeff", "Rob/Maggie") -> Jane/Sarah | G10: 44144 | I10: =iferror(24*( DATEDIF(A10,G10,"D")+TIMEVALUE(H10)-TIMEVALUE(F10)),0) -> 0 | N10: 0 | O10: 0 | P10: 0 | Q10: 0 | R10: 0 | S10: 0 | T10: 0 | U10: 0 | V10: 0 | W10: 0 | X10: 0 | Y10: 0 | Z10: =sum(N10:Q10) -> 0 | AA10: =sum(R10:V10) -> 0 | AB10: =sum(N10:O10) -> 0 | AC10: =sum(R10:S10,V10) -> 0 | AD10: 0.03
A11: 44145 | B11: 1646 | C11: 1718 | D11: =choose(weekday(A11),"Phil/Fred", "Jane/Sarah", "Jim/John/Lena","Marsha/Anne","Shawn/Amber","Jeff", "Rob/Maggie") -> Jim/John/Lena | G11: 44145 | I11: =iferror(24*( DATEDIF(A11,G11,"D")+TIMEVALUE(H11)-TIMEVALUE(F11)),0) -> 0 | N11: 0 | O11: 0 | P11: 0 | Q11: 0 | R11: 0 | S11: 0 | T11: 0 | U11: 0 | V11: 0 | W11: 0 | X11: 0 | Y11: 0 | Z11: =sum(N11:Q11) -> 0 | AA11: =sum(R11:V11) -> 0 | AB11: =sum(N11:O11) -> 0 | AC11: =sum(R11:S11,V11) -> 0 | AD11: 0.08
A12: 44146 | B12: 1644 | C12: 1716 | D12: =choose(weekday(A12),"Phil/Fred", "Jane/Sarah", "Jim/John/Lena","Marsha/Anne","Shawn/Amber","Jeff", "Rob/Maggie") -> Marsha/Anne | G12: 44146 | I12: =iferror(24*( DATEDIF(A12,G12,"D")+TIMEVALUE(H12)-TIMEVALUE(F12)),0) -> 0 | N12: 0 | O12: 0 | P12: 0 | Q12: 0 | R12: 0 | S12: 0 | T12: 0 | U12: 0 | V12: 0 | W12: 0 | X12: 0 | Y12: 0 | Z12: =sum(N12:Q12) -> 0 | AA12: =sum(R12:V12) -> 0 | AB12: =sum(N12:O12) -> 0 | AC12: =sum(R12:S12,V12) -> 0 | AD12: 0.14
A13: 44147 | B13: 1643 | C13: 1715 | D13: =choose(weekday(A13),"Phil/Fred", "Jane/Sarah", "Jim/John/Lena","Marsha/Anne","Shawn/Amber","Jeff", "Rob/Maggie") -> Shawn/Amber | E13: Y | F13: 0.85416667 | G13: 44147 | H13: 0.85763889 | I13: =iferror(24*( DATEDIF(A13,G13,"D")+TIMEVALUE(H13)-TIMEVALUE(F13)),0) -> 0.083333333 | K13: 45 | M13: Rainy | N13: 0 | O13: 0 | P13: 0 | Q13: 0 | R13: 0 | S13: 0 | T13: 0 | U13: 0 | V13: 0 | W13: 0 | X13: 0 | Y13: 0 | Z13: =sum(N13:Q13) -> 0 | AA13: =sum(R13:V13) -> 0 | AB13: =sum(N13:O13) -> 0 | AC13: =sum(R13:S13,V13) -> 0 | AD13: 0.21 | AE13: No sign of frogs. Wetlands still show mostly grass.
A14: 44148 | B14: 1642 | C14: 1714 | D14: =choose(weekday(A14),"Phil/Fred", "Jane/Sarah", "Jim/John/Lena","Marsha/Anne","Shawn/Amber","Jeff", "Rob/Maggie") -> Jeff | G14: 44148 | I14: =iferror(24*( DATEDIF(A14,G14,"D")+TIMEVALUE(H14)-TIMEVALUE(F14)),0) -> 0 | N14: 0 | O14: 0 | P14: 0 | Q14: 0 | R14: 0 | S14: 0 | T14: 0 | U14: 0 | V14: 0 | W14: 0 | X14: 0 | Y14: 0 | Z14: =sum(N14:Q14) -> 0 | AA14: =sum(R14:V14) -> 0 | AB14: =sum(N14:O14) -> 0 | AC14: =sum(R14:S14,V14) -> 0 | AD14: 0.29
A15: 44149 | B15: 1641 | C15: 1713 | D15: =choose(weekday(A15),"Phil/Fred", "Jane/Sarah", "Jim/John/Lena","Marsha/Anne","Shawn/Amber","Jeff", "Rob/Maggie") -> Rob/Maggie | G15: 44149 | I15: =iferror(24*( DATEDIF(A15,G15,"D")+TIMEVALUE(H15)-TIMEVALUE(F15)),0) -> 0 | N15: 0 | O15: 0 | P15: 0 | Q15: 0 | R15: 0 | S15: 0 | T15: 0 | U15: 0 | V15: 0 | W15: 0 | X15: 0 | Y15: 0 | Z15: =sum(N15:Q15) -> 0 | AA15: =sum(R15:V15) -> 0 | AB15: =sum(N15:O15) -> 0 | AC15: =sum(R15:S15,V15) -> 0 | AD15: 0.38
A16: 44150 | B16: 1640 | C16: 1712 | D16: =choose(weekday(A16),"Phil/Fred", "Jane/Sarah", "Jim/John/Lena","Marsha/Anne","Shawn/Amber","Jeff", "Rob/Maggie") -> Phil/Fred | G16: 44150 | I16: =iferror(24*( DATEDIF(A16,G16,"D")+TIMEVALUE(H16)-TIMEVALUE(F16)),0) -> 0 | N16: 0 | O16: 0 | P16: 0 | Q16: 0 | R16: 0 | S16: 0 | T16: 0 | U16: 0 | V16: 0 | W16: 0 | X16: 0 | Y16: 0 | Z16: =sum(N16:Q16) -> 0 | AA16: =sum(R16:V16) -> 0 | AB16: =sum(N16:O16) -> 0 | AC16: =sum(R16:S16,V16) -> 0 | AD16: 0.47
A17: 44151 | B17: 1639 | C17: 1712 | D17: =choose(weekday(A17),"Phil/Fred", "Jane/Sarah", "Jim/John/Lena","Marsha/Anne","Shawn/Amber","Jeff", "Rob/Maggie") -> Jane/Sarah | E17: N | G17: 44151 | I17: =iferror(24*( DATEDIF(A17,G17,"D")+TIMEVALUE(H17)-TIMEVALUE(F17)),0) -> 0 | K17: 51 | M17: No rain | N17: 0 | O17: 0 | P17: 0 | Q17: 0 | R17: 0 | S17: 0 | T17: 0 | U17: 0 | V17: 0 | W17: 0 | X17: 0 | Y17: 0 | Z17: =sum(N17:Q17) -> 0 | AA17: =sum(R17:V17) -> 0 | AB17: =sum(N17:O17) -> 0 | AC17: =sum(R17:S17,V17) -> 0 | AD17: 0.57
A18: 44152 | B18: 1638 | C18: 1711 | D18: =choose(weekday(A18),"Phil/Fred", "Jane/Sarah", "Jim/John/Lena","Marsha/Anne","Shawn/Amber","Jeff", "Rob/Maggie") -> Jim/John/Lena | G18: 44152 | I18: =iferror(24*( DATEDIF(A18,G18,"D")+TIMEVALUE(H18)-TIMEVALUE(F18)),0) -> 0 | N18: 0 | O18: 0 | P18: 0 | Q18: 0 | R18: 0 | S18: 0 | T18: 0 | U18: 0 | V18: 0 | W18: 0 | X18: 0 | Y18: 0 | Z18: =sum(N18:Q18) -> 0 | AA18: =sum(R18:V18) -> 0 | AB18: =sum(N18:O18) -> 0 | AC18: =sum(R18:S18,V18) -> 0 | AD18: 0.66
A19: 44153 | B19: 1637 | C19: 1710 | D19: =choose(weekday(A19),"Phil/Fred", "Jane/Sarah", "Jim/John/Lena","Marsha/Anne","Shawn/Amber","Jeff", "Rob/Maggie") -> Marsha/Anne | G19: 44153 | I19: =iferror(24*( DATEDIF(A19,G19,"D")+TIMEVALUE(H19)-TIMEVALUE(F19)),0) -> 0 | N19: 0 | O19: 0 | P19: 0 | Q19: 0 | R19: 0 | S19: 0 | T19: 0 | U19: 0 | V19: 0 | W19: 0 | X19: 0 | Y19: 0 | Z19: =sum(N19:Q19) -> 0 | AA19: =sum(R19:V19) -> 0 | AB19: =sum(N19:O19) -> 0 | AC19: =sum(R19:S19,V19) -> 0 | AD19: 0.75
A20: 44154 | B20: 1636 | C20: 1709 | D20: =choose(weekday(A20),"Phil/Fred", "Jane/Sarah", "Jim/John/Lena","Marsha/Anne","Shawn/Amber","Jeff", "Rob/Maggie") -> Shawn/Amber | G20: 44154 | I20: =iferror(24*( DATEDIF(A20,G20,"D")+TIMEVALUE(H20)-TIMEVALUE(F20)),0) -> 0 | N20: 0 | O20: 0 | P20: 0 | Q20: 0 | R20: 0 | S20: 0 | T20: 0 | U20: 0 | V20: 0 | W20: 0 | X20: 0 | Y20: 0 | Z20: =sum(N20:Q20) -> 0 | AA20: =sum(R20:V20) -> 0 | AB20: =sum(N20:O20) -> 0 | AC20: =sum(R20:S20,V20) -> 0 | AD20: 0.83
A21: 44155 | B21: 1635 | C21: 1708 | D21: =choose(weekday(A21),"Phil/Fred", "Jane/Sarah", "Jim/John/Lena","Marsha/Anne","Shawn/Amber","Jeff", "Rob/Maggie") -> Jeff | G21: 44155 | I21: =iferror(24*( DATEDIF(A21,G21,"D")+TIMEVALUE(H21)-TIMEVALUE(F21)),0) -> 0 | N21: 0 | O21: 0 | P21: 0 | Q21: 0 | R21: 0 | S21: 0 | T21: 0 | U21: 0 | V21: 0 | W21: 0 | X21: 0 | Y21: 0 | Z21: =sum(N21:Q21) -> 0 | AA21: =sum(R21:V21) -> 0 | AB21: =sum(N21:O21) -> 0 | AC21: =sum(R21:S21,V21) -> 0 | AD21: 0.9
A22: 44156 | B22: 1635 | C22: 1707 | D22: =choose(weekday(A22),"Phil/Fred", "Jane/Sarah", "Jim/John/Lena","Marsha/Anne","Shawn/Amber","Jeff", "Rob/Maggie") -> Rob/Maggie | G22: 44156 | I22: =iferror(24*( DATEDIF(A22,G22,"D")+TIMEVALUE(H22)-TIMEVALUE(F22)),0) -> 0 | N22: 0 | O22: 0 | P22: 0 | Q22: 0 | R22: 0 | S22: 0 | T22: 0 | U22: 0 | V22: 0 | W22: 0 | X22: 0 | Y22: 0 | Z22: =sum(N22:Q22) -> 0 | AA22: =sum(R22:V22) -> 0 | AB22: =sum(N22:O22) -> 0 | AC22: =sum(R22:S22,V22) -> 0 | AD22: 0.95
A23: 44157 | B23: 1634 | C23: 1707 | D23: =choose(weekday(A23),"Phil/Fred", "Jane/Sarah", "Jim/John/Lena","Marsha/Anne","Shawn/Amber","Jeff", "Rob/Maggie") -> Phil/Fred | G23: 44157 | I23: =iferror(24*( DATEDIF(A23,G23,"D")+TIMEVALUE(H23)-TIMEVALUE(F23)),0) -> 0 | N23: 0 | O23: 0 | P23: 0 | Q23: 0 | R23: 0 | S23: 0 | T23: 0 | U23: 0 | V23: 0 | W23: 0 | X23: 0 | Y23: 0 | Z23: =sum(N23:Q23) -> 0 | AA23: =sum(R23:V23) -> 0 | AB23: =sum(N23:O23) -> 0 | AC23: =sum(R23:S23,V23) -> 0 | AD23: 0.99
A24: 44158 | B24: 1633 | C24: 1706 | D24: =choose(weekday(A24),"Phil/Fred", "Jane/Sarah", "Jim/John/Lena","Marsha/Anne","Shawn/Amber","Jeff", "Rob/Maggie") -> Jane/Sarah | E24: Y | F24: 0.73958333 | G24: 44158 | H24: 0.74305556 | I24: =iferror(24*( DATEDIF(A24,G24,"D")+TIMEVALUE(H24)-TIMEVALUE(F24)),0) -> 0.083333333 | K24: 46 | M24: No rain | N24: 0 | O24: 0 | P24: 0 | Q24: 0 | R24: 0 | S24: 0 | T24: 0 | U24: 0 | V24: 0 | W24: 0 | X24: 0 | Y24: 0 | Z24: =sum(N24:Q24) -> 0 | AA24: =sum(R24:V24) -> 0 | AB24: =sum(N24:O24) -> 0 | AC24: =sum(R24:S24,V24) -> 0 | AD24: 1
A25: 44159 | B25: 1632 | C25: 1705 | D25: =choose(weekday(A25),"Phil/Fred", "Jane/Sarah", "Jim/John/Lena","Marsha/Anne","Shawn/Amber","Jeff", "Rob/Maggie") -> Jim/John/Lena | G25: 44159 | I25: =iferror(24*( DATEDIF(A25,G25,"D")+TIMEVALUE(H25)-TIMEVALUE(F25)),0) -> 0 | N25: 0 | O25: 0 | P25: 0 | Q25: 0 | R25: 0 | S25: 0 | T25: 0 | U25: 0 | V25: 0 | W25: 0 | X25: 0 | Y25: 0 | Z25: =sum(N25:Q25) -> 0 | AA25: =sum(R25:V25) -> 0 | AB25: =sum(N25:O25) -> 0 | AC25: =sum(R25:S25,V25) -> 0 | AD25: 0.98
A26: 44160 | B26: 1632 | C26: 1705 | D26: =choose(weekday(A26),"Phil/Fred", "Jane/Sarah", "Jim/John/Lena","Marsha/Anne","Shawn/Amber","Jeff", "Rob/Maggie") -> Marsha/Anne | G26: 44160 | I26: =iferror(24*( DATEDIF(A26,G26,"D")+TIMEVALUE(H26)-TIMEVALUE(F26)),0) -> 0 | N26: 0 | O26: 0 | P26: 0 | Q26: 0 | R26: 0 | S26: 0 | T26: 0 | U26: 0 | V26: 0 | W26: 0 | X26: 0 | Y26: 0 | Z26: =sum(N26:Q26) -> 0 | AA26: =sum(R26:V26) -> 0 | AB26: =sum(N26:O26) -> 0 | AC26: =sum(R26:S26,V26) -> 0 | AD26: 0.94
A27: 44161 | B27: 1631 | C27: 1704 | D27: =choose(weekday(A27),"Phil/Fred", "Jane/Sarah", "Jim/John/Lena","Marsha/Anne","Shawn/Amber","Jeff", "Rob/Maggie") -> Shawn/Amber | E27: N | G27: 44161 | I27: =iferror(24*( DATEDIF(A27,G27,"D")+TIMEVALUE(H27)-TIMEVALUE(F27)),0) -> 0 | K27: 50 | M27: Mostly dry day. No nite rain | N27: 0 | O27: 0 | P27: 0 | Q27: 0 | R27: 0 | S27: 0 | T27: 0 | U27: 0 | V27: 0 | W27: 0 | X27: 0 | Y27: 0 | Z27: =sum(N27:Q27) -> 0 | AA27: =sum(R27:V27) -> 0 | AB27: =sum(N27:O27) -> 0 | AC27: =sum(R27:S27,V27) -> 0 | AD27: 0.88
A28: 44162 | B28: 1631 | C28: 1704 | D28: =choose(weekday(A28),"Phil/Fred", "Jane/Sarah", "Jim/John/Lena","Marsha/Anne","Shawn/Amber","Jeff", "Rob/Maggie") -> Jeff | G28: 44162 | I28: =iferror(24*( DATEDIF(A28,G28,"D")+TIMEVALUE(H28)-TIMEVALUE(F28)),0) -> 0 | N28: 0 | O28: 0 | P28: 0 | Q28: 0 | R28: 0 | S28: 0 | T28: 0 | U28: 0 | V28: 0 | W28: 0 | X28: 0 | Y28: 0 | Z28: =sum(N28:Q28) -> 0 | AA28: =sum(R28:V28) -> 0 | AB28: =sum(N28:O28) -> 0 | AC28: =sum(R28:S28,V28) -> 0 | AD28: 0.79
A29: 44163 | B29: 1630 | C29: 1703 | D29: =choose(weekday(A29),"Phil/Fred", "Jane/Sarah", "Jim/John/Lena","Marsha/Anne","Shawn/Amber","Jeff", "Rob/Maggie") -> Rob/Maggie | G29: 44163 | I29: =iferror(24*( DATEDIF(A29,G29,"D")+TIMEVALUE(H29)-TIMEVALUE(F29)),0) -> 0 | N29: 0 | O29: 0 | P29: 0 | Q29: 0 | R29: 0 | S29: 0 | T29: 0 | U29: 0 | V29: 0 | W29: 0 | X29: 0 | Y29: 0 | Z29: =sum(N29:Q29) -> 0 | AA29: =sum(R29:V29) -> 0 | AB29: =sum(N29:O29) -> 0 | AC29: =sum(R29:S29,V29) -> 0 | AD29: 0.69
A30: 44164 | B30: 1630 | C30: 1703 | D30: =choose(weekday(A30),"Phil/Fred", "Jane/Sarah", "Jim/John/Lena","Marsha/Anne","Shawn/Amber","Jeff", "Rob/Maggie") -> Phil/Fred | G30: 44164 | I30: =iferror(24*( DATEDIF(A30,G30,"D")+TIMEVALUE(H30)-TIMEVALUE(F30)),0) -> 0 | N30: 0 | O30: 0 | P30: 0 | Q30: 0 | R30: 0 | S30: 0 | T30: 0 | U30: 0 | V30: 0 | W30: 0 | X30: 0 | Y30: 0 | Z30: =sum(N30:Q30) -> 0 | AA30: =sum(R30:V30) -> 0 | AB30: =sum(N30:O30) -> 0 | AC30: =sum(R30:S30,V30) -> 0 | AD30: 0.58
A31: 44165 | B31: 1629 | C31: 1703 | D31: =choose(weekday(A31),"Phil/Fred", "Jane/Sarah", "Jim/John/Lena","Marsha/Anne","Shawn/Amber","Jeff", "Rob/Maggie") -> Jane/Sarah | E31: N | G31: 44165 | I31: =iferror(24*( DATEDIF(A31,G31,"D")+TIMEVALUE(H31)-TIMEVALUE(F31)),0) -> 0 | K31: 42 | M31: Dry | N31: 0 | O31: 0 | P31: 0 | Q31: 0 | R31: 0 | S31: 0 | T31: 0 | U31: 0 | V31: 0 | W31: 0 | X31: 0 | Y31: 0 | Z31: =sum(N31:Q31) -> 0 | AA31: =sum(R31:V31) -> 0 | AB31: =sum(N31:O31) -> 0 | AC31: =sum(R31:S31,V31) -> 0 | AD31: 0.47
A32: xx/xx/xxxx | C32: X | G32: xx/xx/xxxx | X32: x | Y32: x | Z32: x | AA32: x | AD32: x
E33: Monthly total | I33: =sum(I2:I32) -> 0.16666667 | J33: =sum(J2:J32) -> 0 | N33: =sum(N2:N32) -> 0 | O33: =sum(O2:O32) -> 0 | P33: =sum(P2:P32) -> 0 | Q33: =sum(Q2:Q32) -> 0 | R33: =sum(R2:R32) -> 0 | S33: =sum(S2:S32) -> 0 | T33: =sum(T2:T32) -> 0 | U33: =sum(U2:U32) -> 0 | ... AC33: =sum(AC2:AC32) -> 0
E34: Cumulative Total | I34: ='November 2020'!I$33 -> 0.16666667 | J34: ='November 2020'!J$33 -> 0 | N34: ='November 2020'!N$33 -> 0 | O34: ='November 2020'!O$33 -> 0 | P34: ='November 2020'!P$33 -> 0 | Q34: ='November 2020'!Q$33 -> 0 | R34: ='November 2020'!R$33 -> 0 | S34: ='November 2020'!S$33 -> 0 | T34: ='November 2020'!T$33 -> 0 | U34: ='November 2020'!U$33 -> 0 | ... AB34: ='November 2020'!AB$33 -> 0 | AC34: ='November 2020'!AC33 -> 0
E35: Season Total | I35: ='November 2020'!I$33+'December 2020'!I$33+'January 2021'!I$33+'February 2021'!I$33+'March 2021'!I$33+'April 2021'!I$33 -> 112.63333 | J35: ='November 2020'!J33+'December 2020'!J33+'January 2021'!J33+'February 2021'!J33+'March 2021'!J33+'April 2021'!J33 -> 474.1 | N35: ='November 2020'!N33+'December 2020'!N33+'January 2021'!N33+'February 2021'!N33+'March 2021'!N33+'April 2021'!N33 -> 271 | O35: ='November 2020'!O33+'December 2020'!O33+'January 2021'!O33+'February 2021'!O33+'March 2021'!O33+'April 2021'!O33 -> 139 | P35: ='November 2020'!P33+'December 2020'!P33+'January 2021'!P33+'February 2021'!P33+'March 2021'!P33+'April 2021'!P33 -> 11 | Q35: ='November 2020'!Q33+'December 2020'!Q33+'January 2021'!Q33+'February 2021'!Q33+'March 2021'!Q33+'April 2021'!Q33 -> 0 | R35: ='November 2020'!R33+'December 2020'!R33+'January 2021'!R33+'February 2021'!R33+'March 2021'!R33+'April 2021'!R33 -> 147 | S35: ='November 2020'!S33+'December 2020'!S33+'January 2021'!S33+'February 2021'!S33+'March 2021'!S33+'April 2021'!S33 -> 28 | T35: ='November 2020'!T33+'December 2020'!T33+'January 2021'!T33+'February 2021'!T33+'March 2021'!T33+'April 2021'!T33 -> 8 | U35: ='November 2020'!U33+'December 2020'!U33+'January 2021'!U33+'February 2021'!U33+'March 2021'!U33+'April 2021'!U33 -> 0 | ... AC35: ='November 2020'!AC33+'December 2020'!AC33+'January 2021'!AC33+'February 2021'!AC33+'March 2021'!AC33+'April 2021'!AC33 -> 191
E36: 2019-20 Total | N36: 811 | O36: 1180 | P36: 13 | Q36: 2 | R36: 386 | S36: 89 | T36: 35 | U36: 2 | V36: 0 | W36: 9 | X36: 7 | Y36: 28 | Z36: 2006 | AA36: 512 | AB36: 1991 | AC36: 475
E37: 2018-19 Total | N37: 90 | O37: 1134 | P37: 3 | Q37: 4 | R37: 124 | S37: 791 | T37: 6 | U37: 17 | V37: 6 | W37: 4 | X37: 24 | Y37: 7 | Z37: 1231 | AA37: 944 | AB37: 1224 | AC37: 921
E38: 2017-18 Total | Z38: 433 | AA38: 297
E39: 2016-17 Total | Z39: 834 | AA39: 751
E40: 2015-16 Total | Z40: 688 | AA40: 1040
E41: 2014-15 Total | Z41: 695 | AA41: 750
E42: 2013-14 Total | Z42: 580 | AA42: 572

Sheet December 2020
B1: Sunset | C1: Civil Twilight | D1: Captain | E1: Monitored (Y/N) | F1: Start time HH:MM | G1: End Date | H1: End time | I1: Hours Monitored | J1: Team Hrs. | K1: Start Temp | L1: End Temp | M1: Weather | N1: Females assisted down | O1: Males assisted down | P1: Females unassisted down | Q1: Males unassisted down | R1: Females assisted up | S1: Males assisted up | T1: Females unassisted up | U1: Males unassisted up | V1: Juveniles | W1: Roadkills female | X1: Roadkills male | Y1: Roadkills unk | Z1: Total Frogs down | AA1: Total Frogs up | AB1: Total Frogs Assisted Down | AC1: Total Frogs Assisted Up | AD1: % moon visible | AE1: Comments
A2: 44166 | B2: 1629 | C2: 1702 | D2: =choose(weekday(A2),"Phil/Fred", "Jane/Sarah", "Jim/John/Lena","Marsha/Anne","Shawn/Amber","Jeff", "Rob/Maggie") -> Jim/John/Lena | G2: 44166 | I2: =iferror(24*( DATEDIF(A2,G2,"D")+TIMEVALUE(H2)-TIMEVALUE(F2)),0) -> 0 | M2: Dry | N2: 0 | O2: 0 | P2: 0 | Q2: 0 | R2: 0 | S2: 0 | T2: 0 | U2: 0 | V2: 0 | W2: 0 | X2: 0 | Y2: 0 | Z2: =sum(N2:Q2) -> 0 | AA2: =sum(R2:V2) -> 0 | AB2: =sum(N2:O2) -> 0 | AC2: =sum(R2:S2,V2) -> 0 | AD2: 0.36
A3: 44167 | B3: 1628 | C3: 1702 | D3: =choose(weekday(A3),"Phil/Fred", "Jane/Sarah", "Jim/John/Lena","Marsha/Anne","Shawn/Amber","Jeff", "Rob/Maggie") -> Marsha/Anne | G3: 44167 | I3: =iferror(24*( DATEDIF(A3,G3,"D")+TIMEVALUE(H3)-TIMEVALUE(F3)),0) -> 0 | M3: Dry | N3: 0 | O3: 0 | P3: 0 | Q3: 0 | R3: 0 | S3: 0 | T3: 0 | U3: 0 | V3: 0 | W3: 0 | X3: 0 | Y3: 0 | Z3: =sum(N3:Q3) -> 0 | AA3: =sum(R3:V3) -> 0 | AB3: =sum(N3:O3) -> 0 | AC3: =sum(R3:S3,V3) -> 0 | AD3: 0.25
A4: 44168 | B4: 1628 | C4: 1702 | D4: =choose(weekday(A4),"Phil/Fred", "Jane/Sarah", "Jim/John/Lena","Marsha/Anne","Shawn/Amber","Jeff", "Rob/Maggie") -> Shawn/Amber | E4: N | F4: 0.20833333 | G4: 44168 | I4: =iferror(24*( DATEDIF(A4,G4,"D")+TIMEVALUE(H4)-TIMEVALUE(F4)),0) -> 0 | K4: 46 | M4: Dry (dry all day as well) | N4: 0 | O4: 0 | P4: 0 | Q4: 0 | R4: 0 | S4: 0 | T4: 0 | U4: 0 | V4: 0 | W4: 0 | X4: 0 | Y4: 0 | Z4: =sum(N4:Q4) -> 0 | AA4: =sum(R4:V4) -> 0 | AB4: =sum(N4:O4) -> 0 | AC4: =sum(R4:S4,V4) -> 0 | AD4: 0.17
A5: 44169 | B5: 1628 | C5: 1701 | D5: =choose(weekday(A5),"Phil/Fred", "Jane/Sarah", "Jim/John/Lena","Marsha/Anne","Shawn/Amber","Jeff", "Rob/Maggie") -> Jeff | G5: 44169 | I5: =iferror(24*( DATEDIF(A5,G5,"D")+TIMEVALUE(H5)-TIMEVALUE(F5)),0) -> 0 | N5: 0 | O5: 0 | P5: 0 | Q5: 0 | R5: 0 | S5: 0 | T5: 0 | U5: 0 | V5: 0 | W5: 0 | X5: 0 | Y5: 0 | Z5: =sum(N5:Q5) -> 0 | AA5: =sum(R5:V5) -> 0 | AB5: =sum(N5:O5) -> 0 | AC5: =sum(R5:S5,V5) -> 0 | AD5: 0.09
A6: 44170 | B6: 1627 | C6: 1701 | D6: =choose(weekday(A6),"Phil/Fred", "Jane/Sarah", "Jim/John/Lena","Marsha/Anne","Shawn/Amber","Jeff", "Rob/Maggie") -> Rob/Maggie | G6: 44170 | I6: =iferror(24*( DATEDIF(A6,G6,"D")+TIMEVALUE(H6)-TIMEVALUE(F6)),0) -> 0 | N6: 0 | O6: 0 | P6: 0 | Q6: 0 | R6: 0 | S6: 0 | T6: 0 | U6: 0 | V6: 0 | W6: 0 | X6: 0 | Y6: 0 | Z6: =sum(N6:Q6) -> 0 | AA6: =sum(R6:V6) -> 0 | AB6: =sum(N6:O6) -> 0 | AC6: =sum(R6:S6,V6) -> 0 | AD6: 0.04
A7: 44171 | B7: 1627 | C7: 1701 | D7: =choose(weekday(A7),"Phil/Fred", "Jane/Sarah", "Jim/John/Lena","Marsha/Anne","Shawn/Amber","Jeff", "Rob/Maggie") -> Phil/Fred | G7: 44171 | I7: =iferror(24*( DATEDIF(A7,G7,"D")+TIMEVALUE(H7)-TIMEVALUE(F7)),0) -> 0 | N7: 0 | O7: 0 | P7: 0 | Q7: 0 | R7: 0 | S7: 0 | T7: 0 | U7: 0 | V7: 0 | W7: 0 | X7: 0 | Y7: 0 | Z7: =sum(N7:Q7) -> 0 | AA7: =sum(R7:V7) -> 0 | AB7: =sum(N7:O7) -> 0 | AC7: =sum(R7:S7,V7) -> 0 | AD7: 0.01
A8: 44172 | B8: 1627 | C8: 1701 | D8: =choose(weekday(A8),"Phil/Fred", "Jane/Sarah", "Jim/John/Lena","Marsha/Anne","Shawn/Amber","Jeff", "Rob/Maggie") -> Jane/Sarah | E8: N | F8: 0.22916667 | G8: 44172 | I8: 1.5 | K8: 45 | M8: Dry | N8: 0 | O8: 0 | P8: 0 | Q8: 0 | R8: 0 | S8: 0 | T8: 0 | U8: 0 | V8: 0 | W8: 0 | X8: 0 | Y8: 0 | Z8: =sum(N8:Q8) -> 0 | AA8: =sum(R8:V8) -> 0 | AB8: =sum(N8:O8) -> 0 | AC8: =sum(R8:S8,V8) -> 0 | AD8: 0
A9: 44173 | B9: 1627 | C9: 1701 | D9: =choose(weekday(A9),"Phil/Fred", "Jane/Sarah", "Jim/John/Lena","Marsha/Anne","Shawn/Amber","Jeff", "Rob/Maggie") -> Jim/John/Lena | G9: 44173 | I9: =iferror(24*( DATEDIF(A9,G9,"D")+TIMEVALUE(H9)-TIMEVALUE(F9)),0) -> 0 | N9: 0 | O9: 0 | P9: 0 | Q9: 0 | R9: 0 | S9: 0 | T9: 0 | U9: 0 | V9: 0 | W9: 0 | X9: 0 | Y9: 0 | Z9: =sum(N9:Q9) -> 0 | AA9: =sum(R9:V9) -> 0 | AB9: =sum(N9:O9) -> 0 | AC9: =sum(R9:S9,V9) -> 0 | AD9: 0.01
A10: 44174 | B10: 1627 | C10: 1701 | D10: =choose(weekday(A10),"Phil/Fred", "Jane/Sarah", "Jim/John/Lena","Marsha/Anne","Shawn/Amber","Jeff", "Rob/Maggie") -> Marsha/Anne | E10: Y | F10: 0.19791667 | G10: 44174 | I10: =iferror(24*( DATEDIF(A10,G10,"D")+TIMEVALUE(H10)-TIMEVALUE(F10)),0) -> 0 | K10: 43.5 | M10: wet pavement | N10: 0 | O10: 0 | P10: 0 | Q10: 0 | R10: 0 | S10: 0 | T10: 0 | U10: 0 | V10: 0 | W10: 0 | X10: 0 | Y10: 0 | Z10: =sum(N10:Q10) -> 0 | AA10: =sum(R10:V10) -> 0 | AB10: =sum(N10:O10) -> 0 | AC10: =sum(R10:S10,V10) -> 0 | AD10: 0.04
A11: 44175 | B11: 1627 | C11: 1701 | D11: =choose(weekday(A11),"Phil/Fred", "Jane/Sarah", "Jim/John/Lena","Marsha/Anne","Shawn/Amber","Jeff", "Rob/Maggie") -> Shawn/Amber | E11: Y | F11: 0.20833333 | G11: 44175 | H11: 0.21527778 | I11: =iferror(24*( DATEDIF(A11,G11,"D")+TIMEVALUE(H11)-TIMEVALUE(F11)),0) -> 0.16666667 | K11: 43 | M11: lite mist, wet pavement | N11: 0 | O11: 0 | P11: 0 | Q11: 0 | R11: 0 | S11: 0 | T11: 0 | U11: 0 | V11: 0 | W11: 0 | X11: 0 | Y11: 0 | Z11: =sum(N11:Q11) -> 0 | AA11: =sum(R11:V11) -> 0 | AB11: =sum(N11:O11) -> 0 | AC11: =sum(R11:S11,V11) -> 0 | AD11: 0.09
A12: 44176 | B12: 1627 | C12: 1701 | D12: =choose(weekday(A12),"Phil/Fred", "Jane/Sarah", "Jim/John/Lena","Marsha/Anne","Shawn/Amber","Jeff", "Rob/Maggie") -> Jeff | E12: Y | F12: 0.70833333 | G12: 44176 | H12: 0.72916667 | I12: =iferror(24*( DATEDIF(A12,G12,"D")+TIMEVALUE(H12)-TIMEVALUE(F12)),0) -> 0.5 | K12: 40 | L12: 40 | M12: light rain | N12: 0 | O12: 0 | P12: 0 | Q12: 0 | R12: 0 | S12: 0 | T12: 0 | U12: 0 | V12: 0 | W12: 0 | X12: 0 | Y12: 0 | Z12: =sum(N12:Q12) -> 0 | AA12: =sum(R12:V12) -> 0 | AB12: =sum(N12:O12) -> 0 | AC12: =sum(R12:S12,V12) -> 0 | AD12: 0.15
A13: 44177 | B13: 1627 | C13: 1701 | D13: =choose(weekday(A13),"Phil/Fred", "Jane/Sarah", "Jim/John/Lena","Marsha/Anne","Shawn/Amber","Jeff", "Rob/Maggie") -> Rob/Maggie | G13: 44177 | I13: =iferror(24*( DATEDIF(A13,G13,"D")+TIMEVALUE(H13)-TIMEVALUE(F13)),0) -> 0 | N13: 0 | O13: 0 | P13: 0 | Q13: 0 | R13: 0 | S13: 0 | T13: 0 | U13: 0 | V13: 0 | W13: 0 | X13: 0 | Y13: 0 | Z13: =sum(N13:Q13) -> 0 | AA13: =sum(R13:V13) -> 0 | AB13: =sum(N13:O13) -> 0 | AC13: =sum(R13:S13,V13) -> 0 | AD13: 0.22
A14: 44178 | B14: 1627 | C14: 1701 | D14: =choose(weekday(A14),"Phil/Fred", "Jane/Sarah", "Jim/John/Lena","Marsha/Anne","Shawn/Amber","Jeff", "Rob/Maggie") -> Phil/Fred | E14: Y | F14: 0.20833333 | G14: 44178 | H14: 0.22916667 | I14: =iferror(24*( DATEDIF(A14,G14,"D")+TIMEVALUE(H14)-TIMEVALUE(F14)),0) -> 0.5 | J14: 0.5 | K14: 40 | L14: 40 | M14: wet pavement | N14: 0 | O14: 0 | P14: 0 | Q14: 0 | R14: 0 | S14: 0 | T14: 0 | U14: 0 | V14: 0 | W14: 0 | X14: 0 | Y14: 0 | Z14: =sum(N14:Q14) -> 0 | AA14: =sum(R14:V14) -> 0 | AB14: =sum(N14:O14) -> 0 | AC14: =sum(R14:S14,V14) -> 0 | AD14: 0.3
A15: 44179 | B15: 1627 | C15: 1702 | D15: =choose(weekday(A15),"Phil/Fred", "Jane/Sarah", "Jim/John/Lena","Marsha/Anne","Shawn/Amber","Jeff", "Rob/Maggie") -> Jane/Sarah | E15: N | F15: 0.21875 | G15: 44179 | I15: =iferror(24*( DATEDIF(A15,G15,"D")+TIMEVALUE(H15)-TIMEVALUE(F15)),0) -> 0 | K15: 44 | M15: Dry | N15: 0 | O15: 0 | P15: 0 | Q15: 0 | R15: 0 | S15: 0 | T15: 0 | U15: 0 | V15: 0 | W15: 0 | X15: 0 | Y15: 0 | Z15: =sum(N15:Q15) -> 0 | AA15: =sum(R15:V15) -> 0 | AB15: =sum(N15:O15) -> 0 | AC15: =sum(R15:S15,V15) -> 0 | AD15: 0.39
A16: 44180 | B16: 1628 | C16: 1702 | D16: =choose(weekday(A16),"Phil/Fred", "Jane/Sarah", "Jim/John/Lena","Marsha/Anne","Shawn/Amber","Jeff", "Rob/Maggie") -> Jim/John/Lena | E16: Y | F16: 0.6875 | G16: 44180 | H16: 0.77083333 | I16: =iferror(24*( DATEDIF(A16,G16,"D")+TIMEVALUE(H16)-TIMEVALUE(F16)),0) -> 2 | J16: 13 | K16: 46.2 | L16: 48 | M16: Light Rain/wet pavement | N16: 0 | O16: 0 | P16: 0 | Q16: 0 | R16: 0 | S16: 0 | T16: 0 | U16: 0 | V16: 0 | W16: 0 | X16: 0 | Y16: 0 | Z16: =sum(N16:Q16) -> 0 | AA16: =sum(R16:V16) -> 0 | AB16: =sum(N16:O16) -> 0 | AC16: =sum(R16:S16,V16) -> 0 | AD16: 0.49 | AE16: 1 squished salamander
A17: 44181 | B17: 1628 | C17: 1702 | D17: =choose(weekday(A17),"Phil/Fred", "Jane/Sarah", "Jim/John/Lena","Marsha/Anne","Shawn/Amber","Jeff", "Rob/Maggie") -> Marsha/Anne | E17: Y | F17: 0.17708333 | G17: 44181 | H17: 0.30208333 | I17: =iferror(24*( DATEDIF(A17,G17,"D")+TIMEVALUE(H17)-TIMEVALUE(F17)),0) -> 3 | J17: 20 | K17: 48 | L17: 48.6 | M17: light rain, showers | N17: 1 | O17: 1 | P17: 0 | Q17: 0 | R17: 0 | S17: 0 | T17: 0 | U17: 0 | V17: 0 | W17: 0 | X17: 0 | Y17: 0 | Z17: =sum(N17:Q17) -> 2 | AA17: =sum(R17:V17) -> 0 | AB17: =sum(N17:O17) -> 2 | AC17: =sum(R17:S17,V17) -> 0 | AD17: 0.58
A18: 44182 | B18: 1628 | C18: 1702 | D18: =choose(weekday(A18),"Phil/Fred", "Jane/Sarah", "Jim/John/Lena","Marsha/Anne","Shawn/Amber","Jeff", "Rob/Maggie") -> Shawn/Amber | E18: Y | F18: 0.1875 | G18: 44182 | H18: 0.22916667 | I18: =iferror(24*( DATEDIF(A18,G18,"D")+TIMEVALUE(H18)-TIMEVALUE(F18)),0) -> 1 | J18: 3 | K18: 48 | L18: 45 | M18: No rain, wet pavement | N18: 0 | O18: 0 | P18: 0 | Q18: 0 | R18: 0 | S18: 0 | T18: 0 | U18: 0 | V18: 0 | W18: 0 | X18: 0 | Y18: 0 | Z18: =sum(N18:Q18) -> 0 | AA18: =sum(R18:V18) -> 0 | AB18: =sum(N18:O18) -> 0 | AC18: =sum(R18:S18,V18) -> 0 | AD18: 0.68
A19: 44183 | B19: 1629 | C19: 1703 | D19: =choose(weekday(A19),"Phil/Fred", "Jane/Sarah", "Jim/John/Lena","Marsha/Anne","Shawn/Amber","Jeff", "Rob/Maggie") -> Jeff | E19: Y | F19: 0.70833333 | G19: 44183 | H19: 0.79166667 | I19: =iferror(24*( DATEDIF(A19,G19,"D")+TIMEVALUE(H19)-TIMEVALUE(F19)),0) -> 2 | J19: 6.5 | K19: 45.8 | L19: 45.8 | N19: 0 | O19: 0 | P19: 0 | Q19: 0 | R19: 0 | S19: 0 | T19: 0 | U19: 0 | V19: 0 | W19: 0 | X19: 0 | Y19: 0 | Z19: =sum(N19:Q19) -> 0 | AA19: =sum(R19:V19) -> 0 | AB19: =sum(N19:O19) -> 0 | AC19: =sum(R19:S19,V19) -> 0 | AD19: 0.77
A20: 44184 | B20: 1629 | C20: 1703 | D20: =choose(weekday(A20),"Phil/Fred", "Jane/Sarah", "Jim/John/Lena","Marsha/Anne","Shawn/Amber","Jeff", "Rob/Maggie") -> Rob/Maggie | E20: y | F20: 0.17708333 | G20: 44184 | I20: =iferror(24*( DATEDIF(A20,G20,"D")+TIMEVALUE(H20)-TIMEVALUE(F20)),0) -> 0 | J20: 30.25 | K20: 55 | L20: 50 | M20: steady rain | N20: 4 | O20: 7 | P20: 0 | Q20: 0 | R20: 0 | S20: 0 | T20: 0 | U20: 0 | V20: 0 | W20: 0 | X20: 0 | Y20: 0 | Z20: =sum(N20:Q20) -> 11 | AA20: =sum(R20:V20) -> 0 | AB20: =sum(N20:O20) -> 11 | AC20: =sum(R20:S20,V20) -> 0 | AD20: 0.85
A21: 44185 | B21: 1629 | C21: 1704 | D21: =choose(weekday(A21),"Phil/Fred", "Jane/Sarah", "Jim/John/Lena","Marsha/Anne","Shawn/Amber","Jeff", "Rob/Maggie") -> Phil/Fred | E21: Y | F21: 0.625 | G21: 44185 | H21: 0.85763889 | I21: =iferror(24*( DATEDIF(A21,G21,"D")+TIMEVALUE(H21)-TIMEVALUE(F21)),0) -> 5.5833333 | J21: 25.25 | K21: 50.3 | L21: 48 | M21: light rain/rain | N21: 1 | O21: 4 | P21: 0 | Q21: 0 | R21: 0 | S21: 0 | T21: 0 | U21: 0 | V21: 0 | W21: 0 | X21: 0 | Y21: 0 | Z21: =sum(N21:Q21) -> 5 | AA21: =sum(R21:V21) -> 0 | AB21: =sum(N21:O21) -> 5 | AC21: =sum(R21:S21,V21) -> 0 | AD21: 0.92
A22: 44186 | B22: 1630 | C22: 1704 | D22: =choose(weekday(A22),"Phil/Fred", "Jane/Sarah", "Jim/John/Lena","Marsha/Anne","Shawn/Amber","Jeff", "Rob/Maggie") -> Jane/Sarah | E22: Y | F22: 0.6875 | G22: 44186 | H22: 0.8125 | I22: =iferror(24*( DATEDIF(A22,G22,"D")+TIMEVALUE(H22)-TIMEVALUE(F22)),0) -> 3 | J22: 15.75 | K22: 55 | L22: 43.5 | M22: Rain then wet pavement | N22: 21 | O22: 46 | P22: 0 | Q22: 0 | R22: 0 | S22: 0 | T22: 0 | U22: 0 | V22: 0 | W22: 0 | X22: 0 | Y22: 0 | Z22: =sum(N22:Q22) -> 67 | AA22: =sum(R22:V22) -> 0 | AB22: =sum(N22:O22) -> 67 | AC22: =sum(R22:S22,V22) -> 0 | AD22: 0.97 | AE22: 1 PSRE (pseudacris regilla, Pacific tree frog)
A23: 44187 | B23: 1630 | C23: 1705 | D23: =choose(weekday(A23),"Phil/Fred", "Jane/Sarah", "Jim/John/Lena","Marsha/Anne","Shawn/Amber","Jeff", "Rob/Maggie") -> Jim/John/Lena | E23: Y | F23: 0.69791667 | G23: 44187 | H23: 0.75 | I23: =iferror(24*( DATEDIF(A23,G23,"D")+TIMEVALUE(H23)-TIMEVALUE(F23)),0) -> 1.25 | J23: 2.5 | K23: 43.5 | L23: 41.7 | M23: Wet Pavement | N23: 0 | O23: 0 | P23: 0 | Q23: 0 | R23: 0 | S23: 0 | T23: 0 | U23: 0 | V23: 0 | W23: 0 | X23: 0 | Y23: 0 | Z23: =sum(N23:Q23) -> 0 | AA23: =sum(R23:V23) -> 0 | AB23: =sum(N23:O23) -> 0 | AC23: =sum(R23:S23,V23) -> 0 | AD23: 1
A24: 44188 | B24: 1631 | C24: 1705 | D24: =choose(weekday(A24),"Phil/Fred", "Jane/Sarah", "Jim/John/Lena","Marsha/Anne","Shawn/Amber","Jeff", "Rob/Maggie") -> Marsha/Anne | E24: Y | F24: 0.20833333 | G24: 44188 | I24: =iferror(24*( DATEDIF(A24,G24,"D")+TIMEVALUE(H24)-TIMEVALUE(F24)),0) -> 0 | J24: 0.5 | K24: 37 | L24: 36 | M24: Damp pavement | N24: 0 | O24: 0 | P24: 0 | Q24: 0 | R24: 0 | S24: 0 | T24: 0 | U24: 0 | V24: 0 | W24: 0 | X24: 0 | Y24: 0 | Z24: =sum(N24:Q24) -> 0 | AA24: =sum(R24:V24) -> 0 | AB24: =sum(N24:O24) -> 0 | AC24: =sum(R24:S24,V24) -> 0 | AD24: 0.99
A25: 44189 | B25: 1632 | C25: 1706 | D25: =choose(weekday(A25),"Phil/Fred", "Jane/Sarah", "Jim/John/Lena","Marsha/Anne","Shawn/Amber","Jeff", "Rob/Maggie") -> Shawn/Amber | E25: N | F25: 0.1875 | G25: 44189 | I25: =iferror(24*( DATEDIF(A25,G25,"D")+TIMEVALUE(H25)-TIMEVALUE(F25)),0) -> 0 | K25: 40 | M25: Dry | N25: 0 | O25: 0 | P25: 0 | Q25: 0 | R25: 0 | S25: 0 | T25: 0 | U25: 0 | V25: 0 | W25: 0 | X25: 0 | Y25: 0 | Z25: =sum(N25:Q25) -> 0 | AA25: =sum(R25:V25) -> 0 | AB25: =sum(N25:O25) -> 0 | AC25: =sum(R25:S25,V25) -> 0 | AD25: 0.96
A26: 44190 | B26: 1632 | C26: 1706 | D26: =choose(weekday(A26),"Phil/Fred", "Jane/Sarah", "Jim/John/Lena","Marsha/Anne","Shawn/Amber","Jeff", "Rob/Maggie") -> Jeff | E26: N | F26: 0.60416667 | G26: 44190 | H26: 0.91666667 | I26: =iferror(24*( DATEDIF(A26,G26,"D")+TIMEVALUE(H26)-TIMEVALUE(F26)),0) -> 7.5 | J26: 0 | K26: 39 | L26: 41 | M26: Very rainy at 10pm | N26: 0 | O26: 0 | P26: 0 | Q26: 0 | R26: 0 | S26: 0 | T26: 0 | U26: 0 | V26: 0 | W26: 0 | X26: 0 | Y26: 0 | Z26: =sum(N26:Q26) -> 0 | AA26: =sum(R26:V26) -> 0 | AB26: =sum(N26:O26) -> 0 | AC26: =sum(R26:S26,V26) -> 0 | AD26: 0.91
A27: 44191 | B27: 1633 | C27: 1707 | D27: =choose(weekday(A27),"Phil/Fred", "Jane/Sarah", "Jim/John/Lena","Marsha/Anne","Shawn/Amber","Jeff", "Rob/Maggie") -> Rob/Maggie | E27: y | F27: 0.17708333 | G27: 44191 | H27: 0.23958333 | I27: =iferror(24*( DATEDIF(A27,G27,"D")+TIMEVALUE(H27)-TIMEVALUE(F27)),0) -> 1.5 | J27: 2.75 | K27: 46 | L27: 43 | M27: wet pavement | N27: 0 | O27: 0 | P27: 0 | Q27: 0 | R27: 0 | S27: 0 | T27: 0 | U27: 0 | V27: 0 | W27: 0 | X27: 0 | Y27: 0 | Z27: =sum(N27:Q27) -> 0 | AA27: =sum(R27:V27) -> 0 | AB27: =sum(N27:O27) -> 0 | AC27: =sum(R27:S27,V27) -> 0 | AD27: 0.82
A28: 44192 | B28: 1634 | C28: 1708 | D28: =choose(weekday(A28),"Phil/Fred", "Jane/Sarah", "Jim/John/Lena","Marsha/Anne","Shawn/Amber","Jeff", "Rob/Maggie") -> Phil/Fred | G28: 44192 | I28: =iferror(24*( DATEDIF(A28,G28,"D")+TIMEVALUE(H28)-TIMEVALUE(F28)),0) -> 0 | N28: 0 | O28: 0 | P28: 0 | Q28: 0 | R28: 0 | S28: 0 | T28: 0 | U28: 0 | V28: 0 | W28: 0 | X28: 0 | Y28: 0 | Z28: =sum(N28:Q28) -> 0 | AA28: =sum(R28:V28) -> 0 | AB28: =sum(N28:O28) -> 0 | AC28: =sum(R28:S28,V28) -> 0 | AD28: 0.73
A29: 44193 | B29: 1634 | C29: 1708 | D29: =choose(weekday(A29),"Phil/Fred", "Jane/Sarah", "Jim/John/Lena","Marsha/Anne","Shawn/Amber","Jeff", "Rob/Maggie") -> Jane/Sarah | E29: N | F29: 0.1875 | G29: 44193 | I29: =iferror(24*( DATEDIF(A29,G29,"D")+TIMEVALUE(H29)-TIMEVALUE(F29)),0) -> 0 | K29: 34 | N29: 0 | O29: 0 | P29: 0 | Q29: 0 | R29: 0 | S29: 0 | T29: 0 | U29: 0 | V29: 0 | W29: 0 | X29: 0 | Y29: 0 | Z29: =sum(N29:Q29) -> 0 | AA29: =sum(R29:V29) -> 0 | AB29: =sum(N29:O29) -> 0 | AC29: =sum(R29:S29,V29) -> 0 | AD29: 0.62
A30: 44194 | B30: 1635 | C30: 1709 | D30: =choose(weekday(A30),"Phil/Fred", "Jane/Sarah", "Jim/John/Lena","Marsha/Anne","Shawn/Amber","Jeff", "Rob/Maggie") -> Jim/John/Lena | E30: N | G30: 44194 | I30: =iferror(24*( DATEDIF(A30,G30,"D")+TIMEVALUE(H30)-TIMEVALUE(F30)),0) -> 0 | M30: too cold | N30: 0 | O30: 0 | P30: 0 | Q30: 0 | R30: 0 | S30: 0 | T30: 0 | U30: 0 | V30: 0 | W30: 0 | X30: 0 | Y30: 0 | Z30: =sum(N30:Q30) -> 0 | AA30: =sum(R30:V30) -> 0 | AB30: =sum(N30:O30) -> 0 | AC30: =sum(R30:S30,V30) -> 0 | AD30: 0.51
A31: 44195 | B31: 1636 | C31: 1710 | D31: =choose(weekday(A31),"Phil/Fred", "Jane/Sarah", "Jim/John/Lena","Marsha/Anne","Shawn/Amber","Jeff", "Rob/Maggie") -> Marsha/Anne | E31: Y | F31: 0.19791667 | G31: 44195 | H31: 0.30208333 | I31: =iferror(24*( DATEDIF(A31,G31,"D")+TIMEVALUE(H31)-TIMEVALUE(F31)),0) -> 2.5 | J31: 9 | K31: 46.5 | L31: 44.7 | M31: too cold | N31: 0 | O31: 0 | P31: 0 | Q31: 0 | R31: 0 | S31: 0 | T31: 0 | U31: 0 | V31: 0 | W31: 0 | X31: 0 | Y31: 0 | Z31: =sum(N31:Q31) -> 0 | AA31: =sum(R31:V31) -> 0 | AB31: =sum(N31:O31) -> 0 | AC31: =sum(R31:S31,V31) -> 0 | AD31: 0.4
A32: 44196 | B32: 1637 | C32: 1711 | D32: =choose(weekday(A32),"Phil/Fred", "Jane/Sarah", "Jim/John/Lena","Marsha/Anne","Shawn/Amber","Jeff", "Rob/Maggie") -> Shawn/Amber | E32: Y | F32: 0.1875 | G32: 44196 | H32: 0.29166667 | I32: =iferror(24*( DATEDIF(A32,G32,"D")+TIMEVALUE(H32)-TIMEVALUE(F32)),0) -> 2.5 | J32: 5 | K32: 50 | L32: 48 | M32: wet pavement | N32: 0 | O32: 0 | P32: 0 | Q32: 0 | R32: 0 | S32: 0 | T32: 0 | U32: 0 | V32: 0 | W32: 0 | X32: 0 | Y32: 0 | Z32: =sum(N32:Q32) -> 0 | AA32: =sum(R32:V32) -> 0 | AB32: =sum(N32:O32) -> 0 | AC32: =sum(R32:S32,V32) -> 0 | AD32: 0.3 | AE32: 1 treefrog; 65% chance of rain late tonite
E33: Monthly total | I33: =SUM(I3:I32) -> 34.5 | J33: =SUM(J2:J32) -> 134 | N33: =sum(N2:N32) -> 27 | O33: =sum(O2:O32) -> 58 | P33: =sum(P2:P32) -> 0 | Q33: =sum(Q2:Q32) -> 0 | R33: =sum(R2:R32) -> 0 | S33: =sum(S2:S32) -> 0 | T33: =sum(T2:T32) -> 0 | U33: =sum(U2:U32) -> 0 | ... Y33: =sum(Y2:Y32) -> 0 | Z33: =SUM(Z2:Z32) -> 85 | AA33: =SUM(AA2:AA32) -> 0 | AB33: =sum(AB2:AB32) -> 85 | AC33: =sum(AC2:AC32) -> 0
E34: Cumulative Total | I34: ='November 2020'!I$33+'December 2020'!I$33 -> 34.666667 | J34: ='November 2020'!J$33+'December 2020'!J$33 -> 134 | N34: ='November 2020'!N$33+'December 2020'!N$33 -> 27 | O34: ='November 2020'!O$33+'December 2020'!O$33 -> 58 | P34: ='November 2020'!P$33+'December 2020'!P$33 -> 0 | Q34: ='November 2020'!Q$33+'December 2020'!Q$33 -> 0 | R34: ='November 2020'!R$33+'December 2020'!R$33 -> 0 | S34: ='November 2020'!S$33+'December 2020'!S$33 -> 0 | T34: ='November 2020'!T$33+'December 2020'!T$33 -> 0 | U34: ='November 2020'!U$33+'December 2020'!U$33 -> 0 | ... AA34: ='November 2020'!AA$33+'December 2020'!AA$33 -> 0 | AB34: ='November 2020'!AB33+'December 2020'!AB33 -> 85 | AC34: ='November 2020'!AC33+'December 2020'!AC33 -> 0
E35: Season Total | I35: ='November 2020'!I$33+'December 2020'!I$33+'January 2021'!I$33+'February 2021'!I$33+'March 2021'!I$33+'April 2021'!I$33 -> 112.63333 | J35: ='November 2020'!J33+'December 2020'!J33+'January 2021'!J33+'February 2021'!J33+'March 2021'!J33+'April 2021'!J33 -> 474.1 | N35: ='November 2020'!N33+'December 2020'!N33+'January 2021'!N33+'February 2021'!N33+'March 2021'!N33+'April 2021'!N33 -> 271 | O35: ='November 2020'!O33+'December 2020'!O33+'January 2021'!O33+'February 2021'!O33+'March 2021'!O33+'April 2021'!O33 -> 139 | P35: ='November 2020'!P33+'December 2020'!P33+'January 2021'!P33+'February 2021'!P33+'March 2021'!P33+'April 2021'!P33 -> 11 | Q35: ='November 2020'!Q33+'December 2020'!Q33+'January 2021'!Q33+'February 2021'!Q33+'March 2021'!Q33+'April 2021'!Q33 -> 0 | R35: ='November 2020'!R33+'December 2020'!R33+'January 2021'!R33+'February 2021'!R33+'March 2021'!R33+'April 2021'!R33 -> 147 | S35: ='November 2020'!S33+'December 2020'!S33+'January 2021'!S33+'February 2021'!S33+'March 2021'!S33+'April 2021'!S33 -> 28 | T35: ='November 2020'!T33+'December 2020'!T33+'January 2021'!T33+'February 2021'!T33+'March 2021'!T33+'April 2021'!T33 -> 8 | U35: ='November 2020'!U33+'December 2020'!U33+'January 2021'!U33+'February 2021'!U33+'March 2021'!U33+'April 2021'!U33 -> 0 | ... AC35: ='November 2020'!AC33+'December 2020'!AC33+'January 2021'!AC33+'February 2021'!AC33+'March 2021'!AC33+'April 2021'!AC33 -> 191
E36: 2019-20 Total | N36: 811 | O36: 1180 | P36: 13 | Q36: 2 | R36: 386 | S36: 89 | T36: 35 | U36: 2 | V36: 0 | W36: 9 | X36: 7 | Y36: 28 | Z36: 2006 | AA36: 512 | AB36: 1991 | AC36: 475
E37: 2018-19 Total | N37: 90 | O37: 1134 | P37: 3 | Q37: 4 | R37: 124 | S37: 791 | T37: 6 | U37: 17 | V37: 6 | W37: 4 | X37: 24 | Y37: 7 | Z37: 1231 | AA37: 944 | AB37: 1224 | AC37: 921
E38: 2017-18 Total | Z38: 433 | AA38: 297
E39: 2016-17 Total | Z39: 834 | AA39: 751
E40: 2015-16 Total | Z40: 688 | AA40: 1040
E41: 2014-15 Total | Z41: 695 | AA41: 750
E42: 2013-14 Total | Z42: 580 | AA42: 572
U52: p

Sheet January 2021
A1: Date | B1: Sunset | C1: Civil Twilight | D1: Captain | E1: Monitored (Y/N) | F1: Start time HH:MM | G1: End Date | H1: End Time HH:MM | I1: Hours monitored | J1: Team Hrs. | K1: Start Temp. | L1: End Temp | M1: Weather | N1: Females assisted down | O1: Males assisted down | P1: Unassisted Females down | Q1: Unasissted Males down | R1: Females assisted up | S1: Males assisted up | T1: Unassisted females up | U1: Unassisted males up | V1: Juveniles | W1: Roadkill Females | X1: Roadkill Males | Y1: Roadkill Unk | Z1: Total frogs down | AA1: Total frogs up | AB1: Total Frogs Assisted Down | AC1: Total Frogs Assisted Up | AD1: % moon visible | AE1: Comments
A2: 44197 | B2: 1638 | C2: 1712 | D2: =choose(weekday(A2),"Phil/Fred", "Jane/Sarah", "Jim/John/Lena","Marsha/Anne","Shawn/Jenny","Jeff", "Rob/Maggie") -> Jeff | E2: Y | F2: 0.67708333 | G2: 44197 | H2: 0.91666667 | I2: =iferror(24*( DATEDIF(A2,G2,"D")+TIMEVALUE(H2)-TIMEVALUE(F2)),0) -> 5.75 | J2: 21 | K2: 48.5 | L2: 46.2 | M2: rain, occasionally hard | N2: 11 | O2: 21 | P2: 1 | Q2: 0 | R2: 0 | S2: 0 | T2: 0 | U2: 0 | V2: 0 | W2: 0 | X2: 0 | Y2: 0 | Z2: =sum(N2:Q2) -> 33 | AA2: =sum(R2:V2) -> 0 | AB2: =sum(N2:O2) -> 32 | AC2: =sum(R2:S2,V2) -> 0 | AD2: 0.21 | AE2: Unassisted female seen below US 30 on turnoff to Marina Way
A3: 44198 | B3: 1639 | C3: 1712 | D3: =choose(weekday(A3),"Phil/Fred", "Jane/Sarah", "Jim/John/Lena","Marsha/Anne","Shawn/Jenny","Jeff", "Rob/Maggie") -> Rob/Maggie | E3: y | F3: 0.17708333 | G3: 44198 | H3: 0.32291667 | I3: =iferror(24*( DATEDIF(A3,G3,"D")+TIMEVALUE(H3)-TIMEVALUE(F3)),0) -> 3.5 | J3: 21.5 | K3: 49 | L3: 49 | M3: steady rain | N3: 31 | O3: 38 | P3: 0 | Q3: 0 | R3: 0 | S3: 0 | T3: 0 | U3: 0 | V3: 0 | W3: 0 | X3: 0 | Y3: 0 | Z3: =sum(N3:Q3) -> 69 | AA3: =sum(R3:V3) -> 0 | AB3: =sum(N3:O3) -> 69 | AC3: =sum(R3:S3,V3) -> 0 | AD3: 0.13 | AE3: numbers fell way off last 45 minutes
A4: 44199 | B4: 1639 | C4: 1713 | D4: =choose(weekday(A4),"Phil/Fred", "Jane/Sarah", "Jim/John/Lena","Marsha/Anne","Shawn/Jenny","Jeff", "Rob/Maggie") -> Phil/Fred | E4: Y | F4: 0.6875 | G4: 44199 | H4: 0.875 | I4: =iferror(24*( DATEDIF(A4,G4,"D")+TIMEVALUE(H4)-TIMEVALUE(F4)),0) -> 4.5 | J4: 9.75 | K4: 47 | L4: 47 | M4: no precip.>light rain | N4: 0 | O4: 0 | P4: 0 | Q4: 0 | R4: 0 | S4: 0 | T4: 0 | U4: 0 | V4: 0 | W4: 0 | X4: 0 | Y4: 1 | Z4: =sum(N4:Q4) -> 0 | AA4: =sum(R4:V4) -> 0 | AB4: =sum(N4:O4) -> 0 | AC4: =sum(R4:S4,V4) -> 0 | AD4: 0.07
A5: 44200 | B5: 1640 | C5: 1714 | D5: =choose(weekday(A5),"Phil/Fred", "Jane/Sarah", "Jim/John/Lena","Marsha/Anne","Shawn/Jenny","Jeff", "Rob/Maggie") -> Jane/Sarah | E5: Y | F5: 0.69791667 | G5: 44200 | H5: 0.77083333 | I5: =iferror(24*( DATEDIF(A5,G5,"D")+TIMEVALUE(H5)-TIMEVALUE(F5)),0) -> 1.75 | J5: 10.4 | K5: 50.9 | L5: 43.8 | M5: light rain>no rain/WP | N5: 5 | O5: 1 | P5: 0 | Q5: 0 | R5: 0 | S5: 0 | T5: 0 | U5: 0 | V5: 0 | W5: 0 | X5: 0 | Y5: 0 | Z5: =sum(N5:Q5) -> 6 | AA5: =sum(R5:V5) -> 0 | AB5: =sum(N5:O5) -> 6 | AC5: =sum(R5:S5,V5) -> 0 | AD5: 0.03 | AE5: Philip moved 4 female and 1 male just after 6am
A6: 44201 | B6: 1642 | C6: 1715 | D6: =choose(weekday(A6),"Phil/Fred", "Jane/Sarah", "Jim/John/Lena","Marsha/Anne","Shawn/Jenny","Jeff", "Rob/Maggie") -> Jim/John/Lena | E6: Y | F6: 0.70833333 | G6: 44201 | H6: 0.75 | I6: =iferror(24*( DATEDIF(A6,G6,"D")+TIMEVALUE(H6)-TIMEVALUE(F6)),0) -> 1 | J6: 5 | K6: 46 | L6: 44.7 | M6: wet pavement | N6: 0 | O6: 0 | P6: 0 | Q6: 0 | R6: 0 | S6: 0 | T6: 0 | U6: 0 | V6: 0 | W6: 0 | X6: 0 | Y6: 0 | Z6: =sum(N6:Q6) -> 0 | AA6: =sum(R6:V6) -> 0 | AB6: =sum(N6:O6) -> 0 | AC6: =sum(R6:S6,V6) -> 0 | AD6: 0.01
A7: 44202 | B7: 1643 | C7: 1716 | D7: =choose(weekday(A7),"Phil/Fred", "Jane/Sarah", "Jim/John/Lena","Marsha/Anne","Shawn/Jenny","Jeff", "Rob/Maggie") -> Marsha/Anne | E7: Y | F7: 0.69791667 | G7: 44202 | H7: 0.77777778 | I7: =iferror(24*( DATEDIF(A7,G7,"D")+TIMEVALUE(H7)-TIMEVALUE(F7)),0) -> 1.9166667 | J7: 8 | K7: 47.3 | L7: 46 | M7: light rain>moderate rain | N7: 9 | O7: 3 | P7: 0 | Q7: 0 | R7: 0 | S7: 0 | T7: 0 | U7: 0 | V7: 0 | W7: 0 | X7: 0 | Y7: 0 | Z7: =sum(N7:Q7) -> 12 | AA7: =sum(R7:V7) -> 0 | AB7: =sum(N7:O7) -> 12 | AC7: =sum(R7:S7,V7) -> 0 | AD7: 0
A8: 44203 | B8: 1644 | C8: 1717 | D8: =choose(weekday(A8),"Phil/Fred", "Jane/Sarah", "Jim/John/Lena","Marsha/Anne","Shawn/Jenny","Jeff", "Rob/Maggie") -> Shawn/Jenny | E8: Y | F8: 0.22916667 | G8: 44203 | H8: 0.23611111 | I8: =iferror(24*( DATEDIF(A8,G8,"D")+TIMEVALUE(H8)-TIMEVALUE(F8)),0) -> 0.16666667 | J8: 0.17 | K8: 47 | L8: 47 | M8: Dry; patchy wet pavemt | N8: 0 | O8: 0 | P8: 0 | Q8: 0 | R8: 0 | S8: 0 | T8: 0 | U8: 0 | V8: 0 | W8: 0 | X8: 0 | Y8: 0 | Z8: =sum(N8:Q8) -> 0 | AA8: =sum(R8:V8) -> 0 | AB8: =sum(N8:O8) -> 0 | AC8: =sum(R8:S8,V8) -> 0 | AD8: 0.01 | AE8: Rain predicted after midnight
A9: 44204 | B9: 1645 | C9: 1718 | D9: =choose(weekday(A9),"Phil/Fred", "Jane/Sarah", "Jim/John/Lena","Marsha/Anne","Shawn/Jenny","Jeff", "Rob/Maggie") -> Jeff | E9: N | F9: 0.75 | G9: 44204 | H9: 0.81111111 | I9: =iferror(24*( DATEDIF(A9,G9,"D")+TIMEVALUE(H9)-TIMEVALUE(F9)),0) -> 1.4666667 | J9: 0 | K9: 42 | L9: 42 | M9: Clear skies | N9: 0 | O9: 0 | P9: 0 | Q9: 0 | R9: 0 | S9: 0 | T9: 0 | U9: 0 | V9: 0 | W9: 0 | X9: 0 | Y9: 0 | Z9: =sum(N9:Q9) -> 0 | AA9: =sum(R9:V9) -> 0 | AB9: =sum(N9:O9) -> 0 | AC9: =sum(R9:S9,V9) -> 0 | AD9: 0.05
A10: 44205 | B10: 1646 | C10: 1719 | D10: =choose(weekday(A10),"Phil/Fred", "Jane/Sarah", "Jim/John/Lena","Marsha/Anne","Shawn/Jenny","Jeff", "Rob/Maggie") -> Rob/Maggie | E10: N | G10: 44205 | I10: =iferror(24*( DATEDIF(A10,G10,"D")+TIMEVALUE(H10)-TIMEVALUE(F10)),0) -> 0 | K10: 44 | L10: 44 | M10: dry, then rain late | N10: 0 | O10: 0 | P10: 0 | Q10: 0 | R10: 0 | S10: 0 | T10: 0 | U10: 0 | V10: 0 | W10: 0 | X10: 0 | Y10: 0 | Z10: =sum(N10:Q10) -> 0 | AA10: =sum(R10:V10) -> 0 | AB10: =sum(N10:O10) -> 0 | AC10: =sum(R10:S10,V10) -> 0 | AD10: 0.09
A11: 44206 | B11: 1647 | C11: 1721 | D11: =choose(weekday(A11),"Phil/Fred", "Jane/Sarah", "Jim/John/Lena","Marsha/Anne","Shawn/Jenny","Jeff", "Rob/Maggie") -> Phil/Fred | E11: Y | F11: 0.76041667 | G11: 44206 | H11: 0.8125 | I11: =iferror(24*( DATEDIF(A11,G11,"D")+TIMEVALUE(H11)-TIMEVALUE(F11)),0) -> 1.25 | J11: 1.25 | K11: 48 | L11: 46.4 | M11: wet pavement | N11: 6 | O11: 0 | P11: 0 | Q11: 0 | R11: 0 | S11: 0 | T11: 0 | U11: 0 | V11: 0 | W11: 0 | X11: 0 | Y11: 0 | Z11: =sum(N11:Q11) -> 6 | AA11: =sum(R11:V11) -> 0 | AB11: =sum(N11:O11) -> 6 | AC11: =sum(R11:S11,V11) -> 0 | AD11: 0.16
A12: 44207 | B12: 1648 | C12: 1722 | D12: =choose(weekday(A12),"Phil/Fred", "Jane/Sarah", "Jim/John/Lena","Marsha/Anne","Shawn/Jenny","Jeff", "Rob/Maggie") -> Jane/Sarah | E12: Y | F12: 0.70833333 | G12: 44207 | H12: 0.29166667 | I12: 9 | J12: 29.5 | K12: 47.1 | L12: 53 | M12: Rain all night | N12: 43 | O12: 7 | P12: 4 | Q12: 0 | R12: 4 | S12: 0 | T12: 3 | U12: 0 | V12: 0 | W12: 0 | X12: 0 | Y12: 3 | Z12: =sum(N12:Q12) -> 54 | AA12: =sum(R12:V12) -> 7 | AB12: =sum(N12:O12) -> 50 | AC12: =sum(R12:S12,V12) -> 4 | AD12: 0.23 | AE12: 1st females up!
A13: 44208 | B13: 1649 | C13: 1723 | D13: =choose(weekday(A13),"Phil/Fred", "Jane/Sarah", "Jim/John/Lena","Marsha/Anne","Shawn/Jenny","Jeff", "Rob/Maggie") -> Jim/John/Lena | E13: Y | F13: 0.70833333 | G13: 44208 | H13: 0.95833333 | I13: =iferror(24*( DATEDIF(A13,G13,"D")+TIMEVALUE(H13)-TIMEVALUE(F13)),0) -> 6 | J13: 34.25 | K13: 57 | L13: 56.3 | M13: rain heavy and light | N13: 122 | O13: 11 | P13: 2 | Q13: 0 | R13: 9 | S13: 0 | T13: 2 | U13: 0 | V13: 0 | W13: 0 | X13: 0 | Y13: 8 | Z13: =sum(N13:Q13) -> 135 | AA13: =sum(R13:V13) -> 11 | AB13: =sum(N13:O13) -> 133 | AC13: =sum(R13:S13,V13) -> 9 | AD13: 0.31 | AE13: lotsa frogs. 1 AMMA up, 1 PSRE female down. still a few jumping at departure. heavy rain, really warm
A14: 44209 | B14: 1651 | C14: 1724 | D14: =choose(weekday(A14),"Phil/Fred", "Jane/Sarah", "Jim/John/Lena","Marsha/Anne","Shawn/Jenny","Jeff", "Rob/Maggie") -> Marsha/Anne | E14: Y | F14: 0.70833333 | G14: 44209 | H14: 0.75 | I14: =iferror(24*( DATEDIF(A14,G14,"D")+TIMEVALUE(H14)-TIMEVALUE(F14)),0) -> 1 | J14: 2 | K14: 45 | L14: 42.8 | M14: wet pavement, no rain | N14: 0 | O14: 0 | P14: 0 | Q14: 0 | R14: 0 | S14: 0 | T14: 0 | U14: 0 | V14: 0 | W14: 0 | X14: 0 | Y14: 0 | Z14: =sum(N14:Q14) -> 0 | AA14: =sum(R14:V14) -> 0 | AB14: =sum(N14:O14) -> 0 | AC14: =sum(R14:S14,V14) -> 0 | AD14: 0.41
A15: 44210 | B15: 1652 | C15: 1725 | D15: =choose(weekday(A15),"Phil/Fred", "Jane/Sarah", "Jim/John/Lena","Marsha/Anne","Shawn/Jenny","Jeff", "Rob/Maggie") -> Shawn/Jenny | E15: Y | F15: 0.70833333 | G15: 44210 | H15: 0.72916667 | I15: =iferror(24*( DATEDIF(A15,G15,"D")+TIMEVALUE(H15)-TIMEVALUE(F15)),0) -> 0.5 | J15: 2 | K15: 48 | L15: 48 | M15: Dry; patchy wet pavemt | N15: 0 | O15: 0 | P15: 0 | Q15: 0 | R15: 0 | S15: 0 | T15: 0 | U15: 0 | V15: 0 | W15: 0 | X15: 0 | Y15: 0 | Z15: =sum(N15:Q15) -> 0 | AA15: =sum(R15:V15) -> 0 | AB15: =sum(N15:O15) -> 0 | AC15: =sum(R15:S15,V15) -> 0 | AD15: 0.51 | AE15: Trained 4 new volunteers; frogs weren't expected--too dry
A16: 44211 | B16: 1653 | C16: 1726 | D16: =choose(weekday(A16),"Phil/Fred", "Jane/Sarah", "Jim/John/Lena","Marsha/Anne","Shawn/Jenny","Jeff", "Rob/Maggie") -> Jeff | E16: Y | F16: 0.8125 | G16: 44211 | H16: 0.8125 | I16: =iferror(24*( DATEDIF(A16,G16,"D")+TIMEVALUE(H16)-TIMEVALUE(F16)),0) -> 0 | J16: 0 | K16: 46 | L16: 46 | M16: Dry | N16: 0 | O16: 0 | P16: 0 | Q16: 0 | R16: 0 | S16: 0 | T16: 0 | U16: 0 | V16: 0 | W16: 0 | X16: 0 | Y16: 0 | Z16: =sum(N16:Q16) -> 0 | AA16: =sum(R16:V16) -> 0 | AB16: =sum(N16:O16) -> 0 | AC16: =sum(R16:S16,V16) -> 0 | AD16: 0.61 | AE16: Drove through to verify conditions
A17: 44212 | B17: 1654 | C17: 1727 | D17: =choose(weekday(A17),"Phil/Fred", "Jane/Sarah", "Jim/John/Lena","Marsha/Anne","Shawn/Jenny","Jeff", "Rob/Maggie") -> Rob/Maggie | E17: N | G17: 44212 | I17: =iferror(24*( DATEDIF(A17,G17,"D")+TIMEVALUE(H17)-TIMEVALUE(F17)),0) -> 0 | K17: 45 | L17: 45 | M17: dry | N17: 0 | O17: 0 | P17: 0 | Q17: 0 | R17: 0 | S17: 0 | T17: 0 | U17: 0 | V17: 0 | W17: 0 | X17: 0 | Y17: 0 | Z17: =sum(N17:Q17) -> 0 | AA17: =sum(R17:V17) -> 0 | AB17: =sum(N17:O17) -> 0 | AC17: =sum(R17:S17,V17) -> 0 | AD17: 0.71
A18: 44213 | B18: 1656 | C18: 1729 | D18: =choose(weekday(A18),"Phil/Fred", "Jane/Sarah", "Jim/John/Lena","Marsha/Anne","Shawn/Jenny","Jeff", "Rob/Maggie") -> Phil/Fred | E18: Y | F18: 0.77083333 | G18: 44213 | H18: 0.77083333 | I18: =iferror(24*( DATEDIF(A18,G18,"D")+TIMEVALUE(H18)-TIMEVALUE(F18)),0) -> 0 | J18: 0 | K18: 45 | L18: 45 | M18: dry | N18: 0 | O18: 0 | P18: 0 | Q18: 0 | R18: 0 | S18: 0 | T18: 0 | U18: 0 | V18: 0 | W18: 0 | X18: 0 | Y18: 0 | Z18: =sum(N18:Q18) -> 0 | AA18: =sum(R18:V18) -> 0 | AB18: =sum(N18:O18) -> 0 | AC18: =sum(R18:S18,V18) -> 0 | AD18: 0.8
A19: 44214 | B19: 1657 | C19: 1730 | D19: =choose(weekday(A19),"Phil/Fred", "Jane/Sarah", "Jim/John/Lena","Marsha/Anne","Shawn/Jenny","Jeff", "Rob/Maggie") -> Jane/Sarah | E19: Y | G19: 44214 | I19: =iferror(24*( DATEDIF(A19,G19,"D")+TIMEVALUE(H19)-TIMEVALUE(F19)),0) -> 0 | N19: 0 | O19: 0 | P19: 0 | Q19: 0 | R19: 0 | S19: 0 | T19: 0 | U19: 0 | V19: 0 | W19: 0 | X19: 0 | Y19: 0 | Z19: =sum(N19:Q19) -> 0 | AA19: =sum(R19:V19) -> 0 | AB19: =sum(N19:O19) -> 0 | AC19: =sum(R19:S19,V19) -> 0 | AD19: 0.88
A20: 44215 | B20: 1658 | C20: 1731 | D20: =choose(weekday(A20),"Phil/Fred", "Jane/Sarah", "Jim/John/Lena","Marsha/Anne","Shawn/Jenny","Jeff", "Rob/Maggie") -> Jim/John/Lena | E20: Y | F20: 0.70833333 | G20: 44215 | H20: 0.75 | I20: =iferror(24*( DATEDIF(A20,G20,"D")+TIMEVALUE(H20)-TIMEVALUE(F20)),0) -> 1 | K20: 45 | L20: 45 | M20: dry | N20: 0 | O20: 0 | P20: 0 | Q20: 0 | R20: 0 | S20: 0 | T20: 0 | U20: 0 | V20: 0 | W20: 0 | X20: 0 | Y20: 0 | Z20: =sum(N20:Q20) -> 0 | AA20: =sum(R20:V20) -> 0 | AB20: =sum(N20:O20) -> 0 | AC20: =sum(R20:S20,V20) -> 0 | AD20: 0.95
A21: 44216 | B21: 1700 | C21: 1732 | D21: =choose(weekday(A21),"Phil/Fred", "Jane/Sarah", "Jim/John/Lena","Marsha/Anne","Shawn/Jenny","Jeff", "Rob/Maggie") -> Marsha/Anne | E21: N | G21: 44216 | I21: =iferror(24*( DATEDIF(A21,G21,"D")+TIMEVALUE(H21)-TIMEVALUE(F21)),0) -> 0 | N21: 0 | O21: 0 | P21: 0 | Q21: 0 | R21: 0 | S21: 0 | T21: 0 | U21: 0 | V21: 0 | W21: 0 | X21: 0 | Y21: 0 | Z21: =sum(N21:Q21) -> 0 | AA21: =sum(R21:V21) -> 0 | AB21: =sum(N21:O21) -> 0 | AC21: =sum(R21:S21,V21) -> 0 | AD21: 0.99
A22: 44217 | B22: 1701 | C22: 1734 | D22: =choose(weekday(A22),"Phil/Fred", "Jane/Sarah", "Jim/John/Lena","Marsha/Anne","Shawn/Jenny","Jeff", "Rob/Maggie") -> Shawn/Jenny | E22: N | F22: 0.72222222 | G22: 44217 | H22: 0.73263889 | I22: =iferror(24*( DATEDIF(A22,G22,"D")+TIMEVALUE(H22)-TIMEVALUE(F22)),0) -> 0.25 | J22: 0.25 | K22: 45 | L22: 45 | M22: dry; patchy wet pavemt | N22: 0 | O22: 0 | P22: 0 | Q22: 0 | R22: 0 | S22: 0 | T22: 0 | U22: 0 | V22: 0 | W22: 0 | X22: 0 | Y22: 0 | Z22: =sum(N22:Q22) -> 0 | AA22: =sum(R22:V22) -> 0 | AB22: =sum(N22:O22) -> 0 | AC22: =sum(R22:S22,V22) -> 0 | AD22: 1
A23: 44218 | B23: 1703 | C23: 1735 | D23: =choose(weekday(A23),"Phil/Fred", "Jane/Sarah", "Jim/John/Lena","Marsha/Anne","Shawn/Jenny","Jeff", "Rob/Maggie") -> Jeff | E23: N | G23: 44218 | I23: =iferror(24*( DATEDIF(A23,G23,"D")+TIMEVALUE(H23)-TIMEVALUE(F23)),0) -> 0 | N23: 0 | O23: 0 | P23: 0 | Q23: 0 | R23: 0 | S23: 0 | T23: 0 | U23: 0 | V23: 0 | W23: 0 | X23: 0 | Y23: 0 | Z23: =sum(N23:Q23) -> 0 | AA23: =sum(R23:V23) -> 0 | AB23: =sum(N23:O23) -> 0 | AC23: =sum(R23:S23,V23) -> 0 | AD23: 0.98
A24: 44219 | B24: 1704 | C24: 1736 | D24: =choose(weekday(A24),"Phil/Fred", "Jane/Sarah", "Jim/John/Lena","Marsha/Anne","Shawn/Jenny","Jeff", "Rob/Maggie") -> Rob/Maggie | E24: N | G24: 44219 | I24: =iferror(24*( DATEDIF(A24,G24,"D")+TIMEVALUE(H24)-TIMEVALUE(F24)),0) -> 0 | K24: 43 | N24: 0 | O24: 0 | P24: 0 | Q24: 0 | R24: 0 | S24: 0 | T24: 0 | U24: 0 | V24: 0 | W24: 0 | X24: 0 | Y24: 0 | Z24: =sum(N24:Q24) -> 0 | AA24: =sum(R24:V24) -> 0 | AB24: =sum(N24:O24) -> 0 | AC24: =sum(R24:S24,V24) -> 0 | AD24: 0.86
A25: 44220 | B25: 1705 | C25: 1738 | D25: =choose(weekday(A25),"Phil/Fred", "Jane/Sarah", "Jim/John/Lena","Marsha/Anne","Shawn/Jenny","Jeff", "Rob/Maggie") -> Phil/Fred | E25: N | G25: 44220 | I25: =iferror(24*( DATEDIF(A25,G25,"D")+TIMEVALUE(H25)-TIMEVALUE(F25)),0) -> 0 | K25: 38 | L25: 38 | M25: light rain | N25: 0 | O25: 0 | P25: 0 | Q25: 0 | R25: 0 | S25: 0 | T25: 0 | U25: 0 | V25: 0 | W25: 0 | X25: 0 | Y25: 0 | Z25: =sum(N25:Q25) -> 0 | AA25: =sum(R25:V25) -> 0 | AB25: =sum(N25:O25) -> 0 | AC25: =sum(R25:S25,V25) -> 0 | AD25: 0.93
A26: 44221 | B26: 1707 | C26: 1739 | D26: =choose(weekday(A26),"Phil/Fred", "Jane/Sarah", "Jim/John/Lena","Marsha/Anne","Shawn/Jenny","Jeff", "Rob/Maggie") -> Jane/Sarah | E26: N | G26: 44221 | H26: 0.72916667 | I26: =iferror(24*( DATEDIF(A26,G26,"D")+TIMEVALUE(H26)-TIMEVALUE(F26)),0) -> 0 | K26: 40 | M26: Dry; temp dropping | N26: 0 | O26: 0 | P26: 0 | Q26: 0 | R26: 0 | S26: 0 | T26: 0 | U26: 0 | V26: 0 | W26: 0 | X26: 0 | Y26: 0 | Z26: =sum(N26:Q26) -> 0 | AA26: =sum(R26:V26) -> 0 | AB26: =sum(N26:O26) -> 0 | AC26: =sum(R26:S26,V26) -> 0 | AD26: 0.77
A27: 44222 | B27: 1708 | C27: 1740 | D27: =choose(weekday(A27),"Phil/Fred", "Jane/Sarah", "Jim/John/Lena","Marsha/Anne","Shawn/Jenny","Jeff", "Rob/Maggie") -> Jim/John/Lena | E27: N | G27: 44222 | I27: =iferror(24*( DATEDIF(A27,G27,"D")+TIMEVALUE(H27)-TIMEVALUE(F27)),0) -> 0 | K27: 41 | M27: snowing | N27: 0 | O27: 0 | P27: 0 | Q27: 0 | R27: 0 | S27: 0 | T27: 0 | U27: 0 | V27: 0 | W27: 0 | X27: 0 | Y27: 0 | Z27: =sum(N27:Q27) -> 0 | AA27: =sum(R27:V27) -> 0 | AB27: =sum(N27:O27) -> 0 | AC27: =sum(R27:S27,V27) -> 0 | AD27: 0.67
A28: 44223 | B28: 1710 | C28: 1742 | D28: =choose(weekday(A28),"Phil/Fred", "Jane/Sarah", "Jim/John/Lena","Marsha/Anne","Shawn/Jenny","Jeff", "Rob/Maggie") -> Marsha/Anne | E28: N | G28: 44223 | I28: =iferror(24*( DATEDIF(A28,G28,"D")+TIMEVALUE(H28)-TIMEVALUE(F28)),0) -> 0 | N28: 0 | O28: 0 | P28: 0 | Q28: 0 | R28: 0 | S28: 0 | T28: 0 | U28: 0 | V28: 0 | W28: 0 | X28: 0 | Y28: 0 | Z28: =sum(N28:Q28) -> 0 | AA28: =sum(R28:V28) -> 0 | AB28: =sum(N28:O28) -> 0 | AC28: =sum(R28:S28,V28) -> 0 | AD28: 0.56
A29: 44224 | B29: 1711 | C29: 1743 | D29: =choose(weekday(A29),"Phil/Fred", "Jane/Sarah", "Jim/John/Lena","Marsha/Anne","Shawn/Jenny","Jeff", "Rob/Maggie") -> Shawn/Jenny | E29: Y | F29: 0.72916667 | G29: 44224 | H29: 0.74305556 | I29: =iferror(24*( DATEDIF(A29,G29,"D")+TIMEVALUE(H29)-TIMEVALUE(F29)),0) -> 0.33333333 | J29: 0.33 | K29: 45 | L29: 43 | M29: Cloudy, wet pavement | N29: 0 | O29: 0 | P29: 0 | Q29: 0 | R29: 0 | S29: 0 | T29: 0 | U29: 0 | V29: 0 | W29: 0 | X29: 0 | Y29: 0 | Z29: =sum(N29:Q29) -> 0 | AA29: =sum(R29:V29) -> 0 | AB29: =sum(N29:O29) -> 0 | AC29: =sum(R29:S29,V29) -> 0 | AD29: 0.45
A30: 44225 | B30: 1712 | C30: 1744 | D30: =choose(weekday(A30),"Phil/Fred", "Jane/Sarah", "Jim/John/Lena","Marsha/Anne","Shawn/Jenny","Jeff", "Rob/Maggie") -> Jeff | E30: Y | F30: 0.82291667 | G30: 44225 | H30: 20:!5 | I30: =iferror(24*( DATEDIF(A30,G30,"D")+TIMEVALUE(H30)-TIMEVALUE(F30)),0) -> 0 | J30: 0.5 | K30: 41.9 | L30: 41.9 | M30: Rainy, wet. | N30: 0 | O30: 0 | P30: 0 | Q30: 0 | R30: 0 | S30: 0 | T30: 0 | U30: 0 | V30: 0 | W30: 0 | X30: 0 | Y30: 0 | Z30: =sum(N30:Q30) -> 0 | AA30: =sum(R30:V30) -> 0 | AB30: =sum(N30:O30) -> 0 | AC30: =sum(R30:S30,V30) -> 0 | AD30: 0.35
A31: 44226 | B31: 1714 | C31: 1746 | D31: =choose(weekday(A31),"Phil/Fred", "Jane/Sarah", "Jim/John/Lena","Marsha/Anne","Shawn/Jenny","Jeff", "Rob/Maggie") -> Rob/Maggie | E31: y | F31: 16.45 | G31: 44226 | H31: 19.45 | I31: =iferror(24*( DATEDIF(A31,G31,"D")+TIMEVALUE(H31)-TIMEVALUE(F31)),0) -> 0 | J31: 17.5 | K31: 46 | L31: 46 | M31: light rain- rain | N31: 2 | O31: 0 | P31: 0 | Q31: 0 | R31: 0 | S31: 1 | T31: 0 | U31: 0 | V31: 0 | W31: 0 | X31: 0 | Y31: 3 | Z31: =sum(N31:Q31) -> 2 | AA31: =sum(R31:V31) -> 1 | AB31: =sum(N31:O31) -> 2 | AC31: =sum(R31:S31,V31) -> 1 | AD31: 0.26
A32: 44227 | B32: 1715 | C32: 1747 | D32: =choose(weekday(A32),"Phil/Fred", "Jane/Sarah", "Jim/John/Lena","Marsha/Anne","Shawn/Jenny","Jeff", "Rob/Maggie") -> Phil/Fred | E32: Y | F32: 0.71875 | G32: 44227 | H32: 0.96875 | I32: =iferror(24*( DATEDIF(A32,G32,"D")+TIMEVALUE(H32)-TIMEVALUE(F32)),0) -> 6 | J32: 17.5 | K32: 50.1 | L32: 47.8 | M32: light rain- rain | N32: 8 | O32: 0 | P32: 1 | Q32: 0 | R32: 20 | S32: 2 | T32: 2 | U32: 0 | V32: 0 | W32: 0 | X32: 0 | Y32: 1 | Z32: =sum(N32:Q32) -> 9 | AA32: =sum(R32:V32) -> 24 | AB32: =sum(N32:O32) -> 8 | AC32: =sum(R32:S32,V32) -> 22 | AD32: 0.18
E33: Monthly Total | I33: =SUM(I3:I32) -> 39.633333 | J33: =SUM(J2:J32) -> 180.9 | N33: =sum(N2:N32) -> 237 | O33: =sum(O2:O32) -> 81 | P33: =sum(P2:P32) -> 8 | Q33: =sum(Q2:Q32) -> 0 | R33: =sum(R2:R32) -> 33 | S33: =sum(S2:S32) -> 3 | T33: =sum(T2:T32) -> 7 | U33: =sum(U2:U32) -> 0 | ... Y33: =sum(Y2:Y32) -> 16 | Z33: =SUM(Z2:Z32) -> 326 | AA33: =SUM(AA2:AA32) -> 43 | AB33: =sum(AB2:AB32) -> 318 | AC33: =sum(AC2:AC32) -> 36
E34: Cumulative Total | I34: ='November 2020'!I$33+'December 2020'!I$33+'January 2021'!I$33 -> 74.3 | J34: ='November 2020'!J$33+'December 2020'!J$33+'January 2021'!J$33 -> 314.9 | N34: ='November 2020'!N$33+'December 2020'!N$33+'January 2021'!N$33 -> 264 | O34: ='November 2020'!O$33+'December 2020'!O$33+'January 2021'!O$33 -> 139 | P34: ='November 2020'!P$33+'December 2020'!P$33+'January 2021'!P$33 -> 8 | Q34: ='November 2020'!Q$33+'December 2020'!Q$33+'January 2021'!Q$33 -> 0 | R34: ='November 2020'!R$33+'December 2020'!R$33+'January 2021'!R$33 -> 33 | S34: ='November 2020'!S$33+'December 2020'!S$33+'January 2021'!S$33 -> 3 | T34: ='November 2020'!T$33+'December 2020'!T$33+'January 2021'!T$33 -> 7 | U34: ='November 2020'!U$33+'December 2020'!U$33+'January 2021'!U$33 -> 0 | ... AA34: ='November 2020'!AA$33+'December 2020'!AA$33+'January 2021'!AA$33 -> 43 | AB34: ='November 2020'!AB33+'December 2020'!AB33+'January 2021'!AB33 -> 403 | AC34: ='November 2020'!AC33+'December 2020'!AC33+'January 2021'!AC33 -> 36
E35: Season Total | I35: ='November 2020'!I$33+'December 2020'!I$33+'January 2021'!I$33+'February 2021'!I$33+'March 2021'!I$33+'April 2021'!I$33 -> 112.63333 | J35: ='November 2020'!J33+'December 2020'!J33+'January 2021'!J33+'February 2021'!J33+'March 2021'!J33+'April 2021'!J33 -> 474.1 | N35: ='November 2020'!N33+'December 2020'!N33+'January 2021'!N33+'February 2021'!N33+'March 2021'!N33+'April 2021'!N33 -> 271 | O35: ='November 2020'!O33+'December 2020'!O33+'January 2021'!O33+'February 2021'!O33+'March 2021'!O33+'April 2021'!O33 -> 139 | P35: ='November 2020'!P33+'December 2020'!P33+'January 2021'!P33+'February 2021'!P33+'March 2021'!P33+'April 2021'!P33 -> 11 | Q35: ='November 2020'!Q33+'December 2020'!Q33+'January 2021'!Q33+'February 2021'!Q33+'March 2021'!Q33+'April 2021'!Q33 -> 0 | R35: ='November 2020'!R33+'December 2020'!R33+'January 2021'!R33+'February 2021'!R33+'March 2021'!R33+'April 2021'!R33 -> 147 | S35: ='November 2020'!S33+'December 2020'!S33+'January 2021'!S33+'February 2021'!S33+'March 2021'!S33+'April 2021'!S33 -> 28 | T35: ='November 2020'!T33+'December 2020'!T33+'January 2021'!T33+'February 2021'!T33+'March 2021'!T33+'April 2021'!T33 -> 8 | U35: ='November 2020'!U33+'December 2020'!U33+'January 2021'!U33+'February 2021'!U33+'March 2021'!U33+'April 2021'!U33 -> 0 | ... AC35: ='November 2020'!AC33+'December 2020'!AC33+'January 2021'!AC33+'February 2021'!AC33+'March 2021'!AC33+'April 2021'!AC33 -> 191
E36: 2019-20 Total | N36: 811 | O36: 1180 | P36: 13 | Q36: 2 | R36: 386 | S36: 89 | T36: 35 | U36: 2 | V36: 0 | W36: 9 | X36: 7 | Y36: 28 | Z36: 2006 | AA36: 512 | AB36: 1991 | AC36: 475
E37: 2018-19 Total | N37: 90 | O37: 1134 | P37: 3 | Q37: 4 | R37: 124 | S37: 791 | T37: 6 | U37: 17 | V37: 6 | W37: 4 | X37: 24 | Y37: 7 | Z37: 1231 | AA37: 944 | AB37: 1224 | AC37: 921
E38: 2017-18 Total | N38: 135 | O38: 281 | P38: 7 | Q38: 10 | R38: 104 | S38: 165 | T38: 9 | U38: 7 | Z38: 433 | AA38: 297
E39: 2016-17 Total | Z39: 834 | AA39: 751 | AE39: ok
E40: 2015-16 Total | Z40: 688 | AA40: 1040
E41: 2014-15 Total | Z41: 695 | AA41: 750
E42: 2013-14 Total | Z42: 580 | AA42: 572

Sheet  sunrisesunset
A2: 2019 CIVIL TWILIGHT
B3: Jan. | D3: Feb. | F3: Mar. | H3: Apr. | J3: May | L3: June | N3: July | P3: Aug. | R3: Sept. | T3: Oct. | V3: Nov. | X3: Dec.
A4: Day | B4: Begin | C4: End | D4: Begin | E4: End | F4: Begin | G4: End | H4: Begin | I4: End | J4: Begin | K4: End | L4: Begin | M4: End | N4: Begin | O4: End | P4: Begin | Q4: End | R4: Begin | S4: End | T4: Begin | U4: End | V4: Begin | W4: End | X4: Begin | Y4: End
A5: 1 | B5: 717 | C5: 1712 | D5: 700 | E5: 1749 | F5: 619 | G5: 1827 | H5: 521 | I5: 1909 | J5: 426 | K5: 1950 | L5: 348 | M5: 2029 | N5: 348 | O5: 2041 | P5: 420 | Q5: 2013 | R5: 501 | S5: 1919 | T5: 539 | U5: 1821 | V5: 619 | W5: 1729 | X5: 657 | Y5: 1702
A6: 2 | B6: 717 | C6: 1713 | D6: 659 | E6: 1750 | F6: 618 | G6: 1829 | H6: 519 | I6: 1910 | J6: 425 | K6: 1952 | L6: 348 | M6: 2030 | N6: 349 | O6: 2041 | P6: 421 | Q6: 2011 | R6: 502 | S6: 1917 | T6: 540 | U6: 1819 | V6: 620 | W6: 1727 | X6: 658 | Y6: 1702
A7: 3 | B7: 717 | C7: 1714 | D7: 658 | E7: 1752 | F7: 616 | G7: 1830 | H7: 517 | I7: 1911 | J7: 423 | K7: 1953 | L7: 347 | M7: 2031 | N7: 349 | O7: 2040 | P7: 423 | Q7: 2010 | R7: 504 | S7: 1915 | T7: 542 | U7: 1817 | V7: 622 | W7: 1726 | X7: 659 | Y7: 1702
A8: 4 | B8: 717 | C8: 1715 | D8: 657 | E8: 1753 | F8: 614 | G8: 1831 | H8: 515 | I8: 1913 | J8: 421 | K8: 1954 | L8: 347 | M8: 2032 | N8: 350 | O8: 2040 | P8: 424 | Q8: 2008 | R8: 505 | S8: 1913 | T8: 543 | U8: 1815 | V8: 623 | W8: 1725 | X8: 700 | Y8: 1701
A9: 5 | B9: 717 | C9: 1716 | D9: 656 | E9: 1754 | F9: 612 | G9: 1833 | H9: 513 | I9: 1914 | J9: 420 | K9: 1956 | L9: 346 | M9: 2033 | N9: 351 | O9: 2039 | P9: 425 | Q9: 2007 | R9: 506 | S9: 1911 | T9: 544 | U9: 1813 | V9: 624 | W9: 1723 | X9: 701 | Y9: 1701
A10: 6 | B10: 717 | C10: 1717 | D10: 654 | E10: 1756 | F10: 611 | G10: 1834 | H10: 511 | I10: 1915 | J10: 418 | K10: 1957 | L10: 346 | M10: 2033 | N10: 352 | O10: 2039 | P10: 427 | Q10: 2005 | R10: 508 | S10: 1909 | T10: 545 | U10: 1811 | V10: 626 | W10: 1722 | X10: 702 | Y10: 1701
A11: 7 | B11: 716 | C11: 1718 | D11: 653 | E11: 1757 | F11: 609 | G11: 1835 | H11: 510 | I11: 1917 | J11: 417 | K11: 1959 | L11: 345 | M11: 2034 | N11: 352 | O11: 2038 | P11: 428 | Q11: 2004 | R11: 509 | S11: 1907 | T11: 547 | U11: 1809 | V11: 627 | W11: 1721 | X11: 703 | Y11: 1701
A12: 8 | B12: 716 | C12: 1719 | D12: 652 | E12: 1758 | F12: 607 | G12: 1837 | H12: 508 | I12: 1918 | J12: 415 | K12: 2000 | L12: 345 | M12: 2035 | N12: 353 | O12: 2038 | P12: 429 | Q12: 2002 | R12: 510 | S12: 1905 | T12: 548 | U12: 1807 | V12: 628 | W12: 1720 | X12: 704 | Y12: 1701
A13: 9 | B13: 716 | C13: 1720 | D13: 650 | E13: 1800 | F13: 605 | G13: 1838 | H13: 506 | I13: 1920 | J13: 414 | K13: 2001 | L13: 344 | M13: 2036 | N13: 354 | O13: 2037 | P13: 431 | Q13: 2001 | R13: 511 | S13: 1903 | T13: 549 | U13: 1806 | V13: 630 | W13: 1719 | X13: 705 | Y13: 1701
A14: 10 | B14: 716 | C14: 1721 | D14: 649 | E14: 1801 | F14: 603 | G14: 1839 | H14: 504 | I14: 1921 | J14: 412 | K14: 2003 | L14: 344 | M14: 2036 | N14: 355 | O14: 2037 | P14: 432 | Q14: 1959 | R14: 513 | S14: 1901 | T14: 551 | U14: 1804 | V14: 631 | W14: 1718 | X14: 706 | Y14: 1701
A15: 11 | B15: 715 | C15: 1722 | D15: 648 | E15: 1803 | F15: 601 | G15: 1841 | H15: 502 | I15: 1922 | J15: 411 | K15: 2004 | L15: 344 | M15: 2037 | N15: 356 | O15: 2036 | P15: 433 | Q15: 1957 | R15: 514 | S15: 1859 | T15: 552 | U15: 1802 | V15: 632 | W15: 1716 | X15: 706 | Y15: 1701
A16: 12 | B16: 715 | C16: 1723 | D16: 646 | E16: 1804 | F16: 600 | G16: 1842 | H16: 500 | I16: 1924 | J16: 409 | K16: 2005 | L16: 344 | M16: 2038 | N16: 357 | O16: 2035 | P16: 435 | Q16: 1956 | R16: 515 | S16: 1858 | T16: 553 | U16: 1800 | V16: 634 | W16: 1715 | X16: 707 | Y16: 1701
... A32: 28 | B32: 704 | C32: 1743 | D32: 621 | E32: 1826 | F32: 529 | G32: 1903 | H32: 431 | I32: 1946 | J32: 352 | K32: 2025 | L32: 346 | M32: 2041 | N32: 415 | O32: 2018 | P32: 456 | Q32: 1927 | R32: 535 | S32: 1826 | T32: 614 | U32: 1734 | V32: 653 | W32: 1703 | X32: 716 | Y32: 1708
A33: 29 | B33: 703 | C33: 1745 | D33: X | E33: X | F33: 527 | G33: 1905 | H33: 429 | I33: 1947 | J33: 351 | K33: 2026 | L33: 347 | M33: 2041 | N33: 416 | O33: 2017 | P33: 457 | Q33: 1925 | R33: 537 | S33: 1824 | T33: 615 | U33: 1733 | V33: 655 | W33: 1703 | X33: 716 | Y33: 1709
A34: 30 | B34: 702 | C34: 1746 | D34: X | E34: X | F34: 525 | G34: 1906 | H34: 428 | I34: 1949 | J34: 350 | K34: 2027 | L34: 347 | M34: 2041 | N34: 418 | O34: 2016 | P34: 459 | Q34: 1923 | R34: 538 | S34: 1822 | T34: 616 | U34: 1731 | V34: 656 | W34: 1703 | X34: 716 | Y34: 1710
A35: 31 | B35: 701 | C35: 1747 | D35: X | E35: X | F35: 523 | G35: 1907 | H35: X | I35: X | J35: 349 | K35: 2028 | L35: X | M35: X | N35: 419 | O35: 2014 | P35: 500 | Q35: 1921 | R35: X | S35: X | T35: 618 | U35: 1730 | V35: X | W35: X | X35: 717 | Y35: 1711
A37: 2020 CIVIL TWILIGHT
B38: Jan. | D38: Feb. | F38: Mar. | H38: Apr. | J38: May | L38: June | N38: July | P38: Aug. | R38: Sept. | T38: Oct. | V38: Nov. | X38: Dec.
A39: Day | B39: Begin | C39: End | D39: Begin | E39: End | F39: Begin | G39: End | H39: Begin | I39: End | J39: Begin | K39: End | L39: Begin | M39: End | N39: Begin | O39: End | P39: Begin | Q39: End | R39: Begin | S39: End | T39: Begin | U39: End | V39: Begin | W39: End | X39: Begin | Y39: End
A40: 1 | B40: 717 | C40: 1712 | D40: 700 | E40: 1748 | F40: 618 | G40: 1828 | H40: 520 | I40: 1910 | J40: 425 | K40: 1951 | L40: 348 | M40: 2030 | N40: 348 | O40: 2041 | P40: 421 | Q40: 2012 | R40: 502 | S40: 1918 | T40: 540 | U40: 1819 | V40: 620 | W40: 1728 | X40: 658 | Y40: 1702
A41: 2 | B41: 717 | C41: 1712 | D41: 659 | E41: 1750 | F41: 616 | G41: 1830 | H41: 518 | I41: 1911 | J41: 423 | K41: 1953 | L41: 347 | M41: 2031 | N41: 349 | O41: 2040 | P41: 422 | Q41: 2010 | R41: 503 | S41: 1916 | T41: 541 | U41: 1817 | V41: 621 | W41: 1726 | X41: 659 | Y41: 1702
A42: 3 | B42: 717 | C42: 1713 | D42: 658 | E42: 1751 | F42: 615 | G42: 1831 | H42: 516 | I42: 1912 | J42: 422 | K42: 1954 | L42: 347 | M42: 2032 | N42: 350 | O42: 2040 | P42: 424 | Q42: 2009 | R42: 505 | S42: 1914 | T42: 543 | U42: 1815 | V42: 623 | W42: 1725 | X42: 700 | Y42: 1701
A43: 4 | B43: 717 | C43: 1714 | D43: 657 | E43: 1753 | F43: 613 | G43: 1832 | H43: 514 | I43: 1914 | J43: 420 | K43: 1955 | L43: 346 | M43: 2032 | N43: 351 | O43: 2039 | P43: 425 | Q43: 2007 | R43: 506 | S43: 1912 | T43: 544 | U43: 1813 | V43: 624 | W43: 1724 | X43: 701 | Y43: 1701
A44: 5 | B44: 717 | C44: 1715 | D44: 656 | E44: 1754 | F44: 611 | G44: 1834 | H44: 512 | I44: 1915 | J44: 419 | K44: 1957 | L44: 346 | M44: 2033 | N44: 351 | O44: 2039 | P44: 426 | Q44: 2006 | R44: 507 | S44: 1910 | T44: 545 | U44: 1812 | V44: 625 | W44: 1722 | X44: 702 | Y44: 1701
A45: 6 | B45: 717 | C45: 1716 | D45: 655 | E45: 1755 | F45: 609 | G45: 1835 | H45: 510 | I45: 1917 | J45: 417 | K45: 1958 | L45: 345 | M45: 2034 | N45: 352 | O45: 2039 | P45: 428 | Q45: 2004 | R45: 509 | S45: 1908 | T45: 546 | U45: 1810 | V45: 627 | W45: 1721 | X45: 703 | Y45: 1701
A46: 7 | B46: 717 | C46: 1717 | D46: 653 | E46: 1757 | F46: 607 | G46: 1836 | H46: 508 | I46: 1918 | J46: 416 | K46: 2000 | L46: 345 | M46: 2035 | N46: 353 | O46: 2038 | P46: 429 | Q46: 2003 | R46: 510 | S46: 1906 | T46: 548 | U46: 1808 | V46: 628 | W46: 1720 | X46: 704 | Y46: 1701
A47: 8 | B47: 716 | C47: 1718 | D47: 652 | E47: 1758 | F47: 606 | G47: 1838 | H47: 506 | I47: 1919 | J47: 414 | K47: 2001 | L47: 345 | M47: 2036 | N47: 354 | O47: 2037 | P47: 430 | Q47: 2001 | R47: 511 | S47: 1904 | T47: 549 | U47: 1806 | V47: 629 | W47: 1719 | X47: 704 | Y47: 1701
A48: 9 | B48: 716 | C48: 1719 | D48: 651 | E48: 1759 | F48: 604 | G48: 1839 | H48: 504 | I48: 1921 | J48: 413 | K48: 2002 | L48: 344 | M48: 2036 | N48: 355 | O48: 2037 | P48: 432 | Q48: 1959 | R48: 512 | S48: 1902 | T48: 550 | U48: 1804 | V48: 631 | W48: 1718 | X48: 705 | Y48: 1701
A49: 10 | B49: 716 | C49: 1721 | D49: 649 | E49: 1801 | F49: 602 | G49: 1840 | H49: 502 | I49: 1922 | J49: 411 | K49: 2004 | L49: 344 | M49: 2037 | N49: 356 | O49: 2036 | P49: 433 | Q49: 1958 | R49: 514 | S49: 1900 | T49: 551 | U49: 1803 | V49: 632 | W49: 1717 | X49: 706 | Y49: 1701
A50: 11 | B50: 716 | C50: 1722 | D50: 648 | E50: 1802 | F50: 600 | G50: 1842 | H50: 500 | I50: 1923 | J50: 410 | K50: 2005 | L50: 344 | M50: 2037 | N50: 357 | O50: 2035 | P50: 434 | Q50: 1956 | R50: 515 | S50: 1858 | T50: 553 | U50: 1801 | V50: 633 | W50: 1716 | X50: 707 | Y50: 1701
A51: 12 | B51: 715 | C51: 1723 | D51: 647 | E51: 1804 | F51: 558 | G51: 1843 | H51: 459 | I51: 1925 | J51: 408 | K51: 2006 | L51: 344 | M51: 2038 | N51: 358 | O51: 2035 | P51: 436 | Q51: 1954 | R51: 516 | S51: 1856 | T51: 554 | U51: 1759 | V51: 635 | W51: 1715 | X51: 708 | Y51: 1701
... A68: 29 | B68: 704 | C68: 1744 | D68: 620 | E68: 1827 | F68: 526 | G68: 1906 | H68: 428 | I68: 1949 | J68: 350 | K68: 2027 | L68: 347 | M68: 2041 | N68: 417 | O68: 2016 | P68: 458 | Q68: 1923 | R68: 538 | S68: 1823 | T68: 616 | U68: 1732 | V68: 655 | W68: 1703 | X68: 716 | Y68: 1710
A69: 30 | B69: 703 | C69: 1746 | D69: x | E69: x | F69: 524 | G69: 1907 | H69: 427 | I69: 1950 | J69: 349 | K69: 2028 | L69: 348 | M69: 2041 | N69: 419 | O69: 2015 | P69: 500 | Q69: 1921 | R69: 539 | S69: 1821 | T69: 617 | U69: 1730 | V69: 656 | W69: 1702 | X69: 717 | Y69: 1711
A70: 31 | B70: 702 | C70: 1747 | D70: x | E70: x | F70: 522 | G70: 1908 | H70: x | I70: x | J70: 349 | K70: 2029 | L70: x | M70: x | N70: 420 | O70: 2013 | P70: 501 | Q70: 1919 | R70: x | S70: x | T70: 619 | U70: 1729 | V70: x | W70: x | X70: 717 | Y70: 1711
A73: 2020 SUNRISE/SUNSET
B74: Jan. | D74: Feb. | F74: Mar. | H74: Apr. | J74: May | L74: June | N74: July | P74: Aug. | R74: Sept. | T74: Oct. | V74: Nov. | X74: Dec.
A75: Day | B75: Begin | C75: End | D75: Begin | E75: End | F75: Begin | G75: End | H75: Begin | I75: End | J75: Begin | K75: End | L75: Begin | M75: End | N75: Begin | O75: End | P75: Begin | Q75: End | R75: Begin | S75: End | T75: Begin | U75: End | V75: Begin | W75: End | X75: Begin | Y75: End
A76: 1 | B76: 751 | C76: 1638 | D76: 732 | E76: 1717 | F76: 648 | G76: 1759 | H76: 550 | I76: 1840 | J76: 458 | K76: 1918 | L76: 425 | M76: 1953 | N76: 426 | O76: 2003 | P76: 455 | Q76: 1938 | R76: 533 | S76: 1847 | T76: 610 | U76: 1750 | V76: 651 | W76: 1657 | X76: 731 | Y76: 1628
A77: 2 | B77: 751 | C77: 1639 | D77: 731 | E77: 1718 | F77: 646 | G77: 1800 | H77: 548 | I77: 1841 | J77: 456 | K77: 1920 | L77: 424 | M77: 1954 | N77: 427 | O77: 2003 | P77: 456 | Q77: 1936 | R77: 534 | S77: 1845 | T77: 611 | U77: 1748 | V77: 652 | W77: 1655 | X77: 732 | Y77: 1628
A78: 3 | B78: 751 | C78: 1639 | D78: 730 | E78: 1720 | F78: 644 | G78: 1801 | H78: 546 | I78: 1842 | J78: 455 | K78: 1921 | L78: 424 | M78: 1954 | N78: 427 | O78: 2002 | P78: 458 | Q78: 1935 | R78: 535 | S78: 1843 | T78: 612 | U78: 1746 | V78: 654 | W78: 1654 | X78: 733 | Y78: 1628
A79: 4 | B79: 751 | C79: 1640 | D79: 728 | E79: 1721 | F79: 642 | G79: 1803 | H79: 544 | I79: 1844 | J79: 453 | K79: 1922 | L79: 423 | M79: 1955 | N79: 428 | O79: 2002 | P79: 459 | Q79: 1934 | R79: 536 | S79: 1841 | T79: 613 | U79: 1744 | V79: 655 | W79: 1653 | X79: 734 | Y79: 1628
A80: 5 | B80: 751 | C80: 1642 | D80: 727 | E80: 1723 | F80: 641 | G80: 1804 | H80: 542 | I80: 1845 | J80: 452 | K80: 1923 | L80: 423 | M80: 1956 | N80: 429 | O80: 2002 | P80: 500 | Q80: 1932 | R80: 538 | S80: 1840 | T80: 615 | U80: 1742 | V80: 657 | W80: 1651 | X80: 735 | Y80: 1627
A81: 6 | B81: 750 | C81: 1643 | D81: 726 | E81: 1724 | F81: 639 | G81: 1805 | H81: 540 | I81: 1846 | J81: 451 | K81: 1925 | L81: 423 | M81: 1957 | N81: 429 | O81: 2001 | P81: 501 | Q81: 1931 | R81: 539 | S81: 1838 | T81: 616 | U81: 1740 | V81: 658 | W81: 1650 | X81: 736 | Y81: 1627
A82: 7 | B82: 750 | C82: 1644 | D82: 724 | E82: 1726 | F82: 637 | G82: 1807 | H82: 538 | I82: 1847 | J82: 449 | K82: 1926 | L82: 422 | M82: 1957 | N82: 430 | O82: 2001 | P82: 502 | Q82: 1929 | R82: 540 | S82: 1836 | T82: 617 | U82: 1738 | V82: 659 | W82: 1649 | X82: 737 | Y82: 1627
A83: 8 | B83: 750 | C83: 1645 | D83: 723 | E83: 1727 | F83: 635 | G83: 1808 | H83: 537 | I83: 1849 | J83: 448 | K83: 1927 | L83: 422 | M83: 1958 | N83: 431 | O83: 2000 | P83: 504 | Q83: 1928 | R83: 541 | S83: 1834 | T83: 619 | U83: 1737 | V83: 701 | W83: 1647 | X83: 738 | Y83: 1627
A84: 9 | B84: 750 | C84: 1646 | D84: 722 | E84: 1728 | F84: 633 | G84: 1809 | H84: 535 | I84: 1850 | J84: 447 | K84: 1928 | L84: 422 | M84: 1958 | N84: 432 | O84: 2000 | P84: 505 | Q84: 1926 | R84: 543 | S84: 1832 | T84: 620 | U84: 1735 | V84: 702 | W84: 1646 | X84: 739 | Y84: 1627
A85: 10 | B85: 749 | C85: 1647 | D85: 720 | E85: 1730 | F85: 631 | G85: 1811 | H85: 533 | I85: 1851 | J85: 445 | K85: 1929 | L85: 422 | M85: 1959 | N85: 433 | O85: 1959 | P85: 506 | Q85: 1925 | R85: 544 | S85: 1830 | T85: 621 | U85: 1733 | V85: 704 | W85: 1645 | X85: 740 | Y85: 1627
A86: 11 | B86: 749 | C86: 1648 | D86: 719 | E86: 1731 | F86: 629 | G86: 1812 | H86: 531 | I86: 1853 | J86: 444 | K86: 1931 | L86: 421 | M86: 2000 | N86: 433 | O86: 1959 | P86: 507 | Q86: 1923 | R86: 545 | S86: 1828 | T86: 622 | U86: 1731 | V86: 705 | W86: 1644 | X86: 741 | Y86: 1627
A87: 12 | B87: 749 | C87: 1649 | D87: 717 | E87: 1733 | F87: 628 | G87: 1813 | H87: 529 | I87: 1854 | J87: 443 | K87: 1932 | L87: 421 | M87: 2000 | N87: 434 | O87: 1958 | P87: 508 | Q87: 1922 | R87: 546 | S87: 1826 | T87: 624 | U87: 1729 | V87: 706 | W87: 1643 | X87: 742 | Y87: 1627
... A104: 29 | B104: 735 | C104: 1712 | D104: 650 | E104: 1757 | F104: 555 | G104: 1836 | H104: 501 | I104: 1916 | J104: 427 | K104: 1950 | L104: 425 | M104: 2003 | N104: 452 | O104: 1942 | P104: 529 | Q104: 1853 | R104: 607 | S104: 1753 | T104: 647 | U104: 1701 | V104: 729 | W104: 1629 | X104: 751 | Y104: 1636
A105: 30 | B105: 734 | C105: 1714 | D105: X | E105: X | F105: 553 | G105: 1837 | H105: 459 | I105: 1917 | J105: 426 | K105: 1951 | L105: 426 | M105: 2003 | N105: 453 | O105: 1940 | P105: 530 | Q105: 1851 | R105: 608 | S105: 1752 | T105: 648 | U105: 1700 | V105: 730 | W105: 1629 | X105: 751 | Y105: 1636
A106: 31 | B106: 733 | C106: 1715 | D106: X | E106: X | F106: 552 | G106: 1838 | H106: X | I106: X | J106: 425 | K106: 1952 | L106: X | M106: X | N106: 454 | O106: 1939 | P106: 532 | Q106: 1849 | R106: X | S106: X | T106: 650 | U106: 1658 | V106: X | W106: X | X106: 751 | Y106: 1637

Sheet moon phases 2018
A1: Day Jan. Feb. Mar. Apr. May June July Aug. Sep. Oct. Nov. Dec. | B1: =IFERROR(__xludf.DUMMYFUNCTION("SPLIT(A1,"" "")"),"Day") -> Day | C1: =IFERROR(__xludf.DUMMYFUNCTION("""COMPUTED_VALUE"""),"Jan.") -> Jan. | D1: =IFERROR(__xludf.DUMMYFUNCTION("""COMPUTED_VALUE"""),"Feb.") -> Feb. | E1: =IFERROR(__xludf.DUMMYFUNCTION("""COMPUTED_VALUE"""),"Mar.") -> Mar. | F1: =IFERROR(__xludf.DUMMYFUNCTION("""COMPUTED_VALUE"""),"Apr.") -> Apr. | G1: =IFERROR(__xludf.DUMMYFUNCTION("""COMPUTED_VALUE"""),"May") -> May | H1: =IFERROR(__xludf.DUMMYFUNCTION("""COMPUTED_VALUE"""),"June") -> June | I1: =IFERROR(__xludf.DUMMYFUNCTION("""COMPUTED_VALUE"""),"July") -> July | J1: =IFERROR(__xludf.DUMMYFUNCTION("""COMPUTED_VALUE"""),"Aug.") -> Aug. | K1: =IFERROR(__xludf.DUMMYFUNCTION("""COMPUTED_VALUE"""),"Sep.") -> Sep. | L1: =IFERROR(__xludf.DUMMYFUNCTION("""COMPUTED_VALUE"""),"Oct.") -> Oct. | M1: =IFERROR(__xludf.DUMMYFUNCTION("""COMPUTED_VALUE"""),"Nov.") -> Nov. | N1: =IFERROR(__xludf.DUMMYFUNCTION("""COMPUTED_VALUE"""),"Dec.") -> Dec.
A2: 01 0.99 0.99 0.99 0.99 0.98 0.93 0.91 0.82 0.69 0.62 0.43 0.36 | B2: =IFERROR(__xludf.DUMMYFUNCTION("SPLIT(A2,"" "")"),1.0) -> 1 | C2: =IFERROR(__xludf.DUMMYFUNCTION("""COMPUTED_VALUE"""),0.99) -> 0.99 | D2: =IFERROR(__xludf.DUMMYFUNCTION("""COMPUTED_VALUE"""),0.99) -> 0.99 | E2: =IFERROR(__xludf.DUMMYFUNCTION("""COMPUTED_VALUE"""),0.99) -> 0.99 | F2: =IFERROR(__xludf.DUMMYFUNCTION("""COMPUTED_VALUE"""),0.99) -> 0.99 | G2: =IFERROR(__xludf.DUMMYFUNCTION("""COMPUTED_VALUE"""),0.98) -> 0.98 | H2: =IFERROR(__xludf.DUMMYFUNCTION("""COMPUTED_VALUE"""),0.93) -> 0.93 | I2: =IFERROR(__xludf.DUMMYFUNCTION("""COMPUTED_VALUE"""),0.91) -> 0.91 | J2: =IFERROR(__xludf.DUMMYFUNCTION("""COMPUTED_VALUE"""),0.82) -> 0.82 | K2: =IFERROR(__xludf.DUMMYFUNCTION("""COMPUTED_VALUE"""),0.69) -> 0.69 | L2: =IFERROR(__xludf.DUMMYFUNCTION("""COMPUTED_VALUE"""),0.62) -> 0.62 | M2: =IFERROR(__xludf.DUMMYFUNCTION("""COMPUTED_VALUE"""),0.43) -> 0.43 | N2: =IFERROR(__xludf.DUMMYFUNCTION("""COMPUTED_VALUE"""),0.36) -> 0.36
A3: 02 1.00 0.96 1.00 0.96 0.95 0.88 0.85 0.74 0.59 0.51 0.32 0.25 | B3: =IFERROR(__xludf.DUMMYFUNCTION("SPLIT(A3,"" "")"),2.0) -> 2 | C3: =IFERROR(__xludf.DUMMYFUNCTION("""COMPUTED_VALUE"""),1.0) -> 1 | D3: =IFERROR(__xludf.DUMMYFUNCTION("""COMPUTED_VALUE"""),0.96) -> 0.96 | E3: =IFERROR(__xludf.DUMMYFUNCTION("""COMPUTED_VALUE"""),1.0) -> 1 | F3: =IFERROR(__xludf.DUMMYFUNCTION("""COMPUTED_VALUE"""),0.96) -> 0.96 | G3: =IFERROR(__xludf.DUMMYFUNCTION("""COMPUTED_VALUE"""),0.95) -> 0.95 | H3: =IFERROR(__xludf.DUMMYFUNCTION("""COMPUTED_VALUE"""),0.88) -> 0.88 | I3: =IFERROR(__xludf.DUMMYFUNCTION("""COMPUTED_VALUE"""),0.85) -> 0.85 | J3: =IFERROR(__xludf.DUMMYFUNCTION("""COMPUTED_VALUE"""),0.74) -> 0.74 | K3: =IFERROR(__xludf.DUMMYFUNCTION("""COMPUTED_VALUE"""),0.59) -> 0.59 | L3: =IFERROR(__xludf.DUMMYFUNCTION("""COMPUTED_VALUE"""),0.51) -> 0.51 | M3: =IFERROR(__xludf.DUMMYFUNCTION("""COMPUTED_VALUE"""),0.32) -> 0.32 | N3: =IFERROR(__xludf.DUMMYFUNCTION("""COMPUTED_VALUE"""),0.25) -> 0.25
A4: 03 0.98 0.90 0.98 0.91 0.89 0.81 0.78 0.65 0.48 0.40 0.22 0.17 | B4: =IFERROR(__xludf.DUMMYFUNCTION("SPLIT(A4,"" "")"),3.0) -> 3 | C4: =IFERROR(__xludf.DUMMYFUNCTION("""COMPUTED_VALUE"""),0.98) -> 0.98 | D4: =IFERROR(__xludf.DUMMYFUNCTION("""COMPUTED_VALUE"""),0.9) -> 0.9 | E4: =IFERROR(__xludf.DUMMYFUNCTION("""COMPUTED_VALUE"""),0.98) -> 0.98 | F4: =IFERROR(__xludf.DUMMYFUNCTION("""COMPUTED_VALUE"""),0.91) -> 0.91 | G4: =IFERROR(__xludf.DUMMYFUNCTION("""COMPUTED_VALUE"""),0.89) -> 0.89 | H4: =IFERROR(__xludf.DUMMYFUNCTION("""COMPUTED_VALUE"""),0.81) -> 0.81 | I4: =IFERROR(__xludf.DUMMYFUNCTION("""COMPUTED_VALUE"""),0.78) -> 0.78 | J4: =IFERROR(__xludf.DUMMYFUNCTION("""COMPUTED_VALUE"""),0.65) -> 0.65 | K4: =IFERROR(__xludf.DUMMYFUNCTION("""COMPUTED_VALUE"""),0.48) -> 0.48 | L4: =IFERROR(__xludf.DUMMYFUNCTION("""COMPUTED_VALUE"""),0.4) -> 0.4 | M4: =IFERROR(__xludf.DUMMYFUNCTION("""COMPUTED_VALUE"""),0.22) -> 0.22 | N4: =IFERROR(__xludf.DUMMYFUNCTION("""COMPUTED_VALUE"""),0.17) -> 0.17
A5: 04 0.93 0.82 0.93 0.85 0.83 0.73 0.70 0.55 0.36 0.29 0.13 0.09 | B5: =IFERROR(__xludf.DUMMYFUNCTION("SPLIT(A5,"" "")"),4.0) -> 4 | C5: =IFERROR(__xludf.DUMMYFUNCTION("""COMPUTED_VALUE"""),0.93) -> 0.93 | D5: =IFERROR(__xludf.DUMMYFUNCTION("""COMPUTED_VALUE"""),0.82) -> 0.82 | E5: =IFERROR(__xludf.DUMMYFUNCTION("""COMPUTED_VALUE"""),0.93) -> 0.93 | F5: =IFERROR(__xludf.DUMMYFUNCTION("""COMPUTED_VALUE"""),0.85) -> 0.85 | G5: =IFERROR(__xludf.DUMMYFUNCTION("""COMPUTED_VALUE"""),0.83) -> 0.83 | H5: =IFERROR(__xludf.DUMMYFUNCTION("""COMPUTED_VALUE"""),0.73) -> 0.73 | I5: =IFERROR(__xludf.DUMMYFUNCTION("""COMPUTED_VALUE"""),0.7) -> 0.7 | J5: =IFERROR(__xludf.DUMMYFUNCTION("""COMPUTED_VALUE"""),0.55) -> 0.55 | K5: =IFERROR(__xludf.DUMMYFUNCTION("""COMPUTED_VALUE"""),0.36) -> 0.36 | L5: =IFERROR(__xludf.DUMMYFUNCTION("""COMPUTED_VALUE"""),0.29) -> 0.29 | M5: =IFERROR(__xludf.DUMMYFUNCTION("""COMPUTED_VALUE"""),0.13) -> 0.13 | N5: =IFERROR(__xludf.DUMMYFUNCTION("""COMPUTED_VALUE"""),0.09) -> 0.09
A6: 05 0.85 0.73 0.87 0.77 0.75 0.64 0.60 0.44 0.26 0.19 0.07 0.04 | B6: =IFERROR(__xludf.DUMMYFUNCTION("SPLIT(A6,"" "")"),5.0) -> 5 | C6: =IFERROR(__xludf.DUMMYFUNCTION("""COMPUTED_VALUE"""),0.85) -> 0.85 | D6: =IFERROR(__xludf.DUMMYFUNCTION("""COMPUTED_VALUE"""),0.73) -> 0.73 | E6: =IFERROR(__xludf.DUMMYFUNCTION("""COMPUTED_VALUE"""),0.87) -> 0.87 | F6: =IFERROR(__xludf.DUMMYFUNCTION("""COMPUTED_VALUE"""),0.77) -> 0.77 | G6: =IFERROR(__xludf.DUMMYFUNCTION("""COMPUTED_VALUE"""),0.75) -> 0.75 | H6: =IFERROR(__xludf.DUMMYFUNCTION("""COMPUTED_VALUE"""),0.64) -> 0.64 | I6: =IFERROR(__xludf.DUMMYFUNCTION("""COMPUTED_VALUE"""),0.6) -> 0.6 | J6: =IFERROR(__xludf.DUMMYFUNCTION("""COMPUTED_VALUE"""),0.44) -> 0.44 | K6: =IFERROR(__xludf.DUMMYFUNCTION("""COMPUTED_VALUE"""),0.26) -> 0.26 | L6: =IFERROR(__xludf.DUMMYFUNCTION("""COMPUTED_VALUE"""),0.19) -> 0.19 | M6: =IFERROR(__xludf.DUMMYFUNCTION("""COMPUTED_VALUE"""),0.07) -> 0.07 | N6: =IFERROR(__xludf.DUMMYFUNCTION("""COMPUTED_VALUE"""),0.04) -> 0.04
A7: 06 0.77 0.63 0.79 0.68 0.66 0.54 0.50 0.33 0.16 0.11 0.02 0.01 | B7: =IFERROR(__xludf.DUMMYFUNCTION("SPLIT(A7,"" "")"),6.0) -> 6 | C7: =IFERROR(__xludf.DUMMYFUNCTION("""COMPUTED_VALUE"""),0.77) -> 0.77 | D7: =IFERROR(__xludf.DUMMYFUNCTION("""COMPUTED_VALUE"""),0.63) -> 0.63 | E7: =IFERROR(__xludf.DUMMYFUNCTION("""COMPUTED_VALUE"""),0.79) -> 0.79 | F7: =IFERROR(__xludf.DUMMYFUNCTION("""COMPUTED_VALUE"""),0.68) -> 0.68 | G7: =IFERROR(__xludf.DUMMYFUNCTION("""COMPUTED_VALUE"""),0.66) -> 0.66 | H7: =IFERROR(__xludf.DUMMYFUNCTION("""COMPUTED_VALUE"""),0.54) -> 0.54 | I7: =IFERROR(__xludf.DUMMYFUNCTION("""COMPUTED_VALUE"""),0.5) -> 0.5 | J7: =IFERROR(__xludf.DUMMYFUNCTION("""COMPUTED_VALUE"""),0.33) -> 0.33 | K7: =IFERROR(__xludf.DUMMYFUNCTION("""COMPUTED_VALUE"""),0.16) -> 0.16 | L7: =IFERROR(__xludf.DUMMYFUNCTION("""COMPUTED_VALUE"""),0.11) -> 0.11 | M7: =IFERROR(__xludf.DUMMYFUNCTION("""COMPUTED_VALUE"""),0.02) -> 0.02 | N7: =IFERROR(__xludf.DUMMYFUNCTION("""COMPUTED_VALUE"""),0.01) -> 0.01
A8: 07 0.67 0.53 0.70 0.59 0.57 0.45 0.40 0.23 0.08 0.05 0.00 0.00 | B8: =IFERROR(__xludf.DUMMYFUNCTION("SPLIT(A8,"" "")"),7.0) -> 7 | C8: =IFERROR(__xludf.DUMMYFUNCTION("""COMPUTED_VALUE"""),0.67) -> 0.67 | D8: =IFERROR(__xludf.DUMMYFUNCTION("""COMPUTED_VALUE"""),0.53) -> 0.53 | E8: =IFERROR(__xludf.DUMMYFUNCTION("""COMPUTED_VALUE"""),0.7) -> 0.7 | F8: =IFERROR(__xludf.DUMMYFUNCTION("""COMPUTED_VALUE"""),0.59) -> 0.59 | G8: =IFERROR(__xludf.DUMMYFUNCTION("""COMPUTED_VALUE"""),0.57) -> 0.57 | H8: =IFERROR(__xludf.DUMMYFUNCTION("""COMPUTED_VALUE"""),0.45) -> 0.45 | I8: =IFERROR(__xludf.DUMMYFUNCTION("""COMPUTED_VALUE"""),0.4) -> 0.4 | J8: =IFERROR(__xludf.DUMMYFUNCTION("""COMPUTED_VALUE"""),0.23) -> 0.23 | K8: =IFERROR(__xludf.DUMMYFUNCTION("""COMPUTED_VALUE"""),0.08) -> 0.08 | L8: =IFERROR(__xludf.DUMMYFUNCTION("""COMPUTED_VALUE"""),0.05) -> 0.05 | M8: =IFERROR(__xludf.DUMMYFUNCTION("""COMPUTED_VALUE"""),0.0) -> 0 | N8: =IFERROR(__xludf.DUMMYFUNCTION("""COMPUTED_VALUE"""),0.0) -> 0
A9: 08 0.56 0.44 0.61 0.50 0.48 0.35 0.29 0.14 0.03 0.01 0.01 0.01 | B9: =IFERROR(__xludf.DUMMYFUNCTION("SPLIT(A9,"" "")"),8.0) -> 8 | C9: =IFERROR(__xludf.DUMMYFUNCTION("""COMPUTED_VALUE"""),0.56) -> 0.56 | D9: =IFERROR(__xludf.DUMMYFUNCTION("""COMPUTED_VALUE"""),0.44) -> 0.44 | E9: =IFERROR(__xludf.DUMMYFUNCTION("""COMPUTED_VALUE"""),0.61) -> 0.61 | F9: =IFERROR(__xludf.DUMMYFUNCTION("""COMPUTED_VALUE"""),0.5) -> 0.5 | G9: =IFERROR(__xludf.DUMMYFUNCTION("""COMPUTED_VALUE"""),0.48) -> 0.48 | H9: =IFERROR(__xludf.DUMMYFUNCTION("""COMPUTED_VALUE"""),0.35) -> 0.35 | I9: =IFERROR(__xludf.DUMMYFUNCTION("""COMPUTED_VALUE"""),0.29) -> 0.29 | J9: =IFERROR(__xludf.DUMMYFUNCTION("""COMPUTED_VALUE"""),0.14) -> 0.14 | K9: =IFERROR(__xludf.DUMMYFUNCTION("""COMPUTED_VALUE"""),0.03) -> 0.03 | L9: =IFERROR(__xludf.DUMMYFUNCTION("""COMPUTED_VALUE"""),0.01) -> 0.01 | M9: =IFERROR(__xludf.DUMMYFUNCTION("""COMPUTED_VALUE"""),0.01) -> 0.01 | N9: =IFERROR(__xludf.DUMMYFUNCTION("""COMPUTED_VALUE"""),0.01) -> 0.01
A10: 09 0.46 0.34 0.51 0.40 0.38 0.25 0.20 0.06 0.00 0.00 0.03 0.04 | B10: =IFERROR(__xludf.DUMMYFUNCTION("SPLIT(A10,"" "")"),9.0) -> 9 | C10: =IFERROR(__xludf.DUMMYFUNCTION("""COMPUTED_VALUE"""),0.46) -> 0.46 | D10: =IFERROR(__xludf.DUMMYFUNCTION("""COMPUTED_VALUE"""),0.34) -> 0.34 | E10: =IFERROR(__xludf.DUMMYFUNCTION("""COMPUTED_VALUE"""),0.51) -> 0.51 | F10: =IFERROR(__xludf.DUMMYFUNCTION("""COMPUTED_VALUE"""),0.4) -> 0.4 | G10: =IFERROR(__xludf.DUMMYFUNCTION("""COMPUTED_VALUE"""),0.38) -> 0.38 | H10: =IFERROR(__xludf.DUMMYFUNCTION("""COMPUTED_VALUE"""),0.25) -> 0.25 | I10: =IFERROR(__xludf.DUMMYFUNCTION("""COMPUTED_VALUE"""),0.2) -> 0.2 | J10: =IFERROR(__xludf.DUMMYFUNCTION("""COMPUTED_VALUE"""),0.06) -> 0.06 | K10: =IFERROR(__xludf.DUMMYFUNCTION("""COMPUTED_VALUE"""),0.0) -> 0 | L10: =IFERROR(__xludf.DUMMYFUNCTION("""COMPUTED_VALUE"""),0.0) -> 0 | M10: =IFERROR(__xludf.DUMMYFUNCTION("""COMPUTED_VALUE"""),0.03) -> 0.03 | N10: =IFERROR(__xludf.DUMMYFUNCTION("""COMPUTED_VALUE"""),0.04) -> 0.04
A11: 10 0.36 0.26 0.42 0.31 0.29 0.16 0.11 0.02 0.01 0.02 0.08 0.09 | B11: =IFERROR(__xludf.DUMMYFUNCTION("SPLIT(A11,"" "")"),10.0) -> 10 | C11: =IFERROR(__xludf.DUMMYFUNCTION("""COMPUTED_VALUE"""),0.36) -> 0.36 | D11: =IFERROR(__xludf.DUMMYFUNCTION("""COMPUTED_VALUE"""),0.26) -> 0.26 | E11: =IFERROR(__xludf.DUMMYFUNCTION("""COMPUTED_VALUE"""),0.42) -> 0.42 | F11: =IFERROR(__xludf.DUMMYFUNCTION("""COMPUTED_VALUE"""),0.31) -> 0.31 | G11: =IFERROR(__xludf.DUMMYFUNCTION("""COMPUTED_VALUE"""),0.29) -> 0.29 | H11: =IFERROR(__xludf.DUMMYFUNCTION("""COMPUTED_VALUE"""),0.16) -> 0.16 | I11: =IFERROR(__xludf.DUMMYFUNCTION("""COMPUTED_VALUE"""),0.11) -> 0.11 | J11: =IFERROR(__xludf.DUMMYFUNCTION("""COMPUTED_VALUE"""),0.02) -> 0.02 | K11: =IFERROR(__xludf.DUMMYFUNCTION("""COMPUTED_VALUE"""),0.01) -> 0.01 | L11: =IFERROR(__xludf.DUMMYFUNCTION("""COMPUTED_VALUE"""),0.02) -> 0.02 | M11: =IFERROR(__xludf.DUMMYFUNCTION("""COMPUTED_VALUE"""),0.08) -> 0.08 | N11: =IFERROR(__xludf.DUMMYFUNCTION("""COMPUTED_VALUE"""),0.09) -> 0.09
A12: 11 0.27 0.18 0.33 0.23 0.20 0.09 0.05 0.00 0.04 0.06 0.14 0.15 | B12: =IFERROR(__xludf.DUMMYFUNCTION("SPLIT(A12,"" "")"),11.0) -> 11 | C12: =IFERROR(__xludf.DUMMYFUNCTION("""COMPUTED_VALUE"""),0.27) -> 0.27 | D12: =IFERROR(__xludf.DUMMYFUNCTION("""COMPUTED_VALUE"""),0.18) -> 0.18 | E12: =IFERROR(__xludf.DUMMYFUNCTION("""COMPUTED_VALUE"""),0.33) -> 0.33 | F12: =IFERROR(__xludf.DUMMYFUNCTION("""COMPUTED_VALUE"""),0.23) -> 0.23 | G12: =IFERROR(__xludf.DUMMYFUNCTION("""COMPUTED_VALUE"""),0.2) -> 0.2 | H12: =IFERROR(__xludf.DUMMYFUNCTION("""COMPUTED_VALUE"""),0.09) -> 0.09 | I12: =IFERROR(__xludf.DUMMYFUNCTION("""COMPUTED_VALUE"""),0.05) -> 0.05 | J12: =IFERROR(__xludf.DUMMYFUNCTION("""COMPUTED_VALUE"""),0.0) -> 0 | K12: =IFERROR(__xludf.DUMMYFUNCTION("""COMPUTED_VALUE"""),0.04) -> 0.04 | L12: =IFERROR(__xludf.DUMMYFUNCTION("""COMPUTED_VALUE"""),0.06) -> 0.06 | M12: =IFERROR(__xludf.DUMMYFUNCTION("""COMPUTED_VALUE"""),0.14) -> 0.14 | N12: =IFERROR(__xludf.DUMMYFUNCTION("""COMPUTED_VALUE"""),0.15) -> 0.15
A13: 12 0.19 0.11 0.24 0.15 0.12 0.03 0.01 0.01 0.09 0.12 0.21 0.22 | B13: =IFERROR(__xludf.DUMMYFUNCTION("SPLIT(A13,"" "")"),12.0) -> 12 | C13: =IFERROR(__xludf.DUMMYFUNCTION("""COMPUTED_VALUE"""),0.19) -> 0.19 | D13: =IFERROR(__xludf.DUMMYFUNCTION("""COMPUTED_VALUE"""),0.11) -> 0.11 | E13: =IFERROR(__xludf.DUMMYFUNCTION("""COMPUTED_VALUE"""),0.24) -> 0.24 | F13: =IFERROR(__xludf.DUMMYFUNCTION("""COMPUTED_VALUE"""),0.15) -> 0.15 | G13: =IFERROR(__xludf.DUMMYFUNCTION("""COMPUTED_VALUE"""),0.12) -> 0.12 | H13: =IFERROR(__xludf.DUMMYFUNCTION("""COMPUTED_VALUE"""),0.03) -> 0.03 | I13: =IFERROR(__xludf.DUMMYFUNCTION("""COMPUTED_VALUE"""),0.01) -> 0.01 | J13: =IFERROR(__xludf.DUMMYFUNCTION("""COMPUTED_VALUE"""),0.01) -> 0.01 | K13: =IFERROR(__xludf.DUMMYFUNCTION("""COMPUTED_VALUE"""),0.09) -> 0.09 | L13: =IFERROR(__xludf.DUMMYFUNCTION("""COMPUTED_VALUE"""),0.12) -> 0.12 | M13: =IFERROR(__xludf.DUMMYFUNCTION("""COMPUTED_VALUE"""),0.21) -> 0.21 | N13: =IFERROR(__xludf.DUMMYFUNCTION("""COMPUTED_VALUE"""),0.22) -> 0.22
A14: 13 0.12 0.06 0.17 0.09 0.06 0.00 0.00 0.05 0.16 0.19 0.29 0.30 | B14: =IFERROR(__xludf.DUMMYFUNCTION("SPLIT(A14,"" "")"),13.0) -> 13 | C14: =IFERROR(__xludf.DUMMYFUNCTION("""COMPUTED_VALUE"""),0.12) -> 0.12 | D14: =IFERROR(__xludf.DUMMYFUNCTION("""COMPUTED_VALUE"""),0.06) -> 0.06 | E14: =IFERROR(__xludf.DUMMYFUNCTION("""COMPUTED_VALUE"""),0.17) -> 0.17 | F14: =IFERROR(__xludf.DUMMYFUNCTION("""COMPUTED_VALUE"""),0.09) -> 0.09 | G14: =IFERROR(__xludf.DUMMYFUNCTION("""COMPUTED_VALUE"""),0.06) -> 0.06 | H14: =IFERROR(__xludf.DUMMYFUNCTION("""COMPUTED_VALUE"""),0.0) -> 0 | I14: =IFERROR(__xludf.DUMMYFUNCTION("""COMPUTED_VALUE"""),0.0) -> 0 | J14: =IFERROR(__xludf.DUMMYFUNCTION("""COMPUTED_VALUE"""),0.05) -> 0.05 | K14: =IFERROR(__xludf.DUMMYFUNCTION("""COMPUTED_VALUE"""),0.16) -> 0.16 | L14: =IFERROR(__xludf.DUMMYFUNCTION("""COMPUTED_VALUE"""),0.19) -> 0.19 | M14: =IFERROR(__xludf.DUMMYFUNCTION("""COMPUTED_VALUE"""),0.29) -> 0.29 | N14: =IFERROR(__xludf.DUMMYFUNCTION("""COMPUTED_VALUE"""),0.3) -> 0.3
A15: 14 0.07 0.02 0.10 0.04 0.02 0.00 0.02 0.12 0.25 0.28 0.38 0.39 | B15: =IFERROR(__xludf.DUMMYFUNCTION("SPLIT(A15,"" "")"),14.0) -> 14 | C15: =IFERROR(__xludf.DUMMYFUNCTION("""COMPUTED_VALUE"""),0.07) -> 0.07 | D15: =IFERROR(__xludf.DUMMYFUNCTION("""COMPUTED_VALUE"""),0.02) -> 0.02 | E15: =IFERROR(__xludf.DUMMYFUNCTION("""COMPUTED_VALUE"""),0.1) -> 0.1 | F15: =IFERROR(__xludf.DUMMYFUNCTION("""COMPUTED_VALUE"""),0.04) -> 0.04 | G15: =IFERROR(__xludf.DUMMYFUNCTION("""COMPUTED_VALUE"""),0.02) -> 0.02 | H15: =IFERROR(__xludf.DUMMYFUNCTION("""COMPUTED_VALUE"""),0.0) -> 0 | I15: =IFERROR(__xludf.DUMMYFUNCTION("""COMPUTED_VALUE"""),0.02) -> 0.02 | J15: =IFERROR(__xludf.DUMMYFUNCTION("""COMPUTED_VALUE"""),0.12) -> 0.12 | K15: =IFERROR(__xludf.DUMMYFUNCTION("""COMPUTED_VALUE"""),0.25) -> 0.25 | L15: =IFERROR(__xludf.DUMMYFUNCTION("""COMPUTED_VALUE"""),0.28) -> 0.28 | M15: =IFERROR(__xludf.DUMMYFUNCTION("""COMPUTED_VALUE"""),0.38) -> 0.38 | N15: =IFERROR(__xludf.DUMMYFUNCTION("""COMPUTED_VALUE"""),0.39) -> 0.39
A16: 15 0.03 0.00 0.05 0.01 0.00 0.03 0.07 0.20 0.34 0.37 0.47 0.49 | B16: =IFERROR(__xludf.DUMMYFUNCTION("SPLIT(A16,"" "")"),15.0) -> 15 | C16: =IFERROR(__xludf.DUMMYFUNCTION("""COMPUTED_VALUE"""),0.03) -> 0.03 | D16: =IFERROR(__xludf.DUMMYFUNCTION("""COMPUTED_VALUE"""),0.0) -> 0 | E16: =IFERROR(__xludf.DUMMYFUNCTION("""COMPUTED_VALUE"""),0.05) -> 0.05 | F16: =IFERROR(__xludf.DUMMYFUNCTION("""COMPUTED_VALUE"""),0.01) -> 0.01 | G16: =IFERROR(__xludf.DUMMYFUNCTION("""COMPUTED_VALUE"""),0.0) -> 0 | H16: =IFERROR(__xludf.DUMMYFUNCTION("""COMPUTED_VALUE"""),0.03) -> 0.03 | I16: =IFERROR(__xludf.DUMMYFUNCTION("""COMPUTED_VALUE"""),0.07) -> 0.07 | J16: =IFERROR(__xludf.DUMMYFUNCTION("""COMPUTED_VALUE"""),0.2) -> 0.2 | K16: =IFERROR(__xludf.DUMMYFUNCTION("""COMPUTED_VALUE"""),0.34) -> 0.34 | L16: =IFERROR(__xludf.DUMMYFUNCTION("""COMPUTED_VALUE"""),0.37) -> 0.37 | M16: =IFERROR(__xludf.DUMMYFUNCTION("""COMPUTED_VALUE"""),0.47) -> 0.47 | N16: =IFERROR(__xludf.DUMMYFUNCTION("""COMPUTED_VALUE"""),0.49) -> 0.49
A17: 16 0.01 0.00 0.02 0.00 0.01 0.09 0.15 0.30 0.44 0.46 0.57 0.58 | B17: =IFERROR(__xludf.DUMMYFUNCTION("SPLIT(A17,"" "")"),16.0) -> 16 | C17: =IFERROR(__xludf.DUMMYFUNCTION("""COMPUTED_VALUE"""),0.01) -> 0.01 | D17: =IFERROR(__xludf.DUMMYFUNCTION("""COMPUTED_VALUE"""),0.0) -> 0 | E17: =IFERROR(__xludf.DUMMYFUNCTION("""COMPUTED_VALUE"""),0.02) -> 0.02 | F17: =IFERROR(__xludf.DUMMYFUNCTION("""COMPUTED_VALUE"""),0.0) -> 0 | G17: =IFERROR(__xludf.DUMMYFUNCTION("""COMPUTED_VALUE"""),0.01) -> 0.01 | H17: =IFERROR(__xludf.DUMMYFUNCTION("""COMPUTED_VALUE"""),0.09) -> 0.09 | I17: =IFERROR(__xludf.DUMMYFUNCTION("""COMPUTED_VALUE"""),0.15) -> 0.15 | J17: =IFERROR(__xludf.DUMMYFUNCTION("""COMPUTED_VALUE"""),0.3) -> 0.3 | K17: =IFERROR(__xludf.DUMMYFUNCTION("""COMPUTED_VALUE"""),0.44) -> 0.44 | L17: =IFERROR(__xludf.DUMMYFUNCTION("""COMPUTED_VALUE"""),0.46) -> 0.46 | M17: =IFERROR(__xludf.DUMMYFUNCTION("""COMPUTED_VALUE"""),0.57) -> 0.57 | N17: =IFERROR(__xludf.DUMMYFUNCTION("""COMPUTED_VALUE"""),0.58) -> 0.58
A18: 17 0.00 0.02 0.00 0.02 0.05 0.17 0.24 0.40 0.54 0.56 0.66 0.68 | B18: =IFERROR(__xludf.DUMMYFUNCTION("SPLIT(A18,"" "")"),17.0) -> 17 | C18: =IFERROR(__xludf.DUMMYFUNCTION("""COMPUTED_VALUE"""),0.0) -> 0 | D18: =IFERROR(__xludf.DUMMYFUNCTION("""COMPUTED_VALUE"""),0.02) -> 0.02 | E18: =IFERROR(__xludf.DUMMYFUNCTION("""COMPUTED_VALUE"""),0.0) -> 0 | F18: =IFERROR(__xludf.DUMMYFUNCTION("""COMPUTED_VALUE"""),0.02) -> 0.02 | G18: =IFERROR(__xludf.DUMMYFUNCTION("""COMPUTED_VALUE"""),0.05) -> 0.05 | H18: =IFERROR(__xludf.DUMMYFUNCTION("""COMPUTED_VALUE"""),0.17) -> 0.17 | I18: =IFERROR(__xludf.DUMMYFUNCTION("""COMPUTED_VALUE"""),0.24) -> 0.24 | J18: =IFERROR(__xludf.DUMMYFUNCTION("""COMPUTED_VALUE"""),0.4) -> 0.4 | K18: =IFERROR(__xludf.DUMMYFUNCTION("""COMPUTED_VALUE"""),0.54) -> 0.54 | L18: =IFERROR(__xludf.DUMMYFUNCTION("""COMPUTED_VALUE"""),0.56) -> 0.56 | M18: =IFERROR(__xludf.DUMMYFUNCTION("""COMPUTED_VALUE"""),0.66) -> 0.66 | N18: =IFERROR(__xludf.DUMMYFUNCTION("""COMPUTED_VALUE"""),0.68) -> 0.68
A19: 18 0.01 0.06 0.01 0.07 0.11 0.27 0.34 0.50 0.63 0.65 0.75 0.77 | B19: =IFERROR(__xludf.DUMMYFUNCTION("SPLIT(A19,"" "")"),18.0) -> 18 | C19: =IFERROR(__xludf.DUMMYFUNCTION("""COMPUTED_VALUE"""),0.01) -> 0.01 | D19: =IFERROR(__xludf.DUMMYFUNCTION("""COMPUTED_VALUE"""),0.06) -> 0.06 | E19: =IFERROR(__xludf.DUMMYFUNCTION("""COMPUTED_VALUE"""),0.01) -> 0.01 | F19: =IFERROR(__xludf.DUMMYFUNCTION("""COMPUTED_VALUE"""),0.07) -> 0.07 | G19: =IFERROR(__xludf.DUMMYFUNCTION("""COMPUTED_VALUE"""),0.11) -> 0.11 | H19: =IFERROR(__xludf.DUMMYFUNCTION("""COMPUTED_VALUE"""),0.27) -> 0.27 | I19: =IFERROR(__xludf.DUMMYFUNCTION("""COMPUTED_VALUE"""),0.34) -> 0.34 | J19: =IFERROR(__xludf.DUMMYFUNCTION("""COMPUTED_VALUE"""),0.5) -> 0.5 | K19: =IFERROR(__xludf.DUMMYFUNCTION("""COMPUTED_VALUE"""),0.63) -> 0.63 | L19: =IFERROR(__xludf.DUMMYFUNCTION("""COMPUTED_VALUE"""),0.65) -> 0.65 | M19: =IFERROR(__xludf.DUMMYFUNCTION("""COMPUTED_VALUE"""),0.75) -> 0.75 | N19: =IFERROR(__xludf.DUMMYFUNCTION("""COMPUTED_VALUE"""),0.77) -> 0.77
A20: 19 0.05 0.12 0.04 0.13 0.20 0.38 0.45 0.60 0.72 0.74 0.83 0.85 | B20: =IFERROR(__xludf.DUMMYFUNCTION("SPLIT(A20,"" "")"),19.0) -> 19 | C20: =IFERROR(__xludf.DUMMYFUNCTION("""COMPUTED_VALUE"""),0.05) -> 0.05 | D20: =IFERROR(__xludf.DUMMYFUNCTION("""COMPUTED_VALUE"""),0.12) -> 0.12 | E20: =IFERROR(__xludf.DUMMYFUNCTION("""COMPUTED_VALUE"""),0.04) -> 0.04 | F20: =IFERROR(__xludf.DUMMYFUNCTION("""COMPUTED_VALUE"""),0.13) -> 0.13 | G20: =IFERROR(__xludf.DUMMYFUNCTION("""COMPUTED_VALUE"""),0.2) -> 0.2 | H20: =IFERROR(__xludf.DUMMYFUNCTION("""COMPUTED_VALUE"""),0.38) -> 0.38 | I20: =IFERROR(__xludf.DUMMYFUNCTION("""COMPUTED_VALUE"""),0.45) -> 0.45 | J20: =IFERROR(__xludf.DUMMYFUNCTION("""COMPUTED_VALUE"""),0.6) -> 0.6 | K20: =IFERROR(__xludf.DUMMYFUNCTION("""COMPUTED_VALUE"""),0.72) -> 0.72 | L20: =IFERROR(__xludf.DUMMYFUNCTION("""COMPUTED_VALUE"""),0.74) -> 0.74 | M20: =IFERROR(__xludf.DUMMYFUNCTION("""COMPUTED_VALUE"""),0.83) -> 0.83 | N20: =IFERROR(__xludf.DUMMYFUNCTION("""COMPUTED_VALUE"""),0.85) -> 0.85
A21: 20 0.09 0.20 0.09 0.22 0.30 0.49 0.55 0.69 0.80 0.81 0.90 0.92 | B21: =IFERROR(__xludf.DUMMYFUNCTION("SPLIT(A21,"" "")"),20.0) -> 20 | C21: =IFERROR(__xludf.DUMMYFUNCTION("""COMPUTED_VALUE"""),0.09) -> 0.09 | D21: =IFERROR(__xludf.DUMMYFUNCTION("""COMPUTED_VALUE"""),0.2) -> 0.2 | E21: =IFERROR(__xludf.DUMMYFUNCTION("""COMPUTED_VALUE"""),0.09) -> 0.09 | F21: =IFERROR(__xludf.DUMMYFUNCTION("""COMPUTED_VALUE"""),0.22) -> 0.22 | G21: =IFERROR(__xludf.DUMMYFUNCTION("""COMPUTED_VALUE"""),0.3) -> 0.3 | H21: =IFERROR(__xludf.DUMMYFUNCTION("""COMPUTED_VALUE"""),0.49) -> 0.49 | I21: =IFERROR(__xludf.DUMMYFUNCTION("""COMPUTED_VALUE"""),0.55) -> 0.55 | J21: =IFERROR(__xludf.DUMMYFUNCTION("""COMPUTED_VALUE"""),0.69) -> 0.69 | K21: =IFERROR(__xludf.DUMMYFUNCTION("""COMPUTED_VALUE"""),0.8) -> 0.8 | L21: =IFERROR(__xludf.DUMMYFUNCTION("""COMPUTED_VALUE"""),0.81) -> 0.81 | M21: =IFERROR(__xludf.DUMMYFUNCTION("""COMPUTED_VALUE"""),0.9) -> 0.9 | N21: =IFERROR(__xludf.DUMMYFUNCTION("""COMPUTED_VALUE"""),0.92) -> 0.92
A22: 21 0.16 0.29 0.16 0.32 0.41 0.60 0.65 0.78 0.87 0.88 0.95 0.97 | B22: =IFERROR(__xludf.DUMMYFUNCTION("SPLIT(A22,"" "")"),21.0) -> 21 | C22: =IFERROR(__xludf.DUMMYFUNCTION("""COMPUTED_VALUE"""),0.16) -> 0.16 | D22: =IFERROR(__xludf.DUMMYFUNCTION("""COMPUTED_VALUE"""),0.29) -> 0.29 | E22: =IFERROR(__xludf.DUMMYFUNCTION("""COMPUTED_VALUE"""),0.16) -> 0.16 | F22: =IFERROR(__xludf.DUMMYFUNCTION("""COMPUTED_VALUE"""),0.32) -> 0.32 | G22: =IFERROR(__xludf.DUMMYFUNCTION("""COMPUTED_VALUE"""),0.41) -> 0.41 | H22: =IFERROR(__xludf.DUMMYFUNCTION("""COMPUTED_VALUE"""),0.6) -> 0.6 | I22: =IFERROR(__xludf.DUMMYFUNCTION("""COMPUTED_VALUE"""),0.65) -> 0.65 | J22: =IFERROR(__xludf.DUMMYFUNCTION("""COMPUTED_VALUE"""),0.78) -> 0.78 | K22: =IFERROR(__xludf.DUMMYFUNCTION("""COMPUTED_VALUE"""),0.87) -> 0.87 | L22: =IFERROR(__xludf.DUMMYFUNCTION("""COMPUTED_VALUE"""),0.88) -> 0.88 | M22: =IFERROR(__xludf.DUMMYFUNCTION("""COMPUTED_VALUE"""),0.95) -> 0.95 | N22: =IFERROR(__xludf.DUMMYFUNCTION("""COMPUTED_VALUE"""),0.97) -> 0.97
A23: 22 0.24 0.39 0.25 0.44 0.52 0.70 0.75 0.85 0.93 0.94 0.99 1.00 | B23: =IFERROR(__xludf.DUMMYFUNCTION("SPLIT(A23,"" "")"),22.0) -> 22 | C23: =IFERROR(__xludf.DUMMYFUNCTION("""COMPUTED_VALUE"""),0.24) -> 0.24 | D23: =IFERROR(__xludf.DUMMYFUNCTION("""COMPUTED_VALUE"""),0.39) -> 0.39 | E23: =IFERROR(__xludf.DUMMYFUNCTION("""COMPUTED_VALUE"""),0.25) -> 0.25 | F23: =IFERROR(__xludf.DUMMYFUNCTION("""COMPUTED_VALUE"""),0.44) -> 0.44 | G23: =IFERROR(__xludf.DUMMYFUNCTION("""COMPUTED_VALUE"""),0.52) -> 0.52 | H23: =IFERROR(__xludf.DUMMYFUNCTION("""COMPUTED_VALUE"""),0.7) -> 0.7 | I23: =IFERROR(__xludf.DUMMYFUNCTION("""COMPUTED_VALUE"""),0.75) -> 0.75 | J23: =IFERROR(__xludf.DUMMYFUNCTION("""COMPUTED_VALUE"""),0.85) -> 0.85 | K23: =IFERROR(__xludf.DUMMYFUNCTION("""COMPUTED_VALUE"""),0.93) -> 0.93 | L23: =IFERROR(__xludf.DUMMYFUNCTION("""COMPUTED_VALUE"""),0.94) -> 0.94 | M23: =IFERROR(__xludf.DUMMYFUNCTION("""COMPUTED_VALUE"""),0.99) -> 0.99 | N23: =IFERROR(__xludf.DUMMYFUNCTION("""COMPUTED_VALUE"""),1.0) -> 1
A24: 23 0.33 0.50 0.35 0.55 0.63 0.79 0.83 0.91 0.97 0.98 1.00 0.99 | B24: =IFERROR(__xludf.DUMMYFUNCTION("SPLIT(A24,"" "")"),23.0) -> 23 | C24: =IFERROR(__xludf.DUMMYFUNCTION("""COMPUTED_VALUE"""),0.33) -> 0.33 | D24: =IFERROR(__xludf.DUMMYFUNCTION("""COMPUTED_VALUE"""),0.5) -> 0.5 | E24: =IFERROR(__xludf.DUMMYFUNCTION("""COMPUTED_VALUE"""),0.35) -> 0.35 | F24: =IFERROR(__xludf.DUMMYFUNCTION("""COMPUTED_VALUE"""),0.55) -> 0.55 | G24: =IFERROR(__xludf.DUMMYFUNCTION("""COMPUTED_VALUE"""),0.63) -> 0.63 | H24: =IFERROR(__xludf.DUMMYFUNCTION("""COMPUTED_VALUE"""),0.79) -> 0.79 | I24: =IFERROR(__xludf.DUMMYFUNCTION("""COMPUTED_VALUE"""),0.83) -> 0.83 | J24: =IFERROR(__xludf.DUMMYFUNCTION("""COMPUTED_VALUE"""),0.91) -> 0.91 | K24: =IFERROR(__xludf.DUMMYFUNCTION("""COMPUTED_VALUE"""),0.97) -> 0.97 | L24: =IFERROR(__xludf.DUMMYFUNCTION("""COMPUTED_VALUE"""),0.98) -> 0.98 | M24: =IFERROR(__xludf.DUMMYFUNCTION("""COMPUTED_VALUE"""),1.0) -> 1 | N24: =IFERROR(__xludf.DUMMYFUNCTION("""COMPUTED_VALUE"""),0.99) -> 0.99
A25: 24 0.44 0.61 0.47 0.66 0.73 0.86 0.89 0.96 0.99 1.00 0.98 0.96 | B25: =IFERROR(__xludf.DUMMYFUNCTION("SPLIT(A25,"" "")"),24.0) -> 24 | C25: =IFERROR(__xludf.DUMMYFUNCTION("""COMPUTED_VALUE"""),0.44) -> 0.44 | D25: =IFERROR(__xludf.DUMMYFUNCTION("""COMPUTED_VALUE"""),0.61) -> 0.61 | E25: =IFERROR(__xludf.DUMMYFUNCTION("""COMPUTED_VALUE"""),0.47) -> 0.47 | F25: =IFERROR(__xludf.DUMMYFUNCTION("""COMPUTED_VALUE"""),0.66) -> 0.66 | G25: =IFERROR(__xludf.DUMMYFUNCTION("""COMPUTED_VALUE"""),0.73) -> 0.73 | H25: =IFERROR(__xludf.DUMMYFUNCTION("""COMPUTED_VALUE"""),0.86) -> 0.86 | I25: =IFERROR(__xludf.DUMMYFUNCTION("""COMPUTED_VALUE"""),0.89) -> 0.89 | J25: =IFERROR(__xludf.DUMMYFUNCTION("""COMPUTED_VALUE"""),0.96) -> 0.96 | K25: =IFERROR(__xludf.DUMMYFUNCTION("""COMPUTED_VALUE"""),0.99) -> 0.99 | L25: =IFERROR(__xludf.DUMMYFUNCTION("""COMPUTED_VALUE"""),1.0) -> 1 | M25: =IFERROR(__xludf.DUMMYFUNCTION("""COMPUTED_VALUE"""),0.98) -> 0.98 | N25: =IFERROR(__xludf.DUMMYFUNCTION("""COMPUTED_VALUE"""),0.96) -> 0.96
A26: 25 0.55 0.72 0.58 0.76 0.82 0.92 0.94 0.99 1.00 0.99 0.94 0.91 | B26: =IFERROR(__xludf.DUMMYFUNCTION("SPLIT(A26,"" "")"),25.0) -> 25 | C26: =IFERROR(__xludf.DUMMYFUNCTION("""COMPUTED_VALUE"""),0.55) -> 0.55 | D26: =IFERROR(__xludf.DUMMYFUNCTION("""COMPUTED_VALUE"""),0.72) -> 0.72 | E26: =IFERROR(__xludf.DUMMYFUNCTION("""COMPUTED_VALUE"""),0.58) -> 0.58 | F26: =IFERROR(__xludf.DUMMYFUNCTION("""COMPUTED_VALUE"""),0.76) -> 0.76 | G26: =IFERROR(__xludf.DUMMYFUNCTION("""COMPUTED_VALUE"""),0.82) -> 0.82 | H26: =IFERROR(__xludf.DUMMYFUNCTION("""COMPUTED_VALUE"""),0.92) -> 0.92 | I26: =IFERROR(__xludf.DUMMYFUNCTION("""COMPUTED_VALUE"""),0.94) -> 0.94 | J26: =IFERROR(__xludf.DUMMYFUNCTION("""COMPUTED_VALUE"""),0.99) -> 0.99 | K26: =IFERROR(__xludf.DUMMYFUNCTION("""COMPUTED_VALUE"""),1.0) -> 1 | L26: =IFERROR(__xludf.DUMMYFUNCTION("""COMPUTED_VALUE"""),0.99) -> 0.99 | M26: =IFERROR(__xludf.DUMMYFUNCTION("""COMPUTED_VALUE"""),0.94) -> 0.94 | N26: =IFERROR(__xludf.DUMMYFUNCTION("""COMPUTED_VALUE"""),0.91) -> 0.91
A27: 26 0.65 0.82 0.69 0.85 0.89 0.97 0.98 1.00 0.98 0.97 0.88 0.82 | B27: =IFERROR(__xludf.DUMMYFUNCTION("SPLIT(A27,"" "")"),26.0) -> 26 | C27: =IFERROR(__xludf.DUMMYFUNCTION("""COMPUTED_VALUE"""),0.65) -> 0.65 | D27: =IFERROR(__xludf.DUMMYFUNCTION("""COMPUTED_VALUE"""),0.82) -> 0.82 | E27: =IFERROR(__xludf.DUMMYFUNCTION("""COMPUTED_VALUE"""),0.69) -> 0.69 | F27: =IFERROR(__xludf.DUMMYFUNCTION("""COMPUTED_VALUE"""),0.85) -> 0.85 | G27: =IFERROR(__xludf.DUMMYFUNCTION("""COMPUTED_VALUE"""),0.89) -> 0.89 | H27: =IFERROR(__xludf.DUMMYFUNCTION("""COMPUTED_VALUE"""),0.97) -> 0.97 | I27: =IFERROR(__xludf.DUMMYFUNCTION("""COMPUTED_VALUE"""),0.98) -> 0.98 | J27: =IFERROR(__xludf.DUMMYFUNCTION("""COMPUTED_VALUE"""),1.0) -> 1 | K27: =IFERROR(__xludf.DUMMYFUNCTION("""COMPUTED_VALUE"""),0.98) -> 0.98 | L27: =IFERROR(__xludf.DUMMYFUNCTION("""COMPUTED_VALUE"""),0.97) -> 0.97 | M27: =IFERROR(__xludf.DUMMYFUNCTION("""COMPUTED_VALUE"""),0.88) -> 0.88 | N27: =IFERROR(__xludf.DUMMYFUNCTION("""COMPUTED_VALUE"""),0.82) -> 0.82
A28: 27 0.76 0.90 0.79 0.92 0.95 0.99 1.00 0.99 0.95 0.92 0.79 0.73 | B28: =IFERROR(__xludf.DUMMYFUNCTION("SPLIT(A28,"" "")"),27.0) -> 27 | C28: =IFERROR(__xludf.DUMMYFUNCTION("""COMPUTED_VALUE"""),0.76) -> 0.76 | D28: =IFERROR(__xludf.DUMMYFUNCTION("""COMPUTED_VALUE"""),0.9) -> 0.9 | E28: =IFERROR(__xludf.DUMMYFUNCTION("""COMPUTED_VALUE"""),0.79) -> 0.79 | F28: =IFERROR(__xludf.DUMMYFUNCTION("""COMPUTED_VALUE"""),0.92) -> 0.92 | G28: =IFERROR(__xludf.DUMMYFUNCTION("""COMPUTED_VALUE"""),0.95) -> 0.95 | H28: =IFERROR(__xludf.DUMMYFUNCTION("""COMPUTED_VALUE"""),0.99) -> 0.99 | I28: =IFERROR(__xludf.DUMMYFUNCTION("""COMPUTED_VALUE"""),1.0) -> 1 | J28: =IFERROR(__xludf.DUMMYFUNCTION("""COMPUTED_VALUE"""),0.99) -> 0.99 | K28: =IFERROR(__xludf.DUMMYFUNCTION("""COMPUTED_VALUE"""),0.95) -> 0.95 | L28: =IFERROR(__xludf.DUMMYFUNCTION("""COMPUTED_VALUE"""),0.92) -> 0.92 | M28: =IFERROR(__xludf.DUMMYFUNCTION("""COMPUTED_VALUE"""),0.79) -> 0.79 | N28: =IFERROR(__xludf.DUMMYFUNCTION("""COMPUTED_VALUE"""),0.73) -> 0.73
A29: 28 0.85 0.96 0.88 0.97 0.98 1.00 1.00 0.97 0.89 0.85 0.69 0.62 | B29: =IFERROR(__xludf.DUMMYFUNCTION("SPLIT(A29,"" "")"),28.0) -> 28 | C29: =IFERROR(__xludf.DUMMYFUNCTION("""COMPUTED_VALUE"""),0.85) -> 0.85 | D29: =IFERROR(__xludf.DUMMYFUNCTION("""COMPUTED_VALUE"""),0.96) -> 0.96 | E29: =IFERROR(__xludf.DUMMYFUNCTION("""COMPUTED_VALUE"""),0.88) -> 0.88 | F29: =IFERROR(__xludf.DUMMYFUNCTION("""COMPUTED_VALUE"""),0.97) -> 0.97 | G29: =IFERROR(__xludf.DUMMYFUNCTION("""COMPUTED_VALUE"""),0.98) -> 0.98 | H29: =IFERROR(__xludf.DUMMYFUNCTION("""COMPUTED_VALUE"""),1.0) -> 1 | I29: =IFERROR(__xludf.DUMMYFUNCTION("""COMPUTED_VALUE"""),1.0) -> 1 | J29: =IFERROR(__xludf.DUMMYFUNCTION("""COMPUTED_VALUE"""),0.97) -> 0.97 | K29: =IFERROR(__xludf.DUMMYFUNCTION("""COMPUTED_VALUE"""),0.89) -> 0.89 | L29: =IFERROR(__xludf.DUMMYFUNCTION("""COMPUTED_VALUE"""),0.85) -> 0.85 | M29: =IFERROR(__xludf.DUMMYFUNCTION("""COMPUTED_VALUE"""),0.69) -> 0.69 | N29: =IFERROR(__xludf.DUMMYFUNCTION("""COMPUTED_VALUE"""),0.62) -> 0.62
A30: 29 0.93 x 0.94 0.99 1.00 0.99 0.98 0.92 0.82 0.76 0.58 0.51 | B30: =IFERROR(__xludf.DUMMYFUNCTION("SPLIT(A30,"" "")"),29.0) -> 29 | C30: =IFERROR(__xludf.DUMMYFUNCTION("""COMPUTED_VALUE"""),0.93) -> 0.93 | D30: =IFERROR(__xludf.DUMMYFUNCTION("""COMPUTED_VALUE"""),"x") -> x | E30: =IFERROR(__xludf.DUMMYFUNCTION("""COMPUTED_VALUE"""),0.94) -> 0.94 | F30: =IFERROR(__xludf.DUMMYFUNCTION("""COMPUTED_VALUE"""),0.99) -> 0.99 | G30: =IFERROR(__xludf.DUMMYFUNCTION("""COMPUTED_VALUE"""),1.0) -> 1 | H30: =IFERROR(__xludf.DUMMYFUNCTION("""COMPUTED_VALUE"""),0.99) -> 0.99 | I30: =IFERROR(__xludf.DUMMYFUNCTION("""COMPUTED_VALUE"""),0.98) -> 0.98 | J30: =IFERROR(__xludf.DUMMYFUNCTION("""COMPUTED_VALUE"""),0.92) -> 0.92 | K30: =IFERROR(__xludf.DUMMYFUNCTION("""COMPUTED_VALUE"""),0.82) -> 0.82 | L30: =IFERROR(__xludf.DUMMYFUNCTION("""COMPUTED_VALUE"""),0.76) -> 0.76 | M30: =IFERROR(__xludf.DUMMYFUNCTION("""COMPUTED_VALUE"""),0.58) -> 0.58 | N30: =IFERROR(__xludf.DUMMYFUNCTION("""COMPUTED_VALUE"""),0.51) -> 0.51
A31: 30 0.98 x 0.98 1.00 0.99 0.96 0.94 0.86 0.72 0.65 0.47 0.40 | B31: =IFERROR(__xludf.DUMMYFUNCTION("SPLIT(A31,"" "")"),30.0) -> 30 | C31: =IFERROR(__xludf.DUMMYFUNCTION("""COMPUTED_VALUE"""),0.98) -> 0.98 | D31: =IFERROR(__xludf.DUMMYFUNCTION("""COMPUTED_VALUE"""),"x") -> x | E31: =IFERROR(__xludf.DUMMYFUNCTION("""COMPUTED_VALUE"""),0.98) -> 0.98 | F31: =IFERROR(__xludf.DUMMYFUNCTION("""COMPUTED_VALUE"""),1.0) -> 1 | G31: =IFERROR(__xludf.DUMMYFUNCTION("""COMPUTED_VALUE"""),0.99) -> 0.99 | H31: =IFERROR(__xludf.DUMMYFUNCTION("""COMPUTED_VALUE"""),0.96) -> 0.96 | I31: =IFERROR(__xludf.DUMMYFUNCTION("""COMPUTED_VALUE"""),0.94) -> 0.94 | J31: =IFERROR(__xludf.DUMMYFUNCTION("""COMPUTED_VALUE"""),0.86) -> 0.86 | K31: =IFERROR(__xludf.DUMMYFUNCTION("""COMPUTED_VALUE"""),0.72) -> 0.72 | L31: =IFERROR(__xludf.DUMMYFUNCTION("""COMPUTED_VALUE"""),0.65) -> 0.65 | M31: =IFERROR(__xludf.DUMMYFUNCTION("""COMPUTED_VALUE"""),0.47) -> 0.47 | N31: =IFERROR(__xludf.DUMMYFUNCTION("""COMPUTED_VALUE"""),0.4) -> 0.4
A32: 31 1.00 x 1.00 x 0.97 x 0.89 0.78 x 0.54 x 0.30 | B32: =IFERROR(__xludf.DUMMYFUNCTION("SPLIT(A32,"" "")"),31.0) -> 31 | C32: =IFERROR(__xludf.DUMMYFUNCTION("""COMPUTED_VALUE"""),1.0) -> 1 | D32: =IFERROR(__xludf.DUMMYFUNCTION("""COMPUTED_VALUE"""),"x") -> x | E32: =IFERROR(__xludf.DUMMYFUNCTION("""COMPUTED_VALUE"""),1.0) -> 1 | F32: =IFERROR(__xludf.DUMMYFUNCTION("""COMPUTED_VALUE"""),"x") -> x | G32: =IFERROR(__xludf.DUMMYFUNCTION("""COMPUTED_VALUE"""),0.97) -> 0.97 | H32: =IFERROR(__xludf.DUMMYFUNCTION("""COMPUTED_VALUE"""),"x") -> x | I32: =IFERROR(__xludf.DUMMYFUNCTION("""COMPUTED_VALUE"""),0.89) -> 0.89 | J32: =IFERROR(__xludf.DUMMYFUNCTION("""COMPUTED_VALUE"""),0.78) -> 0.78 | K32: =IFERROR(__xludf.DUMMYFUNCTION("""COMPUTED_VALUE"""),"x") -> x | L32: =IFERROR(__xludf.DUMMYFUNCTION("""COMPUTED_VALUE"""),0.54) -> 0.54 | M32: =IFERROR(__xludf.DUMMYFUNCTION("""COMPUTED_VALUE"""),"x") -> x | N32: =IFERROR(__xludf.DUMMYFUNCTION("""COMPUTED_VALUE"""),0.3) -> 0.3

Sheet moon phases 2019
A1: Day Jan. Feb. Mar. Apr. May June July Aug. Sep. Oct. Nov. Dec. | B1: =IFERROR(__xludf.DUMMYFUNCTION("split(A1,"" "")"),"Day") -> Day | C1: =IFERROR(__xludf.DUMMYFUNCTION("""COMPUTED_VALUE"""),"Jan.") -> Jan. | D1: =IFERROR(__xludf.DUMMYFUNCTION("""COMPUTED_VALUE"""),"Feb.") -> Feb. | E1: =IFERROR(__xludf.DUMMYFUNCTION("""COMPUTED_VALUE"""),"Mar.") -> Mar. | F1: =IFERROR(__xludf.DUMMYFUNCTION("""COMPUTED_VALUE"""),"Apr.") -> Apr. | G1: =IFERROR(__xludf.DUMMYFUNCTION("""COMPUTED_VALUE"""),"May") -> May | H1: =IFERROR(__xludf.DUMMYFUNCTION("""COMPUTED_VALUE"""),"June") -> June | I1: =IFERROR(__xludf.DUMMYFUNCTION("""COMPUTED_VALUE"""),"July") -> July | J1: =IFERROR(__xludf.DUMMYFUNCTION("""COMPUTED_VALUE"""),"Aug.") -> Aug. | K1: =IFERROR(__xludf.DUMMYFUNCTION("""COMPUTED_VALUE"""),"Sep.") -> Sep. | L1: =IFERROR(__xludf.DUMMYFUNCTION("""COMPUTED_VALUE"""),"Oct.") -> Oct. | M1: =IFERROR(__xludf.DUMMYFUNCTION("""COMPUTED_VALUE"""),"Nov.") -> Nov. | N1: =IFERROR(__xludf.DUMMYFUNCTION("""COMPUTED_VALUE"""),"Dec.") -> Dec.
A2: 01 0.09 0.20 0.09 0.23 0.31 0.48 0.53 0.66 0.77 0.79 0.89 0.92 | B2: 1 | C2: 0.21 | D2: 0.21 | E2: 0.21 | F2: 0.15 | G2: 0.13 | H2: 0.05 | I2: 0.03 | J2: 0 | K2: 0.06 | L2: 0.1 | M2: 0.21 | N2: 0.23
A3: 02 0.16 0.30 0.17 0.34 0.42 0.58 0.63 0.75 0.85 0.87 0.95 0.97 | B3: 2 | C3: 0.13 | D3: 0.13 | E3: 0.13 | F3: 0.09 | G3: 0.07 | H3: 0.02 | I3: 0 | J3: 0.02 | K3: 0.12 | L3: 0.17 | M3: 0.3 | N3: 0.32
A4: 03 0.24 0.41 0.26 0.45 0.52 0.68 0.72 0.82 0.91 0.93 0.99 1.00 | B4: 3 | C4: 0.07 | D4: 0.07 | E4: 0.07 | F4: 0.04 | G4: 0.03 | H4: 0 | I4: 0 | J4: 0.07 | K4: 0.21 | L4: 0.26 | M4: 0.39 | N4: 0.41
A5: 04 0.34 0.52 0.37 0.56 0.63 0.77 0.80 0.89 0.96 0.97 1.00 0.99 | B5: 4 | C5: 0.03 | D5: 0.03 | E5: 0.03 | F5: 0.01 | G5: 0.01 | H5: 0.01 | I5: 0.03 | J5: 0.15 | K5: 0.31 | L5: 0.36 | M5: 0.49 | N5: 0.51
A6: 05 0.45 0.63 0.48 0.67 0.73 0.85 0.87 0.94 0.99 1.00 0.98 0.96 | B6: 5 | C6: 0.01 | D6: 0.01 | E6: 0.01 | F6: 0 | G6: 0 | H6: 0.05 | I6: 0.09 | J6: 0.24 | K6: 0.42 | L6: 0.46 | M6: 0.59 | N6: 0.6
A7: 06 0.56 0.74 0.60 0.77 0.81 0.91 0.93 0.98 1.00 0.99 0.93 0.90 | B7: 6 | C7: 0 | D7: 0 | E7: 0 | F7: 0.01 | G7: 0.02 | H7: 0.11 | I7: 0.17 | J7: 0.35 | K7: 0.52 | L7: 0.56 | M7: 0.68 | N7: 0.69
A8: 07 0.67 0.83 0.71 0.85 0.88 0.95 0.97 1.00 0.99 0.97 0.86 0.81 | B8: 7 | C8: 0.01 | D8: 0.01 | E8: 0.01 | F8: 0.04 | G8: 0.06 | H8: 0.19 | I8: 0.27 | J8: 0.46 | K8: 0.62 | L8: 0.66 | M8: 0.76 | N8: 0.77
A9: 08 0.77 0.91 0.80 0.92 0.94 0.98 0.99 1.00 0.95 0.91 0.77 0.71 | B9: 8 | C9: 0.05 | D9: 0.05 | E9: 0.05 | F9: 0.09 | G9: 0.13 | H9: 0.29 | I9: 0.37 | J9: 0.57 | K9: 0.72 | L9: 0.75 | M9: 0.84 | N9: 0.85
A10: 09 0.86 0.96 0.88 0.96 0.98 1.00 1.00 0.97 0.89 0.84 0.67 0.61 | B10: 9 | C10: 0.09 | D10: 0.09 | E10: 0.09 | F10: 0.16 | G10: 0.21 | H10: 0.4 | I10: 0.49 | J10: 0.67 | K10: 0.8 | L10: 0.82 | M10: 0.9 | N10: 0.91
A11: 10 0.93 0.99 0.94 0.99 1.00 0.99 0.99 0.93 0.81 0.74 0.56 0.50 | B11: 10 | C11: 0.16 | D11: 0.16 | E11: 0.16 | F11: 0.24 | G11: 0.31 | H11: 0.51 | I11: 0.6 | J11: 0.76 | K11: 0.87 | L11: 0.89 | M11: 0.95 | N11: 0.96
A12: 11 0.98 1.00 0.98 1.00 1.00 0.97 0.96 0.87 0.72 0.64 0.45 0.40 | B12: 11 | C12: 0.23 | D12: 0.23 | E12: 0.23 | F12: 0.34 | G12: 0.42 | H12: 0.62 | I12: 0.7 | J12: 0.84 | K12: 0.93 | L12: 0.94 | M12: 0.98 | N12: 0.99
A13: 12 1.00 0.98 1.00 0.99 0.98 0.93 0.91 0.79 0.61 0.52 0.34 0.30 | B13: 12 | C13: 0.31 | D13: 0.31 | E13: 0.31 | F13: 0.45 | G13: 0.53 | H13: 0.73 | I13: 0.8 | J13: 0.91 | K13: 0.97 | L13: 0.98 | M13: 1 | N13: 1
... A31: 30 0.06 x 0.07 0.20 0.27 0.43 0.47 0.59 0.71 0.73 0.85 0.89 | B31: 30 | C31: 0.26 | D31: 0.26 | E31: 0.26 | F31: 0.2 | G31: 0.18 | H31: 0.08 | I31: 0.05 | J31: 0 | K31: 0.04 | L31: 0.06 | M31: 0.15 | N31: 0.17
A32: 31 0.12 x 0.14 x 0.37 x 0.57 0.69 x 0.82 x 0.95 | B32: 31 | C32: 0.18 | D32: 0.18 | E32: 0.18 | F32: X | G32: 0.11 | H32: X | I32: 0.01 | J32: 0.01 | K32: X | L32: 0.13 | M32: X | N32: 0.24

Sheet column labels
A1: nov | B1: dec | C1: jan | D1: feb | E1: mar | F1: apr
A2: Date | B2: Date | C2: Date | D2: Date | E2: Date | F2: Date | G2: Date
A3: Sunset | B3: Sunset | C3: Sunset | D3: Sunset | E3: Sunset | F3: Sunset | G3: Sunset
A4: Civil Twilight | B4: Civil Twilight | C4: Civil Twilight | D4: Civil Twilight | E4: Civil Twilight | F4: Civil Twilight | G4: Civil Twilight
A5: Captain | B5: Captain | C5: Captain | D5: Captain | E5: Captain | F5: Captain | G5: Captain
A6: Monitored (Y/N) | B6: Monitored (Y/N) | C6: Monitored (Y/N) | D6: Monitored (Y/N) | E6: Monitored (Y/N) | F6: Monitored (Y/N) | G6: Monitored (Y/N)
A7: Start time | B7: Start time | C7: Start time | D7: Start time | E7: Start time | F7: Start time | G7: Start time
A8: End time | B8: End time | C8: End time | D8: End time | E8: End time | F8: End time | G8: End time
A9: Hours | B9: Hours | C9: Hours | D9: Hours monitored | E9: Hours monitored | F9: Hours monitored | G9: Hours
A10: Team Hrs. | B10: Team Hrs. | C10: Team Hrs. | D10: Team Hrs. | E10: Team Hrs. | F10: Team Hrs. | G10: Team Hrs.
A11: Start Temp | B11: Start Temp | C11: Start Temp. | D11: Start Temp | E11: Start temp | F11: Start temp | G11: Start Temp
A12: End Temp | B12: End Temp | C12: End Temp | D12: End Temp | E12: End temp | F12: End temp | G12: End Temp
A13: Weather | B13: Weather | C13: Weather | D13: Weather | E13: Weather | F13: Weather | G13: Weather
A14: Females assisted down | B14: Females assisted down | C14: Females assisted down | D14: Females assisted down | E14: Females assisted down | F14: Females assisted down | G14: Females assisted down
A15: Males assisted down | B15: Males assisted down | C15: Males assisted down | D15: Males assisted down | E15: Males assisted down | F15: Males assisted down | G15: Males assisted down | H15: NOV_F_A_DN | I15: DEC_F_A_DN | J15: JAN_F_A_DN | K15: FEB_F_A_DN | L15: MAR_F_A_DN | M15: =IFERROR(__xludf.DUMMYFUNCTION("JOIN("" + "",H15:L15)"),"NOV_F_A_DN + DEC_F_A_DN + JAN_F_A_DN + FEB_F_A_DN + MAR_F_A_DN") -> NOV_F_A_DN + DEC_F_A_DN + JAN_F_A_DN + FEB_F_A_DN + MAR_F_A_DN
A16: Females unassisted down | B16: Females unassisted down | C16: Unassisted Females down | D16: Unassisted Females down | E16: Unassisted Females down | F16: Unassisted Females down | G16: Females unassisted down | H16: NOV_M_A_DN | I16: DEC_M_A_DN | J16: JAN_M_A_DN | K16: FEB_M_A_DN | L16: MAR_M_A_DN | M16: =IFERROR(__xludf.DUMMYFUNCTION("JOIN("" + "",H16:L16)"),"NOV_M_A_DN + DEC_M_A_DN + JAN_M_A_DN + FEB_M_A_DN + MAR_M_A_DN") -> NOV_M_A_DN + DEC_M_A_DN + JAN_M_A_DN + FEB_M_A_DN + MAR_M_A_DN
A17: Males unassisted down | B17: Males unassisted down | C17: Unasissted Males down | D17: Unasissted Males down | E17: Unasissted Males down | F17: Unasissted Males down | G17: Males unassisted down | H17: NOV_F_U_DN | I17: DEC_F_U_DN | J17: JAN_F_U_DN | K17: FEB_F_U_DN | L17: MAR_F_U_DN | M17: =IFERROR(__xludf.DUMMYFUNCTION("JOIN("" + "",H17:L17)"),"NOV_F_U_DN + DEC_F_U_DN + JAN_F_U_DN + FEB_F_U_DN + MAR_F_U_DN") -> NOV_F_U_DN + DEC_F_U_DN + JAN_F_U_DN + FEB_F_U_DN + MAR_F_U_DN
A18: Females assisted up | B18: Females assisted up | C18: Females assisted up | D18: Females assisted up | E18: Females assisted up | F18: Females assisted up | G18: Females assisted up | H18: NOV_M_U_DN | I18: DEC_M_U_DN | J18: JAN_M_U_DN | K18: FEB_M_U_DN | L18: MAR_M_U_DN | M18: =IFERROR(__xludf.DUMMYFUNCTION("JOIN("" + "",H18:L18)"),"NOV_M_U_DN + DEC_M_U_DN + JAN_M_U_DN + FEB_M_U_DN + MAR_M_U_DN") -> NOV_M_U_DN + DEC_M_U_DN + JAN_M_U_DN + FEB_M_U_DN + MAR_M_U_DN
A19: Males assisted up | B19: Males assisted up | C19: Males assisted up | D19: Males assisted up | E19: Males assisted up | F19: Males assisted up | G19: Males assisted up | H19: NOV_F_A_UP | I19: DEC_F_A_UP | J19: JAN_F_A_UP | K19: FEB_F_A_UP | L19: MAR_F_A_UP | M19: =IFERROR(__xludf.DUMMYFUNCTION("JOIN("" + "",H19:L19)"),"NOV_F_A_UP + DEC_F_A_UP + JAN_F_A_UP + FEB_F_A_UP + MAR_F_A_UP") -> NOV_F_A_UP + DEC_F_A_UP + JAN_F_A_UP + FEB_F_A_UP + MAR_F_A_UP
A20: Females unassisted up | B20: Females unassisted up | C20: Unassisted females up | D20: Unassisted females up | E20: Unassisted females up | F20: Unassisted females up | G20: Females unassisted up | H20: NOV_M_A_UP | I20: DEC_M_A_UP | J20: JAN_M_A_UP | K20: FEB_M_A_UP | L20: MAR_M_A_UP | M20: =IFERROR(__xludf.DUMMYFUNCTION("JOIN("" + "",H20:L20)"),"NOV_M_A_UP + DEC_M_A_UP + JAN_M_A_UP + FEB_M_A_UP + MAR_M_A_UP") -> NOV_M_A_UP + DEC_M_A_UP + JAN_M_A_UP + FEB_M_A_UP + MAR_M_A_UP
A21: Males unassisted up | B21: Males unassisted up | C21: Unassisted males up | D21: Unassisted males up | E21: Unassisted males up | F21: Unassisted males up | G21: Males unassisted up | H21: NOV_F_U_UP | I21: DEC_F_U_UP | J21: JAN_F_U_UP | K21: FEB_F_U_UP | L21: MAR_F_U_UP | M21: =IFERROR(__xludf.DUMMYFUNCTION("JOIN("" + "",H21:L21)"),"NOV_F_U_UP + DEC_F_U_UP + JAN_F_U_UP + FEB_F_U_UP + MAR_F_U_UP") -> NOV_F_U_UP + DEC_F_U_UP + JAN_F_U_UP + FEB_F_U_UP + MAR_F_U_UP
A22: Juveniles | B22: Juveniles | C22: Juveniles | D22: Juveniles assisted up | E22: Juveniles assisted up | F22: Juveniles assisted up | G22: Juveniles | H22: NOV_M_U_UP | I22: DEC_M_U_UP | J22: JAN_M_U_UP | K22: FEB_M_U_UP | L22: MAR_M_U_UP | M22: =IFERROR(__xludf.DUMMYFUNCTION("JOIN("" + "",H22:L22)"),"NOV_M_U_UP + DEC_M_U_UP + JAN_M_U_UP + FEB_M_U_UP + MAR_M_U_UP") -> NOV_M_U_UP + DEC_M_U_UP + JAN_M_U_UP + FEB_M_U_UP + MAR_M_U_UP
A23: Roadkills female | B23: Roadkills female | C23: Roadkill Females | D23: Roadkill Females | E23: Roadkill Females | F23: Roadkill Females | G23: Roadkills female | H23: NOV_JUV | I23: DEC_JUV | J23: JAN_JUV | K23: FEB_JUV | L23: MAR_JUV | M23: =IFERROR(__xludf.DUMMYFUNCTION("JOIN("" + "",H23:L23)"),"NOV_JUV + DEC_JUV + JAN_JUV + FEB_JUV + MAR_JUV") -> NOV_JUV + DEC_JUV + JAN_JUV + FEB_JUV + MAR_JUV
A24: Roadkills male | B24: Roadkills male | C24: Roadkill Males | D24: Roadkill Males | E24: Roadkill Males | F24: Roadkill Males | G24: Roadkills male | H24: NOV_M_ROADKILL | I24: DEC_M_ROADKILL | J24: JAN_M_ROADKILL | K24: FEB_M_ROADKILL | L24: MAR_M_ROADKILL | M24: =IFERROR(__xludf.DUMMYFUNCTION("JOIN("" + "",H24:L24)"),"NOV_M_ROADKILL + DEC_M_ROADKILL + JAN_M_ROADKILL + FEB_M_ROADKILL + MAR_M_ROADKILL") -> NOV_M_ROADKILL + DEC_M_ROADKILL + JAN_M_ROADKILL + FEB_M_ROADKILL + MAR_M_ROADKILL
A25: Roadkills unk | B25: Roadkills unk | C25: Roadkill Unk | D25: Roadkill Unk | E25: Roadkill Unk | F25: Roadkill Unk | G25: Roadkills unk | H25: NOV_F_ROADKILL | I25: DEC_F_ROADKILL | J25: JAN_F_ROADKILL | K25: FEB_F_ROADKILL | L25: MAR_F_ROADKILL | M25: =IFERROR(__xludf.DUMMYFUNCTION("JOIN("" + "",H25:L25)"),"NOV_F_ROADKILL + DEC_F_ROADKILL + JAN_F_ROADKILL + FEB_F_ROADKILL + MAR_F_ROADKILL") -> NOV_F_ROADKILL + DEC_F_ROADKILL + JAN_F_ROADKILL + FEB_F_ROADKILL + MAR_F_ROADKILL
A26: Total Frogs down | B26: Total Frogs down | C26: Total frogs down | D26: Total frogs down | E26: Total frogs down | F26: Total frogs down | G26: Total Frogs down | H26: NOV_UNK_ROADKILL | I26: DEC_UNK_ROADKILL | J26: JAN_UNK_ROADKILL | K26: FEB_UNK_ROADKILL | L26: MAR_UNK_ROADKILL | M26: =IFERROR(__xludf.DUMMYFUNCTION("JOIN("" + "",H26:L26)"),"NOV_UNK_ROADKILL + DEC_UNK_ROADKILL + JAN_UNK_ROADKILL + FEB_UNK_ROADKILL + MAR_UNK_ROADKILL") -> NOV_UNK_ROADKILL + DEC_UNK_ROADKILL + JAN_UNK_ROADKILL + FEB_UNK_ROADKILL + MAR_UNK_ROADKILL
A27: Total Frogs up | B27: Total Frogs up | C27: Total frogs up | D27: Total frogs up | E27: Total frogs up | F27: Total frogs up | G27: Total Frogs up
A28: Total Frogs Assisted | B28: Total Frogs Assisted | C28: Total Frogs Assisted | D28: Total Frogs Assisted | E28: Total Frogs Assisted | F28: Total Frogs Assisted | G28: Total Frogs Assisted
A29: Comments | B29: Comments | C29: Comments | D29: Comments | E29: Comments | F29: Comments | G29: Comments
C52: Date
C53: Sunset
C54: Civil Twilight
C55: Captain
C56: Monitored (Y/N)
C57: Start time
C58: End time
C59: Hours
C60: Team Hrs.
C61: Start Temp.
C62: End Temp
C63: Weather
C64: Females assisted down | D64: 2015/ | E64: Date
C65: Males assisted down | D65: Sunset | E65: Sunset
C66: Unassisted Females down | D66: Civil Twilight | E66: Civil Twilight
A67: Rain | B67: Date | C67: Unasissted Males down | D67: Captain | E67: Captain
A68: Sunset | B68: Sunset | C68: Females assisted up | D68: Monitored (Y/N) | E68: Monitored (Y/N)
A69: Civil Twilight | B69: Civil Twilight | C69: Males assisted up | D69: Start time | E69: Start time
A70: Shift | B70: Captain | C70: Unassisted females up | D70: End time | E70: End time
A71: Captain | B71: Monitored (Y/N) | C71: Unassisted males up | D71: Hours monitored | E71: Hours monitored
A72: Monitored (Y/N) | B72: Start time | C72: Juveniles | D72: Team Hrs. | E72: Team Hrs.
A73: Start time | B73: End time | C73: Roadkill Females | D73: Start Temp | E73: Start temp
A74: End time | B74: Hours | C74: Roadkill Males | D74: End Temp | E74: End temp
A75: Hours | B75: Team Hrs. | C75: Roadkill Unk | D75: Weather | E75: Weather
A76: Team Hrs. | B76: Start Temp | C76: Frogs down | D76: Females assisted down | E76: Females assisted down
A77: Start Temp | B77: End Temp | C77: Frogs up | D77: Males assisted down | E77: Males assisted down
A78: End Temp | B78: Weather | C78: Total assisted | D78: Unassisted Females down | E78: Unassisted Females down
A79: Weather | B79: Females assisted down | C79: Comments | D79: Unasissted Males down | E79: Unasissted Males down
A80: Females assisted down | B80: Males assisted down | D80: Females assisted up | E80: Females assisted up
A81: Males assisted down | B81: Females unassisted down | D81: Males assisted up | E81: Males assisted up
A82: Females unassisted down | B82: Males unassisted down | D82: Unassisted females up | E82: Unassisted females up
A83: Males unassisted down | B83: Females assisted up | D83: Unassisted males up | E83: Unassisted males up
A84: Females assisted up | B84: Males assisted up | D84: Juveniles | E84: Juveniles
A85: Males assisted up | B85: Females unassisted up | D85: Roadkill Females | E85: Roadkill Females
A86: Females unassisted up | B86: Males unassisted up | D86: Roadkill Males | E86: Roadkill Males
A87: Males unassisted up | B87: Juveniles | D87: Roadkill Unk | E87: Roadkill Unk
A88: Juveniles | B88: Roadkills female | D88: Total Frogs down | E88: Frogs down
A89: Roadkills female | B89: Roadkills male | D89: Total Frogs up | E89: Frogs up
A90: Roadkills male | B90: Total Frogs down | D90: Total Frogs Assisted | E90: Total Frogs Assisted
A91: Total Frogs down | B91: Total Frogs up | D91: Comments | E91: Comments
A92: Total Frogs up | B92: Comments
A93: Comments
A94: Baro Pressure
C100: Date
C101: Sunset
C102: Civil Twilight
C103: Captain
C104: Monitored (Y/N)
C105: Start time
C106: End time
C107: Hours
C108: Team Hrs.
C109: Start Temp.
C110: End Temp
C111: Weather
... C123: Roadkill Unk
C124: Frogs down | D124: 2015/ | E124: Date
C125: Frogs up | D125: Sunset | E125: Sunset
C126: Total assisted | D126: Civil Twilight | E126: Civil Twilight
C127: Comments | D127: Captain | E127: Captain
D128: Monitored (Y/N) | E128: Monitored (Y/N)
B129: Date | D129: Start time | E129: Start time
A130: Rain | B130: Sunset | D130: End time | E130: End time
A131: Sunset | B131: Civil Twilight | D131: Hours monitored | E131: Hours monitored
A132: Civil Twilight | B132: Captain | D132: Team Hrs. | E132: Team Hrs.
A133: Shift | B133: Monitored (Y/N) | D133: Start Temp | E133: Start temp
A134: Captain | B134: Start time | D134: End Temp | E134: End temp
A135: Monitored (Y/N) | B135: End time | D135: Weather | E135: Weather
A136: Start time | B136: Hours | D136: Females assisted down | E136: Females assisted down
A137: End time | B137: Team Hrs. | D137: Males assisted down | E137: Males assisted down
A138: Hours | B138: Start Temp | D138: Unassisted Females down | E138: Unassisted Females down
...

Sheet Legend
A1: Month | B1: Each month is stored in its own tab - DO NOT CHANGE
A2: Date | B2: Date of the observation - note that each month has its own tab. DO NOT CHANGE
A3: Sunset (Hidden) | B3: This is the time when the sun sets below the horizon. This is incuded as an aid to setting the time for volunteers to assemble. DO NOT CHANGE.
A4: Dark | B4: This is the time of the end of civil twilight - when it becomes too dark to see without artificial illumination.This is incuded as an aid to setting the time for volunteers to assemble. DO NOT CHANGE.
A5: Shift | B5: 1 = Regular, 2 = Night Owl
A6: Captain | B6: The captain in charge on this date. Each captain is responsible for making his/her own daily entry.
A7: Monitored (Y/N) | B7: Enter Y if you went out to the site and N if not.
A8: Start time | B8: The time of arrival on site.
A9: End time | B9: The final time of departure from the site.
A10: Start temp | B10: The temperature when you arrived on site OR the temperature you used to make the go/no-go decision for the evening.
A11: End temp | B11: The temperature when everyone went home for the night
A12: Weather | B12: The weather you used to make the go/no-go decision for the evening.
... A18: Barometric Pressure | B18: Available at http://w1.weather.gov/obhistory/KPDX.html. Suffix + indicates rising, - indicates falling.
