Workbook
Name dec_tot_down: 'December 2018'!$Z$33
Name apr_tot_down: #REF!
Name jan_tot_down: 'January 2019'!$Z$33
Name jan_tot_hrs: 'January 2019'!$J$33
Name mar_tot_up: 'April 2019'!$AA$33
Name apr_tot_up: #REF!
Name mar_tot_down: 'March 2019'!$Z$33
Name feb_tot_hrs: 'February 2019'!$J$33
Name nov_tot_up: 'November 2018'!$AA$34
Name feb_tot_down: 'February 2019'!$Z$33
Name nov_tot_down: 'November 2018'!$Z$34
Name mar_tot_hrs: 'March 2019'!$J$33
Name nov_tot_hrs: 'November 2018'!$J$34
Name MAR_F_A_DN: 'March 2019'!$N$33
Name MAR_F_A_DN: 'April 2019'!$N$33
Name mar_tot_hrs: 'April 2019'!$J$33
Name jan_tot_up: 'January 2019'!$AA$33
Name dec_tot_up: 'December 2018'!$AA$33
Name feb_tot_up: 'February 2019'!$AA$33
Name mar_tot_down: 'April 2019'!$Z$33
Name mar_tot_up: 'March 2019'!$AA$33
Name dec_tot_hrs: 'December 2018'!$J$33

Sheet December 2018
A1: sds | B1: Sunset | C1: Civil Twilight | D1: Captain | E1: Monitored (Y/N) | F1: Start time HH:MM | G1: End Date | H1: End time HH:MM | I1: Hours Monitored | J1: Team Hrs. | K1: Start Temp | L1: End Temp | M1: Weather | N1: Females assisted down | O1: Males assisted down | P1: Females unassisted down | Q1: Males unassisted down | R1: Females assisted up | S1: Males assisted up | T1: Females unassisted up | U1: Males unassisted up | V1: Juveniles | W1: Roadkills female | X1: Roadkills male | Y1: Roadkills unk | Z1: Total Frogs down | AA1: Total Frogs up | AB1: Total Frogs Assisted Down | AC1: Total Frogs Assisted Up | AD1: % moon visible | AE1: Comments
A2: 43435 | B2: 1629 | C2: 1702 | D2: =choose(weekday(A2),"Fred/Phil", "Jane/Murr", "Tom","Sue/Anne","Shawn/Orems","Jeff", "Rob") -> Rob | E2: n | G2: 43435 | I2: =iferror(24*( DATEDIF(A2,G2,"D")+TIMEVALUE(H2)-TIMEVALUE(F2)),0) -> 0 | K2: 42 | M2: dry | N2: 0 | O2: 0 | P2: 0 | Q2: 0 | R2: 0 | S2: 0 | T2: 0 | U2: 0 | V2: 0 | W2: 0 | X2: 0 | Y2: 0 | Z2: =sum(N2:Q2) -> 0 | AA2: =sum(R2:V2) -> 0 | AB2: =sum(N2:O2) -> 0 | AC2: =sum(R2:S2,V2) -> 0 | AD2: 0.36
A3: 43436 | B3: 1628 | C3: 1702 | D3: =choose(weekday(A3),"Fred/Phil", "Jane/Murr", "Tom","Sue/Anne","Shawn/Orems","Jeff", "Rob") -> Fred/Phil | G3: 43436 | I3: =iferror(24*( DATEDIF(A3,G3,"D")+TIMEVALUE(H3)-TIMEVALUE(F3)),0) -> 0 | N3: 0 | O3: 0 | P3: 0 | Q3: 0 | R3: 0 | S3: 0 | T3: 0 | U3: 0 | V3: 0 | W3: 0 | X3: 0 | Y3: 0 | Z3: =sum(N3:Q3) -> 0 | AA3: =sum(R3:V3) -> 0 | AB3: =sum(N3:O3) -> 0 | AC3: =sum(R3:S3,V3) -> 0 | AD3: 0.25
A4: 43437 | B4: 1628 | C4: 1702 | D4: =choose(weekday(A4),"Fred/Phil", "Jane/Murr", "Tom","Sue/Anne","Shawn/Orems","Jeff", "Rob") -> Jane/Murr | E4: N | F4: 0.71875 | G4: 43437 | I4: =iferror(24*( DATEDIF(A4,G4,"D")+TIMEVALUE(H4)-TIMEVALUE(F4)),0) -> 0 | K4: 43 | M4: dry and clear | N4: 0 | O4: 0 | P4: 0 | Q4: 0 | R4: 0 | S4: 0 | T4: 0 | U4: 0 | V4: 0 | W4: 0 | X4: 0 | Y4: 0 | Z4: =sum(N4:Q4) -> 0 | AA4: =sum(R4:V4) -> 0 | AB4: =sum(N4:O4) -> 0 | AC4: =sum(R4:S4,V4) -> 0 | AD4: 0.17
A5: 43438 | B5: 1628 | C5: 1701 | D5: =choose(weekday(A5),"Fred/Phil", "Jane/Murr", "Tom","Sue/Anne","Shawn/Orems","Jeff", "Rob") -> Tom | G5: 43438 | I5: =iferror(24*( DATEDIF(A5,G5,"D")+TIMEVALUE(H5)-TIMEVALUE(F5)),0) -> 0 | N5: 0 | O5: 0 | P5: 0 | Q5: 0 | R5: 0 | S5: 0 | T5: 0 | U5: 0 | V5: 0 | W5: 0 | X5: 0 | Y5: 0 | Z5: =sum(N5:Q5) -> 0 | AA5: =sum(R5:V5) -> 0 | AB5: =sum(N5:O5) -> 0 | AC5: =sum(R5:S5,V5) -> 0 | AD5: 0.09
A6: 43439 | B6: 1627 | C6: 1701 | D6: =choose(weekday(A6),"Fred/Phil", "Jane/Murr", "Tom","Sue/Anne","Shawn/Orems","Jeff", "Rob") -> Sue/Anne | E6: N | G6: 43439 | I6: =iferror(24*( DATEDIF(A6,G6,"D")+TIMEVALUE(H6)-TIMEVALUE(F6)),0) -> 0 | N6: 0 | O6: 0 | P6: 0 | Q6: 0 | R6: 0 | S6: 0 | T6: 0 | U6: 0 | V6: 0 | W6: 0 | X6: 0 | Y6: 0 | Z6: =sum(N6:Q6) -> 0 | AA6: =sum(R6:V6) -> 0 | AB6: =sum(N6:O6) -> 0 | AC6: =sum(R6:S6,V6) -> 0 | AD6: 0.04
A7: 43440 | B7: 1627 | C7: 1701 | D7: =choose(weekday(A7),"Fred/Phil", "Jane/Murr", "Tom","Sue/Anne","Shawn/Orems","Jeff", "Rob") -> Shawn/Orems | E7: N | F7: 0.70833333 | G7: 43440 | H7: 0.70833333 | I7: =iferror(24*( DATEDIF(A7,G7,"D")+TIMEVALUE(H7)-TIMEVALUE(F7)),0) -> 0 | J7: 0 | K7: 40 | M7: Dry | N7: 0 | O7: 0 | P7: 0 | Q7: 0 | R7: 0 | S7: 0 | T7: 0 | U7: 0 | V7: 0 | W7: 0 | X7: 0 | Y7: 0 | Z7: =sum(N7:Q7) -> 0 | AA7: =sum(R7:V7) -> 0 | AB7: =sum(N7:O7) -> 0 | AC7: =sum(R7:S7,V7) -> 0 | AD7: 0.01
A8: 43441 | B8: 1627 | C8: 1701 | D8: =choose(weekday(A8),"Fred/Phil", "Jane/Murr", "Tom","Sue/Anne","Shawn/Orems","Jeff", "Rob") -> Jeff | E8: N | F8: 0.73263889 | G8: 43441 | H8: 0.73263889 | I8: =iferror(24*( DATEDIF(A8,G8,"D")+TIMEVALUE(H8)-TIMEVALUE(F8)),0) -> 0 | K8: 38 | L8: 38 | M8: Dry and cloudy | N8: 0 | O8: 0 | P8: 0 | Q8: 0 | R8: 0 | S8: 0 | T8: 0 | U8: 0 | V8: 0 | W8: 0 | X8: 0 | Y8: 0 | Z8: =sum(N8:Q8) -> 0 | AA8: =sum(R8:V8) -> 0 | AB8: =sum(N8:O8) -> 0 | AC8: =sum(R8:S8,V8) -> 0 | AD8: 0 | AE8: No visible or audible flow in creek.
A9: 43442 | B9: 1627 | C9: 1701 | D9: =choose(weekday(A9),"Fred/Phil", "Jane/Murr", "Tom","Sue/Anne","Shawn/Orems","Jeff", "Rob") -> Rob | E9: n | F9: 0.6875 | G9: 43442 | H9: 0.6875 | I9: =iferror(24*( DATEDIF(A9,G9,"D")+TIMEVALUE(H9)-TIMEVALUE(F9)),0) -> 0 | K9: 37 | M9: Dry and cloudy | N9: 0 | O9: 0 | P9: 0 | Q9: 0 | R9: 0 | S9: 0 | T9: 0 | U9: 0 | V9: 0 | W9: 0 | X9: 0 | Y9: 0 | Z9: =sum(N9:Q9) -> 0 | AA9: =sum(R9:V9) -> 0 | AB9: =sum(N9:O9) -> 0 | AC9: =sum(R9:S9,V9) -> 0 | AD9: 0.01
A10: 43443 | B10: 1627 | C10: 1701 | D10: =choose(weekday(A10),"Fred/Phil", "Jane/Murr", "Tom","Sue/Anne","Shawn/Orems","Jeff", "Rob") -> Fred/Phil | E10: N | F10: 0.72916667 | G10: 43443 | H10: 0.72916667 | I10: =iferror(24*( DATEDIF(A10,G10,"D")+TIMEVALUE(H10)-TIMEVALUE(F10)),0) -> 0 | K10: 37 | M10: Rain | N10: 0 | O10: 0 | P10: 0 | Q10: 0 | R10: 0 | S10: 0 | T10: 0 | U10: 0 | V10: 0 | W10: 0 | X10: 0 | Y10: 0 | Z10: =sum(N10:Q10) -> 0 | AA10: =sum(R10:V10) -> 0 | AB10: =sum(N10:O10) -> 0 | AC10: =sum(R10:S10,V10) -> 0 | AD10: 0.04
A11: 43444 | B11: 1627 | C11: 1701 | D11: =choose(weekday(A11),"Fred/Phil", "Jane/Murr", "Tom","Sue/Anne","Shawn/Orems","Jeff", "Rob") -> Jane/Murr | E11: N | F11: 0.70833333 | G11: 43444 | I11: =iferror(24*( DATEDIF(A11,G11,"D")+TIMEVALUE(H11)-TIMEVALUE(F11)),0) -> 0 | K11: 42 | M11: fog | N11: 0 | O11: 0 | P11: 0 | Q11: 0 | R11: 0 | S11: 0 | T11: 0 | U11: 0 | V11: 0 | W11: 0 | X11: 0 | Y11: 0 | Z11: =sum(N11:Q11) -> 0 | AA11: =sum(R11:V11) -> 0 | AB11: =sum(N11:O11) -> 0 | AC11: =sum(R11:S11,V11) -> 0 | AD11: 0.09
A12: 43445 | B12: 1627 | C12: 1701 | D12: =choose(weekday(A12),"Fred/Phil", "Jane/Murr", "Tom","Sue/Anne","Shawn/Orems","Jeff", "Rob") -> Tom | E12: Y | F12: 0.6875 | G12: 43445 | H12: 0.80555556 | I12: =iferror(24*( DATEDIF(A12,G12,"D")+TIMEVALUE(H12)-TIMEVALUE(F12)),0) -> 2.8333333 | J12: 7.75 | K12: 51 | L12: 47 | M12: rain | N12: 0 | O12: 2 | P12: 0 | Q12: 0 | R12: 0 | S12: 0 | T12: 0 | U12: 0 | V12: 0 | W12: 0 | X12: 0 | Y12: 0 | Z12: =sum(N12:Q12) -> 2 | AA12: =sum(R12:V12) -> 0 | AB12: =sum(N12:O12) -> 2 | AC12: =sum(R12:S12,V12) -> 0 | AD12: 0.15 | AE12: 1 chorus frog roadkill; rough skinned newt down
A13: 43446 | B13: 1627 | C13: 1701 | D13: =choose(weekday(A13),"Fred/Phil", "Jane/Murr", "Tom","Sue/Anne","Shawn/Orems","Jeff", "Rob") -> Sue/Anne | E13: Y | F13: 0.70833333 | G13: 43446 | H13: 0.71875 | I13: =iferror(24*( DATEDIF(A13,G13,"D")+TIMEVALUE(H13)-TIMEVALUE(F13)),0) -> 0.25 | J13: 0.25 | K13: 44 | M13: Damp pavement; dry | N13: 0 | O13: 0 | P13: 0 | Q13: 0 | R13: 0 | S13: 0 | T13: 0 | U13: 0 | V13: 0 | W13: 0 | X13: 0 | Y13: 0 | Z13: =sum(N13:Q13) -> 0 | AA13: =sum(R13:V13) -> 0 | AB13: =sum(N13:O13) -> 0 | AC13: =sum(R13:S13,V13) -> 0 | AD13: 0.22
A14: 43447 | B14: 1627 | C14: 1701 | D14: =choose(weekday(A14),"Fred/Phil", "Jane/Murr", "Tom","Sue/Anne","Shawn/Orems","Jeff", "Rob") -> Shawn/Orems | E14: N | F14: 0.70833333 | G14: 43447 | H14: 0.70833333 | I14: =iferror(24*( DATEDIF(A14,G14,"D")+TIMEVALUE(H14)-TIMEVALUE(F14)),0) -> 0 | K14: 48 | M14: Dry all day | N14: 0 | O14: 0 | P14: 0 | Q14: 0 | R14: 0 | S14: 0 | T14: 0 | U14: 0 | V14: 0 | W14: 0 | X14: 0 | Y14: 0 | Z14: =sum(N14:Q14) -> 0 | AA14: =sum(R14:V14) -> 0 | AB14: =sum(N14:O14) -> 0 | AC14: =sum(R14:S14,V14) -> 0 | AD14: 0.3
A15: 43448 | B15: 1627 | C15: 1702 | D15: =choose(weekday(A15),"Fred/Phil", "Jane/Murr", "Tom","Sue/Anne","Shawn/Orems","Jeff", "Rob") -> Jeff | E15: Y | F15: 0.6875 | G15: 43448 | H15: 0.76041667 | I15: =iferror(24*( DATEDIF(A15,G15,"D")+TIMEVALUE(H15)-TIMEVALUE(F15)),0) -> 1.75 | J15: 4.5 | K15: 48 | L15: 46 | M15: Wet pavemt; mist | N15: 0 | O15: 0 | P15: 0 | Q15: 0 | R15: 0 | S15: 0 | T15: 0 | U15: 0 | V15: 0 | W15: 0 | X15: 0 | Y15: 0 | Z15: =sum(N15:Q15) -> 0 | AA15: =sum(R15:V15) -> 0 | AB15: =sum(N15:O15) -> 0 | AC15: =sum(R15:S15,V15) -> 0 | AD15: 0.39
A16: 43449 | B16: 1628 | C16: 1702 | D16: =choose(weekday(A16),"Fred/Phil", "Jane/Murr", "Tom","Sue/Anne","Shawn/Orems","Jeff", "Rob") -> Rob | E16: y | F16: 0.6875 | G16: 43449 | H16: 0.72916667 | I16: =iferror(24*( DATEDIF(A16,G16,"D")+TIMEVALUE(H16)-TIMEVALUE(F16)),0) -> 1 | J16: 2 | K16: 43 | L16: 43 | M16: drying pavemnt | N16: 0 | O16: 0 | P16: 0 | Q16: 0 | R16: 0 | S16: 0 | T16: 0 | U16: 0 | V16: 0 | W16: 0 | X16: 0 | Y16: 0 | Z16: =sum(N16:Q16) -> 0 | AA16: =sum(R16:V16) -> 0 | AB16: =sum(N16:O16) -> 0 | AC16: =sum(R16:S16,V16) -> 0 | AD16: 0.49
A17: 43450 | B17: 1628 | C17: 1702 | D17: =choose(weekday(A17),"Fred/Phil", "Jane/Murr", "Tom","Sue/Anne","Shawn/Orems","Jeff", "Rob") -> Fred/Phil | E17: Y | F17: 0.6875 | G17: 43450 | H17: 0.76041667 | I17: =iferror(24*( DATEDIF(A17,G17,"D")+TIMEVALUE(H17)-TIMEVALUE(F17)),0) -> 1.75 | J17: 5.25 | K17: 47 | L17: 48 | M17: wet pavement | N17: 0 | O17: 0 | P17: 0 | Q17: 0 | R17: 0 | S17: 0 | T17: 0 | U17: 0 | V17: 0 | W17: 0 | X17: 0 | Y17: 0 | Z17: =sum(N17:Q17) -> 0 | AA17: =sum(R17:V17) -> 0 | AB17: =sum(N17:O17) -> 0 | AC17: =sum(R17:S17,V17) -> 0 | AD17: 0.58
A18: 43451 | B18: 1628 | C18: 1702 | D18: =choose(weekday(A18),"Fred/Phil", "Jane/Murr", "Tom","Sue/Anne","Shawn/Orems","Jeff", "Rob") -> Jane/Murr | E18: Y | F18: 0.6875 | G18: 43451 | H18: 0.8125 | I18: =iferror(24*( DATEDIF(A18,G18,"D")+TIMEVALUE(H18)-TIMEVALUE(F18)),0) -> 3 | J18: 13.25 | K18: 49 | L18: 51 | M18: light rain | N18: 0 | O18: 1 | P18: 0 | Q18: 0 | R18: 0 | S18: 0 | T18: 0 | U18: 0 | V18: 0 | W18: 0 | X18: 0 | Y18: 0 | Z18: =sum(N18:Q18) -> 1 | AA18: =sum(R18:V18) -> 0 | AB18: =sum(N18:O18) -> 1 | AC18: =sum(R18:S18,V18) -> 0 | AD18: 0.68
A19: 43452 | B19: 1629 | C19: 1703 | D19: =choose(weekday(A19),"Fred/Phil", "Jane/Murr", "Tom","Sue/Anne","Shawn/Orems","Jeff", "Rob") -> Tom | E19: Y | F19: 0.6875 | G19: 43452 | H19: 0.79166667 | I19: =iferror(24*( DATEDIF(A19,G19,"D")+TIMEVALUE(H19)-TIMEVALUE(F19)),0) -> 2.5 | J19: 4.25 | K19: 51 | L19: 48 | M19: wet pav/rain/wetpav | N19: 1 | O19: 1 | P19: 0 | Q19: 0 | R19: 0 | S19: 0 | T19: 0 | U19: 0 | V19: 0 | W19: 0 | X19: 2 | Y19: 0 | Z19: =sum(N19:Q19) -> 2 | AA19: =sum(R19:V19) -> 0 | AB19: =sum(N19:O19) -> 2 | AC19: =sum(R19:S19,V19) -> 0 | AD19: 0.77
A20: 43453 | B20: 1629 | C20: 1703 | D20: =choose(weekday(A20),"Fred/Phil", "Jane/Murr", "Tom","Sue/Anne","Shawn/Orems","Jeff", "Rob") -> Sue/Anne | E20: Y | F20: 0.69791667 | G20: 43453 | H20: 0.78819444 | I20: =iferror(24*( DATEDIF(A20,G20,"D")+TIMEVALUE(H20)-TIMEVALUE(F20)),0) -> 2.1666667 | J20: 3.83 | K20: 49.2 | L20: 48.4 | M20: Damp pav/2 lt shwrs | N20: 0 | O20: 0 | P20: 0 | Q20: 0 | R20: 0 | S20: 0 | T20: 0 | U20: 0 | V20: 0 | W20: 0 | X20: 0 | Y20: 0 | Z20: =sum(N20:Q20) -> 0 | AA20: =sum(R20:V20) -> 0 | AB20: =sum(N20:O20) -> 0 | AC20: =sum(R20:S20,V20) -> 0 | AD20: 0.85
A21: 43454 | B21: 1629 | C21: 1704 | D21: =choose(weekday(A21),"Fred/Phil", "Jane/Murr", "Tom","Sue/Anne","Shawn/Orems","Jeff", "Rob") -> Shawn/Orems | E21: Y | F21: 0.69791667 | G21: 43454 | H21: 0.80208333 | I21: =iferror(24*( DATEDIF(A21,G21,"D")+TIMEVALUE(H21)-TIMEVALUE(F21)),0) -> 2.5 | J21: 7 | K21: 48 | L21: 45 | M21: Mist; dry; light rain | N21: 0 | O21: 0 | P21: 0 | Q21: 0 | R21: 0 | S21: 0 | T21: 0 | U21: 0 | V21: 0 | W21: 0 | X21: 0 | Y21: 0 | Z21: =sum(N21:Q21) -> 0 | AA21: =sum(R21:V21) -> 0 | AB21: =sum(N21:O21) -> 0 | AC21: =sum(R21:S21,V21) -> 0 | AD21: 0.92 | AE21: 2 long-toed salamanders; audible creek flow,puddled water in wetlands
A22: 43455 | B22: 1630 | C22: 1704 | D22: =choose(weekday(A22),"Fred/Phil", "Jane/Murr", "Tom","Sue/Anne","Shawn/Orems","Jeff", "Rob") -> Jeff | E22: N | F22: 0.71388889 | G22: 43455 | H22: 0.71388889 | I22: =iferror(24*( DATEDIF(A22,G22,"D")+TIMEVALUE(H22)-TIMEVALUE(F22)),0) -> 0 | J22: 0 | K22: 43 | L22: 43 | M22: Clear, dry all day | N22: 0 | O22: 0 | P22: 0 | Q22: 0 | R22: 0 | S22: 0 | T22: 0 | U22: 0 | V22: 0 | W22: 0 | X22: 0 | Y22: 0 | Z22: =sum(N22:Q22) -> 0 | AA22: =sum(R22:V22) -> 0 | AB22: =sum(N22:O22) -> 0 | AC22: =sum(R22:S22,V22) -> 0 | AD22: 0.97 | AE22: Thin stream flowing in creek, audible in capture basin. Wetland has large patches of open water visible from Harborton.
A23: 43456 | B23: 1630 | C23: 1705 | D23: =choose(weekday(A23),"Fred/Phil", "Jane/Murr", "Tom","Sue/Anne","Shawn/Orems","Jeff", "Rob") -> Rob | E23: y | F23: 0.6875 | G23: 43456 | H23: 0.75 | I23: =iferror(24*( DATEDIF(A23,G23,"D")+TIMEVALUE(H23)-TIMEVALUE(F23)),0) -> 1.5 | J23: 1.5 | K23: 41 | L23: 40 | M23: drying, then rain | N23: 0 | O23: 0 | P23: 0 | Q23: 0 | R23: 0 | S23: 0 | T23: 0 | U23: 0 | V23: 0 | W23: 0 | X23: 0 | Y23: 0 | Z23: =sum(N23:Q23) -> 0 | AA23: =sum(R23:V23) -> 0 | AB23: =sum(N23:O23) -> 0 | AC23: =sum(R23:S23,V23) -> 0 | AD23: 1 | AE23: 4AM. 42. no sign of frogs
A24: 43457 | B24: 1631 | C24: 1705 | D24: =choose(weekday(A24),"Fred/Phil", "Jane/Murr", "Tom","Sue/Anne","Shawn/Orems","Jeff", "Rob") -> Fred/Phil | E24: Y | F24: 0.70833333 | G24: 43457 | H24: 0.79166667 | I24: =iferror(24*( DATEDIF(A24,G24,"D")+TIMEVALUE(H24)-TIMEVALUE(F24)),0) -> 2 | J24: 4.75 | K24: 47.8 | L24: 46.9 | M24: Steady rain | N24: 0 | O24: 1 | P24: 0 | Q24: 0 | R24: 0 | S24: 0 | T24: 0 | U24: 0 | V24: 0 | W24: 0 | X24: 0 | Y24: 0 | Z24: =sum(N24:Q24) -> 1 | AA24: =sum(R24:V24) -> 0 | AB24: =sum(N24:O24) -> 1 | AC24: =sum(R24:S24,V24) -> 0 | AD24: 0.99 | AE24: there are several highly degraded roadkill. Creek flowing strong
A25: 43458 | B25: 1632 | C25: 1706 | D25: =choose(weekday(A25),"Fred/Phil", "Jane/Murr", "Tom","Sue/Anne","Shawn/Orems","Jeff", "Rob") -> Jane/Murr | E25: Y | F25: 0.69791667 | G25: 43458 | H25: 0.70833333 | I25: =iferror(24*( DATEDIF(A25,G25,"D")+TIMEVALUE(H25)-TIMEVALUE(F25)),0) -> 0.25 | J25: 0.25 | K25: 46 | L25: 46 | M25: Dry | N25: 0 | O25: 0 | P25: 0 | Q25: 0 | R25: 0 | S25: 0 | T25: 0 | U25: 0 | V25: 0 | W25: 0 | X25: 0 | Y25: 0 | Z25: =sum(N25:Q25) -> 0 | AA25: =sum(R25:V25) -> 0 | AB25: =sum(N25:O25) -> 0 | AC25: =sum(R25:S25,V25) -> 0 | AD25: 0.96 | AE25: Stream was flowing.
A26: 43459 | B26: 1632 | C26: 1706 | D26: =choose(weekday(A26),"Fred/Phil", "Jane/Murr", "Tom","Sue/Anne","Shawn/Orems","Jeff", "Rob") -> Tom | E26: N | F26: 0.69791667 | G26: 43459 | H26: 0.69791667 | I26: =iferror(24*( DATEDIF(A26,G26,"D")+TIMEVALUE(H26)-TIMEVALUE(F26)),0) -> 0 | J26: 0 | K26: 45 | L26: 45 | M26: dry | N26: 0 | O26: 0 | P26: 0 | Q26: 0 | R26: 0 | S26: 0 | T26: 0 | U26: 0 | V26: 0 | W26: 0 | X26: 0 | Y26: 0 | Z26: =sum(N26:Q26) -> 0 | AA26: =sum(R26:V26) -> 0 | AB26: =sum(N26:O26) -> 0 | AC26: =sum(R26:S26,V26) -> 0 | AD26: 0.91
A27: 43460 | B27: 1633 | C27: 1707 | D27: =choose(weekday(A27),"Fred/Phil", "Jane/Murr", "Tom","Sue/Anne","Shawn/Orems","Jeff", "Rob") -> Sue/Anne | E27: Y | F27: 0.70138889 | G27: 43460 | H27: 0.71875 | I27: =iferror(24*( DATEDIF(A27,G27,"D")+TIMEVALUE(H27)-TIMEVALUE(F27)),0) -> 0.41666667 | J27: 0.42 | K27: 43.1 | L27: 43 | M27: Heavy Rain | N27: 0 | O27: 0 | P27: 0 | Q27: 0 | R27: 0 | S27: 0 | T27: 0 | U27: 0 | V27: 0 | W27: 0 | X27: 0 | Y27: 0 | Z27: =sum(N27:Q27) -> 0 | AA27: =sum(R27:V27) -> 0 | AB27: =sum(N27:O27) -> 0 | AC27: =sum(R27:S27,V27) -> 0 | AD27: 0.82
A28: 43461 | B28: 1634 | C28: 1708 | D28: =choose(weekday(A28),"Fred/Phil", "Jane/Murr", "Tom","Sue/Anne","Shawn/Orems","Jeff", "Rob") -> Shawn/Orems | E28: N | F28: 0.70833333 | G28: 43461 | H28: 0.70833333 | I28: =iferror(24*( DATEDIF(A28,G28,"D")+TIMEVALUE(H28)-TIMEVALUE(F28)),0) -> 0 | J28: 0 | K28: 43 | M28: No rain; cold | N28: 0 | O28: 0 | P28: 0 | Q28: 0 | R28: 0 | S28: 0 | T28: 0 | U28: 0 | V28: 0 | W28: 0 | X28: 0 | Y28: 0 | Z28: =sum(N28:Q28) -> 0 | AA28: =sum(R28:V28) -> 0 | AB28: =sum(N28:O28) -> 0 | AC28: =sum(R28:S28,V28) -> 0 | AD28: 0.73
A29: 43462 | B29: 1634 | C29: 1709 | D29: =choose(weekday(A29),"Fred/Phil", "Jane/Murr", "Tom","Sue/Anne","Shawn/Orems","Jeff", "Rob") -> Jeff | E29: Y | F29: 0.70138889 | G29: 43462 | H29: 0.72916667 | I29: =iferror(24*( DATEDIF(A29,G29,"D")+TIMEVALUE(H29)-TIMEVALUE(F29)),0) -> 0.66666667 | J29: 0.67 | K29: 44 | L29: 43 | M29: wet, not raining | N29: 0 | O29: 0 | P29: 0 | Q29: 0 | R29: 0 | S29: 0 | T29: 0 | U29: 0 | V29: 0 | W29: 0 | X29: 0 | Y29: 0 | Z29: =sum(N29:Q29) -> 0 | AA29: =sum(R29:V29) -> 0 | AB29: =sum(N29:O29) -> 0 | AC29: =sum(R29:S29,V29) -> 0 | AD29: 0.62
A30: 43463 | B30: 1635 | C30: 1709 | D30: =choose(weekday(A30),"Fred/Phil", "Jane/Murr", "Tom","Sue/Anne","Shawn/Orems","Jeff", "Rob") -> Rob | E30: y | F30: 0.6875 | G30: 43463 | H30: 0.97916667 | I30: =iferror(24*( DATEDIF(A30,G30,"D")+TIMEVALUE(H30)-TIMEVALUE(F30)),0) -> 7 | J30: 30.5 | K30: 49 | L30: 49 | M30: rain, warm | N30: 19 | O30: 320 | P30: 0 | Q30: 1 | R30: 0 | S30: 0 | T30: 0 | U30: 0 | V30: 0 | W30: 0 | X30: 0 | Y30: 0 | Z30: =sum(N30:Q30) -> 340 | AA30: =sum(R30:V30) -> 0 | AB30: =sum(N30:O30) -> 339 | AC30: =sum(R30:S30,V30) -> 0 | AD30: 0.51
A31: 43464 | B31: 1636 | C31: 1710 | D31: =choose(weekday(A31),"Fred/Phil", "Jane/Murr", "Tom","Sue/Anne","Shawn/Orems","Jeff", "Rob") -> Fred/Phil | E31: Y | F31: 0.69097222 | G31: 43464 | H31: 0.75347222 | I31: =iferror(24*( DATEDIF(A31,G31,"D")+TIMEVALUE(H31)-TIMEVALUE(F31)),0) -> 1.5 | J31: 3 | K31: 42.8 | L31: 41.4 | M31: wet Pave, lt rain 5:30-6 | N31: 0 | O31: 0 | P31: 0 | Q31: 0 | R31: 0 | S31: 0 | T31: 0 | U31: 0 | V31: 0 | W31: 0 | X31: 0 | Y31: 0 | Z31: =sum(N31:Q31) -> 0 | AA31: =sum(R31:V31) -> 0 | AB31: =sum(N31:O31) -> 0 | AC31: =sum(R31:S31,V31) -> 0 | AD31: 0.4
A32: 43465 | B32: 1637 | C32: 1711 | D32: =choose(weekday(A32),"Fred/Phil", "Jane/Murr", "Tom","Sue/Anne","Shawn/Orems","Jeff", "Rob") -> Jane/Murr | E32: N | F32: 0.70833333 | G32: 43465 | I32: =iferror(24*( DATEDIF(A32,G32,"D")+TIMEVALUE(H32)-TIMEVALUE(F32)),0) -> 0 | K32: 39 | M32: Dry | N32: 0 | O32: 0 | P32: 0 | Q32: 0 | R32: 0 | S32: 0 | T32: 0 | U32: 0 | V32: 0 | W32: 0 | X32: 0 | Y32: 0 | Z32: =sum(N32:Q32) -> 0 | AA32: =sum(R32:V32) -> 0 | AB32: =sum(N32:O32) -> 0 | AC32: =sum(R32:S32,V32) -> 0 | AD32: 0.3
E33: Monthly total | I33: =SUM(I3:I32) -> 31.083333 | J33: =SUM(J2:J32) -> 89.17 | N33: =sum(N2:N32) -> 20 | O33: =sum(O2:O32) -> 325 | P33: =sum(P2:P32) -> 0 | Q33: =sum(Q2:Q32) -> 1 | R33: =sum(R2:R32) -> 0 | S33: =sum(S2:S32) -> 0 | T33: =sum(T2:T32) -> 0 | U33: =sum(U2:U32) -> 0 | ... Y33: =sum(Y2:Y32) -> 0 | Z33: =SUM(Z2:Z32) -> 346 | AA33: =SUM(AA2:AA32) -> 0 | AB33: =sum(AB2:AB32) -> 345 | AC33: =sum(AC2:AC32) -> 0
E34: Cumulative Total | I34: ='November 2018'!I$34+'December 2018'!I$33 -> 36.1 | J34: ='November 2018'!J$34+'December 2018'!J$33 -> 89.17 | N34: ='November 2018'!N$34+'December 2018'!N$33 -> 20 | O34: ='November 2018'!O$34+'December 2018'!O$33 -> 325 | P34: ='November 2018'!P$34+'December 2018'!P$33 -> 0 | Q34: ='November 2018'!Q$34+'December 2018'!Q$33 -> 1 | R34: ='November 2018'!R$34+'December 2018'!R$33 -> 0 | S34: ='November 2018'!S$34+'December 2018'!S$33 -> 0 | T34: ='November 2018'!T$34+'December 2018'!T$33 -> 0 | U34: ='November 2018'!U$34+'December 2018'!U$33 -> 0 | ... AA34: ='November 2018'!AA$34+'December 2018'!AA$33 -> 0 | AB34: ='November 2018'!AB34+'December 2018'!AB33 -> 345 | AC34: ='November 2018'!AC34+'December 2018'!AC33 -> 0
E35: Season Total | I35: ='November 2018'!I$34+'December 2018'!I$33+'January 2019'!I$33+'February 2019'!I$33+'March 2019'!I$33+'April 2019'!I$33 -> 145.81028 | J35: ='November 2018'!J34+'December 2018'!J33+'January 2019'!J33+'February 2019'!J33+'March 2019'!J33+'April 2019'!J33 -> 558.96167 | N35: ='November 2018'!N34+'December 2018'!N33+'January 2019'!N33+'February 2019'!N33+'March 2019'!N33+'April 2019'!N33 -> 90 | O35: ='November 2018'!O34+'December 2018'!O33+'January 2019'!O33+'February 2019'!O33+'March 2019'!O33+'April 2019'!O33 -> 1134 | P35: ='November 2018'!P34+'December 2018'!P33+'January 2019'!P33+'February 2019'!P33+'March 2019'!P33+'April 2019'!P33 -> 3 | Q35: ='November 2018'!Q34+'December 2018'!Q33+'January 2019'!Q33+'February 2019'!Q33+'March 2019'!Q33+'April 2019'!Q33 -> 4 | R35: ='November 2018'!R34+'December 2018'!R33+'January 2019'!R33+'February 2019'!R33+'March 2019'!R33+'April 2019'!R33 -> 124 | S35: ='November 2018'!S34+'December 2018'!S33+'January 2019'!S33+'February 2019'!S33+'March 2019'!S33+'April 2019'!S33 -> 791 | T35: ='November 2018'!T34+'December 2018'!T33+'January 2019'!T33+'February 2019'!T33+'March 2019'!T33+'April 2019'!T33 -> 6 | U35: ='November 2018'!U34+'December 2018'!U33+'January 2019'!U33+'February 2019'!U33+'March 2019'!U33+'April 2019'!U33 -> 17 | ... AC35: ='November 2018'!AC34+'December 2018'!AC33+'January 2019'!AC33+'February 2019'!AC33+'March 2019'!AC33+'April 2019'!AC33 -> 921
E36: 2017-18 Total | Z36: 433 | AA36: 297
E37: 2016-17 Total | Z37: 834 | AA37: 751
E38: 2015-16 Total | Z38: 688 | AA38: 1040
E39: 2014-15 Total | Z39: 695 | AA39: 750
E40: 2013-14 Total | Z40: 580 | AA40: 572

Sheet April 2019
A1: Date | B1: Sunset | C1: Civil Twilight | D1: Captain | E1: Monitored (Y/N) | F1: Start time HH:MM | G1: End Date | H1: End time HH:MM | I1: Hours monitored | J1: Team Hrs. | K1: Start temp | L1: End temp | M1: Weather | N1: Females assisted down | O1: Males assisted down | P1: Unassisted Females down | Q1: Unasissted Males down | R1: Females assisted up | S1: Males assisted up | T1: Unassisted females up | U1: Unassisted males up | V1: Juveniles assisted up | W1: Roadkill Females | X1: Roadkill Males | Y1: Roadkill Unk | Z1: Total frogs down | AA1: Total frogs up | AB1: Total Frogs Assisted Down | AC1: Total Frogs Assisted Up | AD1: % moon visible | AE1: Comments
A2: 43556 | B2: 1939 | C2: 2009 | D2: =choose(weekday(A2),"Fred/Phil", "Jane/Murr", "Tom","Sue/Anne","Shawn/Orems","Jeff", "Rob") -> Jane/Murr | E2: Y | F2: 0.8125 | G2: 43556 | H2: 0.88541667 | I2: =iferror(24*( DATEDIF(A2,G2,"D")+TIMEVALUE(H2)-TIMEVALUE(F2)),0) -> 1.75 | J2: 3.25 | K2: 63.4 | L2: 60 | M2: A few sprinkles, then dry | N2: 0 | O2: 0 | P2: 0 | Q2: 0 | R2: 0 | S2: 2 | T2: 0 | U2: 0 | V2: 0 | W2: 0 | X2: 0 | Y2: 0 | Z2: =sum(N2:Q2) -> 0 | AA2: =sum(R2:V2) -> 2 | AB2: =sum(N2:O2) -> 0 | AC2: =sum(R2:S2,V2) -> 2 | AD2: 0.15 | AE2: Five Dunns salamanders in a seepy area on Harborton!
A3: 43557 | B3: 1940 | C3: 2010 | D3: Tom/Kris/Rob | E3: y | F3: 0.8125 | G3: 43557 | H3: 0.95833333 | I3: =iferror(24*( DATEDIF(A3,G3,"D")+TIMEVALUE(H3)-TIMEVALUE(F3)),0) -> 3.5 | J3: 16.75 | K3: 56 | L3: 52 | N3: 0 | O3: 0 | P3: 0 | Q3: 0 | R3: 17 | S3: 279 | T3: 0 | U3: 0 | V3: 2 | W3: 0 | X3: 0 | Y3: 0 | Z3: =sum(N3:Q3) -> 0 | AA3: =sum(R3:V3) -> 298 | AB3: =sum(N3:O3) -> 0 | AC3: =sum(R3:S3,V3) -> 298 | AD3: 0.09 | AE3: over 30 chorus up, very lively frogs
A4: 43558 | B4: 1941 | C4: 2011 | D4: =choose(weekday(A4),"Fred/Phil", "Jane/Murr", "Tom","Sue/Anne","Shawn/Orems","Jeff", "Rob") -> Sue/Anne | E4: Y | F4: 0.8125 | G4: 43558 | H4: 0.875 | I4: =iferror(24*( DATEDIF(A4,G4,"D")+TIMEVALUE(H4)-TIMEVALUE(F4)),0) -> 1.5 | J4: 2.65 | K4: 49 | L4: 47 | M4: Dry; sky clearing | N4: 0 | O4: 0 | P4: 0 | Q4: 0 | R4: 0 | S4: 0 | T4: 0 | U4: 0 | V4: 0 | W4: 0 | X4: 0 | Y4: 0 | Z4: =sum(N4:Q4) -> 0 | AA4: =sum(R4:V4) -> 0 | AB4: =sum(N4:O4) -> 0 | AC4: =sum(R4:S4,V4) -> 0 | AD4: 0.04
A5: 43559 | B5: 1943 | C5: 2013 | D5: =choose(weekday(A5),"Fred/Phil", "Jane/Murr", "Tom","Sue/Anne","Shawn/Orems","Jeff", "Rob") -> Shawn/Orems | E5: Y | F5: 0.82291667 | G5: 43559 | H5: 0.95833333 | I5: =iferror(24*( DATEDIF(A5,G5,"D")+TIMEVALUE(H5)-TIMEVALUE(F5)),0) -> 3.25 | J5: 10.5 | K5: 54 | L5: 52 | M5: Dry early then mostly rainy | N5: 0 | O5: 0 | P5: 0 | Q5: 0 | R5: 0 | S5: 10 | T5: 0 | U5: 0 | V5: 3 | W5: 0 | X5: 0 | Y5: 0 | Z5: =sum(N5:Q5) -> 0 | AA5: =sum(R5:V5) -> 13 | AB5: =sum(N5:O5) -> 0 | AC5: =sum(R5:S5,V5) -> 13 | AD5: 0.01 | AE5: About 60 chorus frogs uphill; 2 chorus frogs down
A6: 43560 | B6: 1944 | C6: 2014 | D6: =choose(weekday(A6),"Fred/Phil", "Jane/Murr", "Tom","Sue/Anne","Shawn/Orems","Jeff", "Rob") -> Jeff | E6: Y | F6: 0.79166667 | G6: 43561 | H6: 0 | I6: =iferror(24*( DATEDIF(A6,G6,"D")+TIMEVALUE(H6)-TIMEVALUE(F6)),0) -> 5 | J6: 21.5 | K6: 48.6 | L6: 45 | M6: Wet,cloudy turns clear by 8:30 | N6: 0 | O6: 0 | P6: 0 | Q6: 0 | R6: 0 | S6: 2 | T6: 0 | U6: 0 | V6: 0 | W6: 0 | X6: 0 | Y6: 0 | Z6: =sum(N6:Q6) -> 0 | AA6: =sum(R6:V6) -> 2 | AB6: =sum(N6:O6) -> 0 | AC6: =sum(R6:S6,V6) -> 2 | AD6: 0 | AE6: 1 Lt Sal, 3 chorus frogs, 2 extremely small red legged - checked sex but hard to tell. Assumed male.
A7: 43561 | B7: 1945 | C7: 2015 | D7: =choose(weekday(A7),"Fred/Phil", "Jane/Murr", "Tom","Sue/Anne","Shawn/Orems","Jeff", "Rob") -> Rob | E7: y | F7: 0.82291667 | G7: 43561 | H7: 0.85416667 | I7: =iferror(24*( DATEDIF(A7,G7,"D")+TIMEVALUE(H7)-TIMEVALUE(F7)),0) -> 0.75 | J7: 3.75 | K7: 51 | L7: 50 | M7: raining | N7: 0 | O7: 0 | P7: 0 | Q7: 0 | R7: 0 | S7: 0 | T7: 0 | U7: 0 | V7: 0 | W7: 0 | X7: 0 | Y7: 0 | Z7: =sum(N7:Q7) -> 0 | AA7: =sum(R7:V7) -> 0 | AB7: =sum(N7:O7) -> 0 | AC7: =sum(R7:S7,V7) -> 0 | AD7: 0.01 | AE7: season appears to be over.
A8: 43562 | B8: 1946 | C8: 2017 | D8: =choose(weekday(A8),"Fred/Phil", "Jane/Murr", "Tom","Sue/Anne","Shawn/Orems","Jeff", "Rob") -> Fred/Phil | E8: Y | F8: 0.8125 | G8: 43562 | H8: 0.875 | I8: =iferror(24*( DATEDIF(A8,G8,"D")+TIMEVALUE(H8)-TIMEVALUE(F8)),0) -> 1.5 | J8: 3 | K8: 50 | L8: 47 | M8: Light rain | N8: 0 | O8: 0 | P8: 0 | Q8: 0 | R8: 0 | S8: 0 | T8: 0 | U8: 0 | V8: 0 | W8: 0 | X8: 0 | Y8: 2 | Z8: =sum(N8:Q8) -> 0 | AA8: =sum(R8:V8) -> 0 | AB8: =sum(N8:O8) -> 0 | AC8: =sum(R8:S8,V8) -> 0 | AD8: 0.04 | AE8: 2 chorus frogs headed down, one injured, one gravid female
A9: 43563 | B9: 1948 | C9: 2018 | D9: =choose(weekday(A9),"Fred/Phil", "Jane/Murr", "Tom","Sue/Anne","Shawn/Orems","Jeff", "Rob") -> Jane/Murr | E9: Y | F9: 0.82291667 | G9: 43563 | H9: 0.88541667 | I9: =iferror(24*( DATEDIF(A9,G9,"D")+TIMEVALUE(H9)-TIMEVALUE(F9)),0) -> 1.5 | J9: 1.5 | K9: 54 | L9: 53 | M9: wet pavement, cloudy | N9: 0 | O9: 0 | P9: 0 | Q9: 0 | R9: 0 | S9: 1 | T9: 0 | U9: 0 | V9: 0 | W9: 0 | X9: 0 | Y9: 0 | Z9: =sum(N9:Q9) -> 0 | AA9: =sum(R9:V9) -> 1 | AB9: =sum(N9:O9) -> 0 | AC9: =sum(R9:S9,V9) -> 1 | AD9: 0.09 | AE9: 1 chorus frog uphill, one headed down
A10: 43564 | B10: 1949 | C10: 2020 | D10: =choose(weekday(A10),"Fred/Phil", "Jane/Murr", "Tom","Sue/Anne","Shawn/Orems","Jeff", "Rob") -> Tom | E10: N | F10: 0.79166667 | G10: 43564 | H10: 0.79166667 | I10: =iferror(24*( DATEDIF(A10,G10,"D")+TIMEVALUE(H10)-TIMEVALUE(F10)),0) -> 0 | J10: 0 | K10: 55 | L10: 55 | M10: mostly dry, cloudy | N10: 0 | O10: 0 | P10: 0 | Q10: 0 | R10: 0 | S10: 0 | T10: 0 | U10: 0 | V10: 0 | W10: 0 | X10: 0 | Y10: 0 | Z10: =sum(N10:Q10) -> 0 | AA10: =sum(R10:V10) -> 0 | AB10: =sum(N10:O10) -> 0 | AC10: =sum(R10:S10,V10) -> 0 | AD10: 0.16
A11: 43565 | B11: 1950 | C11: 2021 | D11: =choose(weekday(A11),"Fred/Phil", "Jane/Murr", "Tom","Sue/Anne","Shawn/Orems","Jeff", "Rob") -> Sue/Anne | G11: 43565 | I11: =iferror(24*( DATEDIF(A11,G11,"D")+TIMEVALUE(H11)-TIMEVALUE(F11)),0) -> 0 | N11: 0 | O11: 0 | P11: 0 | Q11: 0 | R11: 0 | S11: 0 | T11: 0 | U11: 0 | V11: 0 | W11: 0 | X11: 0 | Y11: 0 | Z11: =sum(N11:Q11) -> 0 | AA11: =sum(R11:V11) -> 0 | AB11: =sum(N11:O11) -> 0 | AC11: =sum(R11:S11,V11) -> 0 | AD11: 0.24
A12: 43566 | B12: 1952 | C12: 2022 | D12: =choose(weekday(A12),"Fred/Phil", "Jane/Murr", "Tom","Sue/Anne","Shawn/Orems","Jeff", "Rob") -> Shawn/Orems | E12: Y | F12: 0.84027778 | G12: 43566 | H12: 0.84722222 | I12: =iferror(24*( DATEDIF(A12,G12,"D")+TIMEVALUE(H12)-TIMEVALUE(F12)),0) -> 0.16666667 | J12: .l7 | K12: 52 | L12: 52 | M12: Dry, wet pavement | N12: 0 | O12: 0 | P12: 0 | Q12: 0 | R12: 0 | S12: 0 | T12: 0 | U12: 0 | V12: 0 | W12: 0 | X12: 0 | Y12: 0 | Z12: =sum(N12:Q12) -> 0 | AA12: =sum(R12:V12) -> 0 | AB12: =sum(N12:O12) -> 0 | AC12: =sum(R12:S12,V12) -> 0 | AD12: 0.34 | AE12: Very little sound in the wetlands
A13: 43567 | B13: 1953 | C13: 2024 | D13: =choose(weekday(A13),"Fred/Phil", "Jane/Murr", "Tom","Sue/Anne","Shawn/Orems","Jeff", "Rob") -> Jeff | E13: Y | F13: 0.85069444 | G13: 43567 | H13: 0.86458333 | I13: =iferror(24*( DATEDIF(A13,G13,"D")+TIMEVALUE(H13)-TIMEVALUE(F13)),0) -> 0.33333333 | J13: 0.33 | K13: 53 | L13: 53 | M13: Dry, clear w/ few clouds | N13: 0 | O13: 0 | P13: 0 | Q13: 0 | R13: 0 | S13: 0 | T13: 0 | U13: 0 | V13: 0 | W13: 0 | X13: 0 | Y13: 0 | Z13: =sum(N13:Q13) -> 0 | AA13: =sum(R13:V13) -> 0 | AB13: =sum(N13:O13) -> 0 | AC13: =sum(R13:S13,V13) -> 0 | AD13: 0.45
A14: 43568 | B14: 1954 | C14: 2025 | D14: =choose(weekday(A14),"Fred/Phil", "Jane/Murr", "Tom","Sue/Anne","Shawn/Orems","Jeff", "Rob") -> Rob | G14: 43568 | I14: =iferror(24*( DATEDIF(A14,G14,"D")+TIMEVALUE(H14)-TIMEVALUE(F14)),0) -> 0 | N14: 0 | O14: 0 | P14: 0 | Q14: 0 | R14: 0 | S14: 0 | T14: 0 | U14: 0 | V14: 0 | W14: 0 | X14: 0 | Y14: 0 | Z14: =sum(N14:Q14) -> 0 | AA14: =sum(R14:V14) -> 0 | AB14: =sum(N14:O14) -> 0 | AC14: =sum(R14:S14,V14) -> 0 | AD14: 0.56
A15: 43569 | B15: 1956 | C15: 2026 | D15: =choose(weekday(A15),"Fred/Phil", "Jane/Murr", "Tom","Sue/Anne","Shawn/Orems","Jeff", "Rob") -> Fred/Phil | G15: 43569 | I15: =iferror(24*( DATEDIF(A15,G15,"D")+TIMEVALUE(H15)-TIMEVALUE(F15)),0) -> 0 | N15: 0 | O15: 0 | P15: 0 | Q15: 0 | R15: 0 | S15: 0 | T15: 0 | U15: 0 | V15: 0 | W15: 0 | X15: 0 | Y15: 0 | Z15: =sum(N15:Q15) -> 0 | AA15: =sum(R15:V15) -> 0 | AB15: =sum(N15:O15) -> 0 | AC15: =sum(R15:S15,V15) -> 0 | AD15: 0.67
A16: 43570 | B16: 1957 | C16: 2028 | D16: =choose(weekday(A16),"Fred/Phil", "Jane/Murr", "Tom","Sue/Anne","Shawn/Orems","Jeff", "Rob") -> Jane/Murr | G16: 43570 | I16: =iferror(24*( DATEDIF(A16,G16,"D")+TIMEVALUE(H16)-TIMEVALUE(F16)),0) -> 0 | N16: 0 | O16: 0 | P16: 0 | Q16: 0 | R16: 0 | S16: 0 | T16: 0 | U16: 0 | V16: 0 | W16: 0 | X16: 0 | Y16: 0 | Z16: =sum(N16:Q16) -> 0 | AA16: =sum(R16:V16) -> 0 | AB16: =sum(N16:O16) -> 0 | AC16: =sum(R16:S16,V16) -> 0 | AD16: 0.78
A17: 43571 | B17: 1958 | C17: 2029 | D17: =choose(weekday(A17),"Fred/Phil", "Jane/Murr", "Tom","Sue/Anne","Shawn/Orems","Jeff", "Rob") -> Tom | G17: 43571 | I17: =iferror(24*( DATEDIF(A17,G17,"D")+TIMEVALUE(H17)-TIMEVALUE(F17)),0) -> 0 | N17: 0 | O17: 0 | P17: 0 | Q17: 0 | R17: 0 | S17: 0 | T17: 0 | U17: 0 | V17: 0 | W17: 0 | X17: 0 | Y17: 0 | Z17: =sum(N17:Q17) -> 0 | AA17: =sum(R17:V17) -> 0 | AB17: =sum(N17:O17) -> 0 | AC17: =sum(R17:S17,V17) -> 0 | AD17: 0.87
A18: 43572 | B18: 1959 | C18: 2031 | D18: =choose(weekday(A18),"Fred/Phil", "Jane/Murr", "Tom","Sue/Anne","Shawn/Orems","Jeff", "Rob") -> Sue/Anne | G18: 43572 | I18: =iferror(24*( DATEDIF(A18,G18,"D")+TIMEVALUE(H18)-TIMEVALUE(F18)),0) -> 0 | N18: 0 | O18: 0 | P18: 0 | Q18: 0 | R18: 0 | S18: 0 | T18: 0 | U18: 0 | V18: 0 | W18: 0 | X18: 0 | Y18: 0 | Z18: =sum(N18:Q18) -> 0 | AA18: =sum(R18:V18) -> 0 | AB18: =sum(N18:O18) -> 0 | AC18: =sum(R18:S18,V18) -> 0 | AD18: 0.94
A19: 43573 | B19: 2001 | C19: 2032 | D19: =choose(weekday(A19),"Fred/Phil", "Jane/Murr", "Tom","Sue/Anne","Shawn/Orems","Jeff", "Rob") -> Shawn/Orems | G19: 43573 | I19: =iferror(24*( DATEDIF(A19,G19,"D")+TIMEVALUE(H19)-TIMEVALUE(F19)),0) -> 0 | N19: 0 | O19: 0 | P19: 0 | Q19: 0 | R19: 0 | S19: 0 | T19: 0 | U19: 0 | V19: 0 | W19: 0 | X19: 0 | Y19: 0 | Z19: =sum(N19:Q19) -> 0 | AA19: =sum(R19:V19) -> 0 | AB19: =sum(N19:O19) -> 0 | AC19: =sum(R19:S19,V19) -> 0 | AD19: 0.98
A20: 43574 | B20: 2002 | C20: 2033 | D20: =choose(weekday(A20),"Fred/Phil", "Jane/Murr", "Tom","Sue/Anne","Shawn/Orems","Jeff", "Rob") -> Jeff | G20: 43574 | I20: =iferror(24*( DATEDIF(A20,G20,"D")+TIMEVALUE(H20)-TIMEVALUE(F20)),0) -> 0 | N20: 0 | O20: 0 | P20: 0 | Q20: 0 | R20: 0 | S20: 0 | T20: 0 | U20: 0 | V20: 0 | W20: 0 | X20: 0 | Y20: 0 | Z20: =sum(N20:Q20) -> 0 | AA20: =sum(R20:V20) -> 0 | AB20: =sum(N20:O20) -> 0 | AC20: =sum(R20:S20,V20) -> 0 | AD20: 1
A21: 43575 | B21: 2003 | C21: 2035 | D21: =choose(weekday(A21),"Fred/Phil", "Jane/Murr", "Tom","Sue/Anne","Shawn/Orems","Jeff", "Rob") -> Rob | G21: 43575 | I21: =iferror(24*( DATEDIF(A21,G21,"D")+TIMEVALUE(H21)-TIMEVALUE(F21)),0) -> 0 | N21: 0 | O21: 0 | P21: 0 | Q21: 0 | R21: 0 | S21: 0 | T21: 0 | U21: 0 | V21: 0 | W21: 0 | X21: 0 | Y21: 0 | Z21: =sum(N21:Q21) -> 0 | AA21: =sum(R21:V21) -> 0 | AB21: =sum(N21:O21) -> 0 | AC21: =sum(R21:S21,V21) -> 0 | AD21: 0.99
A22: 43576 | B22: 2005 | C22: 2036 | D22: =choose(weekday(A22),"Fred/Phil", "Jane/Murr", "Tom","Sue/Anne","Shawn/Orems","Jeff", "Rob") -> Fred/Phil | G22: 43576 | I22: =iferror(24*( DATEDIF(A22,G22,"D")+TIMEVALUE(H22)-TIMEVALUE(F22)),0) -> 0 | N22: 0 | O22: 0 | P22: 0 | Q22: 0 | R22: 0 | S22: 0 | T22: 0 | U22: 0 | V22: 0 | W22: 0 | X22: 0 | Y22: 0 | Z22: =sum(N22:Q22) -> 0 | AA22: =sum(R22:V22) -> 0 | AB22: =sum(N22:O22) -> 0 | AC22: =sum(R22:S22,V22) -> 0 | AD22: 0.95
A23: 43577 | B23: 2006 | C23: 2038 | D23: =choose(weekday(A23),"Fred/Phil", "Jane/Murr", "Tom","Sue/Anne","Shawn/Orems","Jeff", "Rob") -> Jane/Murr | G23: 43577 | I23: =iferror(24*( DATEDIF(A23,G23,"D")+TIMEVALUE(H23)-TIMEVALUE(F23)),0) -> 0 | N23: 0 | O23: 0 | P23: 0 | Q23: 0 | R23: 0 | S23: 0 | T23: 0 | U23: 0 | V23: 0 | W23: 0 | X23: 0 | Y23: 0 | Z23: =sum(N23:Q23) -> 0 | AA23: =sum(R23:V23) -> 0 | AB23: =sum(N23:O23) -> 0 | AC23: =sum(R23:S23,V23) -> 0 | AD23: 0.9
A24: 43578 | B24: 2007 | C24: 2039 | D24: =choose(weekday(A24),"Fred/Phil", "Jane/Murr", "Tom","Sue/Anne","Shawn/Orems","Jeff", "Rob") -> Tom | G24: 43578 | I24: =iferror(24*( DATEDIF(A24,G24,"D")+TIMEVALUE(H24)-TIMEVALUE(F24)),0) -> 0 | N24: 0 | O24: 0 | P24: 0 | Q24: 0 | R24: 0 | S24: 0 | T24: 0 | U24: 0 | V24: 0 | W24: 0 | X24: 0 | Y24: 0 | Z24: =sum(N24:Q24) -> 0 | AA24: =sum(R24:V24) -> 0 | AB24: =sum(N24:O24) -> 0 | AC24: =sum(R24:S24,V24) -> 0 | AD24: 0.83
A25: 43579 | B25: 2008 | C25: 2040 | D25: =choose(weekday(A25),"Fred/Phil", "Jane/Murr", "Tom","Sue/Anne","Shawn/Orems","Jeff", "Rob") -> Sue/Anne | G25: 43579 | I25: =iferror(24*( DATEDIF(A25,G25,"D")+TIMEVALUE(H25)-TIMEVALUE(F25)),0) -> 0 | N25: 0 | O25: 0 | P25: 0 | Q25: 0 | R25: 0 | S25: 0 | T25: 0 | U25: 0 | V25: 0 | W25: 0 | X25: 0 | Y25: 0 | Z25: =sum(N25:Q25) -> 0 | AA25: =sum(R25:V25) -> 0 | AB25: =sum(N25:O25) -> 0 | AC25: =sum(R25:S25,V25) -> 0 | AD25: 0.74
... A31: 43585 | B31: 2016 | C31: 2049 | D31: =choose(weekday(A31),"Fred/Phil", "Jane/Murr", "Tom","Sue/Anne","Shawn/Orems","Jeff", "Rob") -> Tom | G31: 43585 | I31: =iferror(24*( DATEDIF(A31,G31,"D")+TIMEVALUE(H31)-TIMEVALUE(F31)),0) -> 0 | N31: 0 | O31: 0 | P31: 0 | Q31: 0 | R31: 0 | S31: 0 | T31: 0 | U31: 0 | V31: 0 | W31: 0 | X31: 0 | Y31: 0 | Z31: =sum(N31:Q31) -> 0 | AA31: =sum(R31:V31) -> 0 | AB31: =sum(N31:O31) -> 0 | AC31: =sum(R31:S31,V31) -> 0 | AD31: 0.2
A32: xx/xx/xxxx | B32: X | C32: X | I32: =H32-F32 -> 0 | N32: xxxx | O32: xxxx | P32: xxxx | Q32: xxxx | R32: xxxx | S32: xxxx | T32: xxxx | U32: xxxx | V32: xxxx | W32: xxxx | X32: xxxx | Y32: xxxx | Z32: xxxx | AA32: xxxx | AB32: xxxx | AC32: xxxx | AD32: X
D33: Monthly total | I33: =SUM(I3:I32) -> 17.5 | J33: =SUM(J2:J32) -> 63.23 | N33: =sum(N2:N32) -> 0 | O33: =sum(O2:O32) -> 0 | P33: =sum(P2:P32) -> 0 | Q33: =sum(Q2:Q32) -> 0 | R33: =sum(R2:R32) -> 17 | S33: =sum(S2:S32) -> 294 | T33: =sum(T2:T32) -> 0 | U33: =sum(U2:U32) -> 0 | ... Y33: =sum(Y2:Y32) -> 2 | Z33: =SUM(Z2:Z32) -> 0 | AA33: =SUM(AA2:AA32) -> 316 | AB33: =sum(AB2:AB32) -> 0 | AC33: =sum(AC2:AC32) -> 316
D34: Cumulative Total | I34: ='November 2018'!I$34+'December 2018'!I$33+'January 2019'!I$33+'February 2019'!I$33+'March 2019'!I$33+'April 2019'!I$33 -> 145.81028 | J34: ='November 2018'!J$34+'December 2018'!J$33+'January 2019'!J$33+'February 2019'!J$33+'March 2019'!J$33+'April 2019'!J$33 -> 558.96167 | N34: ='November 2018'!N$34+'December 2018'!N$33+'January 2019'!N$33+'February 2019'!N$33+'March 2019'!N$33+'April 2019'!N$33 -> 90 | O34: ='November 2018'!O$34+'December 2018'!O$33+'January 2019'!O$33+'February 2019'!O$33+'March 2019'!O$33+'April 2019'!O$33 -> 1134 | P34: ='November 2018'!P$34+'December 2018'!P$33+'January 2019'!P$33+'February 2019'!P$33+'March 2019'!P$33+'April 2019'!P$33 -> 3 | Q34: ='November 2018'!Q$34+'December 2018'!Q$33+'January 2019'!Q$33+'February 2019'!Q$33+'March 2019'!Q$33+'April 2019'!Q$33 -> 4 | R34: ='November 2018'!R$34+'December 2018'!R$33+'January 2019'!R$33+'February 2019'!R$33+'March 2019'!R$33+'April 2019'!R$33 -> 124 | S34: ='November 2018'!S$34+'December 2018'!S$33+'January 2019'!S$33+'February 2019'!S$33+'March 2019'!S$33+'April 2019'!S$33 -> 791 | T34: ='November 2018'!T$34+'December 2018'!T$33+'January 2019'!T$33+'February 2019'!T$33+'March 2019'!T$33+'April 2019'!T$33 -> 6 | U34: ='November 2018'!U$34+'December 2018'!U$33+'January 2019'!U$33+'February 2019'!U$33+'March 2019'!U$33+'April 2019'!U$33 -> 17 | ... AA34: ='November 2018'!AA$34+'December 2018'!AA$33+'January 2019'!AA$33+'February 2019'!AA$33+'March 2019'!AA$33+'April 2019'!AA$33 -> 944 | AB34: ='November 2018'!AB34+'December 2018'!AB33+'January 2019'!AB33+'February 2019'!AB33+'March 2019'!AB33+'April 2019'!AB33 -> 1224 | AC34: ='November 2018'!AC34+'December 2018'!AC33+'January 2019'!AC33+'February 2019'!AC33+'March 2019'!AC33+'April 2019'!AC33 -> 921
D35: Season Total | I35: ='November 2018'!I$34+'December 2018'!I$33+'January 2019'!I$33+'February 2019'!I$33+'March 2019'!I$33+'April 2019'!I$33 -> 145.81028 | J35: ='November 2018'!J34+'December 2018'!J33+'January 2019'!J33+'February 2019'!J33+'March 2019'!J33+'April 2019'!J33 -> 558.96167 | N35: ='November 2018'!N34+'December 2018'!N33+'January 2019'!N33+'February 2019'!N33+'March 2019'!N33+'April 2019'!N33 -> 90 | O35: ='November 2018'!O34+'December 2018'!O33+'January 2019'!O33+'February 2019'!O33+'March 2019'!O33+'April 2019'!O33 -> 1134 | P35: ='November 2018'!P34+'December 2018'!P33+'January 2019'!P33+'February 2019'!P33+'March 2019'!P33+'April 2019'!P33 -> 3 | Q35: ='November 2018'!Q34+'December 2018'!Q33+'January 2019'!Q33+'February 2019'!Q33+'March 2019'!Q33+'April 2019'!Q33 -> 4 | R35: ='November 2018'!R34+'December 2018'!R33+'January 2019'!R33+'February 2019'!R33+'March 2019'!R33+'April 2019'!R33 -> 124 | S35: ='November 2018'!S34+'December 2018'!S33+'January 2019'!S33+'February 2019'!S33+'March 2019'!S33+'April 2019'!S33 -> 791 | T35: ='November 2018'!T34+'December 2018'!T33+'January 2019'!T33+'February 2019'!T33+'March 2019'!T33+'April 2019'!T33 -> 6 | U35: ='November 2018'!U34+'December 2018'!U33+'January 2019'!U33+'February 2019'!U33+'March 2019'!U33+'April 2019'!U33 -> 17 | ... AC35: ='November 2018'!AC34+'December 2018'!AC33+'January 2019'!AC33+'February 2019'!AC33+'March 2019'!AC33+'April 2019'!AC33 -> 921 | AE35: =Z35+AA35 -> 2175 | AF35: =(AA35-Z35)/Z35 -> -0.23314379
D36: 2017-18 Total | N36: 135 | O36: 281 | P36: 7 | Q36: 10 | R36: 104 | S36: 165 | T36: 9 | U36: 7 | Z36: 433 | AA36: 297 | AB36: =sum(N36:O36) -> 416 | AC36: =sum(R36:S36) -> 269 | AE36: =Z36+AA36 -> 730 | AF36: =(AA36-Z36)/Z36 -> -0.31408776
D37: 2016-17 Total | N37: 465 | O37: 340 | P37: 24 | Q37: 5 | R37: 387 | S37: 343 | T37: 16 | U37: 5 | Z37: 834 | AA37: 751 | AB37: 805 | AC37: =sum(R37:S37) -> 730 | AE37: =Z37+AA37 -> 1585 | AF37: =(AA37-Z37)/Z37 -> -0.099520384
D38: 2015-16 Total | Z38: 688 | AA38: 1040 | AE38: =Z38+AA38 -> 1728 | AF38: =(AA38-Z38)/Z38 -> 0.51162791
D39: 2014-15 Total | Z39: 695 | AA39: 750 | AE39: =Z39+AA39 -> 1445 | AF39: =(AA39-Z39)/Z39 -> 0.079136691
D40: 2013-14 Total | Z40: 580 | AA40: 572 | AE40: =Z40+AA40 -> 1152 | AF40: =(AA40-Z40)/Z40 -> -0.013793103

Sheet November 2018
A1: Date | B1: Sunset | C1: Civil Twilight | D1: Captain | E1: Monitored (Y/N) | F1: Start time HH:MM | G1: End Date | H1: End time HH:MM | I1: Hours Monitored | J1: Team Hrs. | K1: Start Temp | L1: End Temp | M1: Weather | N1: Females assisted down | O1: Males assisted down | P1: Females unassisted down | Q1: Males unassisted down | R1: Females assisted up | S1: Males assisted up | T1: Females unassisted up | U1: Males unassisted up | V1: Juveniles | W1: Roadkills female | X1: Roadkills male | Y1: Roadkills unk | Z1: Total Frogs down | AA1: Total Frogs up | AB1: Total Frogs Assisted Down | AC1: Total Frogs Assisted Up | AD1: % moon visible | AE1: Comments
A2: 43405 | B2: 1757 | C2: 1828 | D2: =choose(weekday(A2),"Fred/Phil", "Jane/Murr", "Tom","Sue/Anne","Shawn/Orems","Jeff", "Rob") -> Shawn/Orems | G2: 43405 | I2: =iferror(24*( DATEDIF(A2,G2,"D")+TIMEVALUE(H2)-TIMEVALUE(F2)),0) -> 0 | N2: 0 | O2: 0 | P2: 0 | Q2: 0 | R2: 0 | S2: 0 | T2: 0 | U2: 0 | V2: 0 | W2: 0 | X2: 0 | Y2: 0 | Z2: =sum(N2:Q2) -> 0 | AA2: =sum(R2:V2) -> 0 | AB2: =sum(N2:O2) -> 0 | AC2: =sum(R2:S2,V2) -> 0 | AD2: 0.43
A3: 43406 | B3: 1756 | C3: 1827 | D3: =choose(weekday(A3),"Fred/Phil", "Jane/Murr", "Tom","Sue/Anne","Shawn/Orems","Jeff", "Rob") -> Jeff | E3: N | F3: 0.8125 | G3: 43406 | H3: 0.8125 | I3: =iferror(24*( DATEDIF(A3,G3,"D")+TIMEVALUE(H3)-TIMEVALUE(F3)),0) -> 0 | J3: 0 | K3: 60 | L3: 60 | M3: Dry and clear all day | N3: 0 | O3: 0 | P3: 0 | Q3: 0 | R3: 0 | S3: 0 | T3: 0 | U3: 0 | V3: 0 | W3: 0 | X3: 0 | Y3: 0 | Z3: =sum(N3:Q3) -> 0 | AA3: =sum(R3:V3) -> 0 | AB3: =sum(N3:O3) -> 0 | AC3: =sum(R3:S3,V3) -> 0 | AD3: 0.32 | AE3: Walked the wetland. Standing water is collecting but is concealed by the grass in most areas. NW corner near western dike has open, reflecting water, << 1% of total wetland area.
A4: 43407 | B4: 1755 | C4: 1826 | D4: =choose(weekday(A4),"Fred/Phil", "Jane/Murr", "Tom","Sue/Anne","Shawn/Orems","Jeff", "Rob") -> Rob | G4: 43407 | I4: =iferror(24*( DATEDIF(A4,G4,"D")+TIMEVALUE(H4)-TIMEVALUE(F4)),0) -> 0 | N4: 0 | O4: 0 | P4: 0 | Q4: 0 | R4: 0 | S4: 0 | T4: 0 | U4: 0 | V4: 0 | W4: 0 | X4: 0 | Y4: 0 | Z4: =sum(N4:Q4) -> 0 | AA4: =sum(R4:V4) -> 0 | AB4: =sum(N4:O4) -> 0 | AC4: =sum(R4:S4,V4) -> 0 | AD4: 0.22
A5: 43408 | B5: 1653 | C5: 1724 | D5: =choose(weekday(A5),"Fred/Phil", "Jane/Murr", "Tom","Sue/Anne","Shawn/Orems","Jeff", "Rob") -> Fred/Phil | G5: 43408 | I5: =iferror(24*( DATEDIF(A5,G5,"D")+TIMEVALUE(H5)-TIMEVALUE(F5)),0) -> 0 | N5: 0 | O5: 0 | P5: 0 | Q5: 0 | R5: 0 | S5: 0 | T5: 0 | U5: 0 | V5: 0 | W5: 0 | X5: 0 | Y5: 0 | Z5: =sum(N5:Q5) -> 0 | AA5: =sum(R5:V5) -> 0 | AB5: =sum(N5:O5) -> 0 | AC5: =sum(R5:S5,V5) -> 0 | AD5: 0.13
A6: 43409 | B6: 1652 | C6: 1723 | D6: =choose(weekday(A6),"Fred/Phil", "Jane/Murr", "Tom","Sue/Anne","Shawn/Orems","Jeff", "Rob") -> Jane/Murr | E6: N | F6: 0.72916667 | G6: 43409 | I6: =iferror(24*( DATEDIF(A6,G6,"D")+TIMEVALUE(H6)-TIMEVALUE(F6)),0) -> 0 | K6: 47 | L6: 48 | M6: Dry | N6: 0 | O6: 0 | P6: 0 | Q6: 0 | R6: 0 | S6: 0 | T6: 0 | U6: 0 | V6: 0 | W6: 0 | X6: 0 | Y6: 0 | Z6: =sum(N6:Q6) -> 0 | AA6: =sum(R6:V6) -> 0 | AB6: =sum(N6:O6) -> 0 | AC6: =sum(R6:S6,V6) -> 0 | AD6: 0.07
A7: 43410 | B7: 1651 | C7: 1722 | D7: =choose(weekday(A7),"Fred/Phil", "Jane/Murr", "Tom","Sue/Anne","Shawn/Orems","Jeff", "Rob") -> Tom | G7: 43410 | I7: =iferror(24*( DATEDIF(A7,G7,"D")+TIMEVALUE(H7)-TIMEVALUE(F7)),0) -> 0 | N7: 0 | O7: 0 | P7: 0 | Q7: 0 | R7: 0 | S7: 0 | T7: 0 | U7: 0 | V7: 0 | W7: 0 | X7: 0 | Y7: 0 | Z7: =sum(N7:Q7) -> 0 | AA7: =sum(R7:V7) -> 0 | AB7: =sum(N7:O7) -> 0 | AC7: =sum(R7:S7,V7) -> 0 | AD7: 0.02
A8: 43411 | B8: 1649 | C8: 1721 | D8: =choose(weekday(A8),"Fred/Phil", "Jane/Murr", "Tom","Sue/Anne","Shawn/Orems","Jeff", "Rob") -> Sue/Anne | G8: 43411 | I8: =iferror(24*( DATEDIF(A8,G8,"D")+TIMEVALUE(H8)-TIMEVALUE(F8)),0) -> 0 | N8: 0 | O8: 0 | P8: 0 | Q8: 0 | R8: 0 | S8: 0 | T8: 0 | U8: 0 | V8: 0 | W8: 0 | X8: 0 | Y8: 0 | Z8: =sum(N8:Q8) -> 0 | AA8: =sum(R8:V8) -> 0 | AB8: =sum(N8:O8) -> 0 | AC8: =sum(R8:S8,V8) -> 0 | AD8: 0
A9: 43412 | B9: 1648 | C9: 1720 | D9: =choose(weekday(A9),"Fred/Phil", "Jane/Murr", "Tom","Sue/Anne","Shawn/Orems","Jeff", "Rob") -> Shawn/Orems | E9: N | G9: 43412 | I9: =iferror(24*( DATEDIF(A9,G9,"D")+TIMEVALUE(H9)-TIMEVALUE(F9)),0) -> 0 | N9: 0 | O9: 0 | P9: 0 | Q9: 0 | R9: 0 | S9: 0 | T9: 0 | U9: 0 | V9: 0 | W9: 0 | X9: 0 | Y9: 0 | Z9: =sum(N9:Q9) -> 0 | AA9: =sum(R9:V9) -> 0 | AB9: =sum(N9:O9) -> 0 | AC9: =sum(R9:S9,V9) -> 0 | AD9: 0.01
A10: 43413 | B10: 1647 | C10: 1718 | D10: =choose(weekday(A10),"Fred/Phil", "Jane/Murr", "Tom","Sue/Anne","Shawn/Orems","Jeff", "Rob") -> Jeff | E10: Y | F10: 0.77083333 | G10: 43413 | H10: 0.77430556 | I10: =iferror(24*( DATEDIF(A10,G10,"D")+TIMEVALUE(H10)-TIMEVALUE(F10)),0) -> 0.083333333 | K10: 47 | L10: 47 | M10: Dry, light overcast, no rain | N10: 0 | O10: 0 | P10: 0 | Q10: 0 | R10: 0 | S10: 0 | T10: 0 | U10: 0 | V10: 0 | W10: 0 | X10: 0 | Y10: 0 | Z10: =sum(N10:Q10) -> 0 | AA10: =sum(R10:V10) -> 0 | AB10: =sum(N10:O10) -> 0 | AC10: =sum(R10:S10,V10) -> 0 | AD10: 0.03
A11: 43414 | B11: 1646 | C11: 1717 | D11: =choose(weekday(A11),"Fred/Phil", "Jane/Murr", "Tom","Sue/Anne","Shawn/Orems","Jeff", "Rob") -> Rob | G11: 43414 | I11: =iferror(24*( DATEDIF(A11,G11,"D")+TIMEVALUE(H11)-TIMEVALUE(F11)),0) -> 0 | N11: 0 | O11: 0 | P11: 0 | Q11: 0 | R11: 0 | S11: 0 | T11: 0 | U11: 0 | V11: 0 | W11: 0 | X11: 0 | Y11: 0 | Z11: =sum(N11:Q11) -> 0 | AA11: =sum(R11:V11) -> 0 | AB11: =sum(N11:O11) -> 0 | AC11: =sum(R11:S11,V11) -> 0 | AD11: 0.08
A12: 43415 | B12: 1644 | C12: 1716 | D12: =choose(weekday(A12),"Fred/Phil", "Jane/Murr", "Tom","Sue/Anne","Shawn/Orems","Jeff", "Rob") -> Fred/Phil | G12: 43415 | I12: =iferror(24*( DATEDIF(A12,G12,"D")+TIMEVALUE(H12)-TIMEVALUE(F12)),0) -> 0 | N12: 0 | O12: 0 | P12: 0 | Q12: 0 | R12: 0 | S12: 0 | T12: 0 | U12: 0 | V12: 0 | W12: 0 | X12: 0 | Y12: 0 | Z12: =sum(N12:Q12) -> 0 | AA12: =sum(R12:V12) -> 0 | AB12: =sum(N12:O12) -> 0 | AC12: =sum(R12:S12,V12) -> 0 | AD12: 0.14
A13: 43416 | B13: 1643 | C13: 1715 | D13: =choose(weekday(A13),"Fred/Phil", "Jane/Murr", "Tom","Sue/Anne","Shawn/Orems","Jeff", "Rob") -> Jane/Murr | E13: N | F13: 0.72916667 | G13: 43416 | H13: 0.72916667 | I13: =iferror(24*( DATEDIF(A13,G13,"D")+TIMEVALUE(H13)-TIMEVALUE(F13)),0) -> 0 | K13: 48 | L13: 348 | M13: Very dry | N13: 0 | O13: 0 | P13: 0 | Q13: 0 | R13: 0 | S13: 0 | T13: 0 | U13: 0 | V13: 0 | W13: 0 | X13: 0 | Y13: 0 | Z13: =sum(N13:Q13) -> 0 | AA13: =sum(R13:V13) -> 0 | AB13: =sum(N13:O13) -> 0 | AC13: =sum(R13:S13,V13) -> 0 | AD13: 0.21
A14: 43417 | B14: 1642 | C14: 1714 | D14: =choose(weekday(A14),"Fred/Phil", "Jane/Murr", "Tom","Sue/Anne","Shawn/Orems","Jeff", "Rob") -> Tom | G14: 43417 | I14: =iferror(24*( DATEDIF(A14,G14,"D")+TIMEVALUE(H14)-TIMEVALUE(F14)),0) -> 0 | N14: 0 | O14: 0 | P14: 0 | Q14: 0 | R14: 0 | S14: 0 | T14: 0 | U14: 0 | V14: 0 | W14: 0 | X14: 0 | Y14: 0 | Z14: =sum(N14:Q14) -> 0 | AA14: =sum(R14:V14) -> 0 | AB14: =sum(N14:O14) -> 0 | AC14: =sum(R14:S14,V14) -> 0 | AD14: 0.29
A15: 43418 | B15: 1641 | C15: 1713 | D15: =choose(weekday(A15),"Fred/Phil", "Jane/Murr", "Tom","Sue/Anne","Shawn/Orems","Jeff", "Rob") -> Sue/Anne | G15: 43418 | I15: =iferror(24*( DATEDIF(A15,G15,"D")+TIMEVALUE(H15)-TIMEVALUE(F15)),0) -> 0 | N15: 0 | O15: 0 | P15: 0 | Q15: 0 | R15: 0 | S15: 0 | T15: 0 | U15: 0 | V15: 0 | W15: 0 | X15: 0 | Y15: 0 | Z15: =sum(N15:Q15) -> 0 | AA15: =sum(R15:V15) -> 0 | AB15: =sum(N15:O15) -> 0 | AC15: =sum(R15:S15,V15) -> 0 | AD15: 0.38
A16: 43419 | B16: 1640 | C16: 1712 | D16: =choose(weekday(A16),"Fred/Phil", "Jane/Murr", "Tom","Sue/Anne","Shawn/Orems","Jeff", "Rob") -> Shawn/Orems | E16: N | G16: 43419 | I16: =iferror(24*( DATEDIF(A16,G16,"D")+TIMEVALUE(H16)-TIMEVALUE(F16)),0) -> 0 | N16: 0 | O16: 0 | P16: 0 | Q16: 0 | R16: 0 | S16: 0 | T16: 0 | U16: 0 | V16: 0 | W16: 0 | X16: 0 | Y16: 0 | Z16: =sum(N16:Q16) -> 0 | AA16: =sum(R16:V16) -> 0 | AB16: =sum(N16:O16) -> 0 | AC16: =sum(R16:S16,V16) -> 0 | AD16: 0.47
A17: 43420 | B17: 1639 | C17: 1711 | D17: =choose(weekday(A17),"Fred/Phil", "Jane/Murr", "Tom","Sue/Anne","Shawn/Orems","Jeff", "Rob") -> Jeff | E17: N | F17: 0.725 | G17: 43420 | H17: 0.725 | I17: =iferror(24*( DATEDIF(A17,G17,"D")+TIMEVALUE(H17)-TIMEVALUE(F17)),0) -> 0 | K17: 54 | L17: 54 | M17: Dry, light overcast | N17: 0 | O17: 0 | P17: 0 | Q17: 0 | R17: 0 | S17: 0 | T17: 0 | U17: 0 | V17: 0 | W17: 0 | X17: 0 | Y17: 0 | Z17: =sum(N17:Q17) -> 0 | AA17: =sum(R17:V17) -> 0 | AB17: =sum(N17:O17) -> 0 | AC17: =sum(R17:S17,V17) -> 0 | AD17: 0.57
A18: 43421 | B18: 1638 | C18: 1710 | D18: =choose(weekday(A18),"Fred/Phil", "Jane/Murr", "Tom","Sue/Anne","Shawn/Orems","Jeff", "Rob") -> Rob | G18: 43421 | I18: =iferror(24*( DATEDIF(A18,G18,"D")+TIMEVALUE(H18)-TIMEVALUE(F18)),0) -> 0 | N18: 0 | O18: 0 | P18: 0 | Q18: 0 | R18: 0 | S18: 0 | T18: 0 | U18: 0 | V18: 0 | W18: 0 | X18: 0 | Y18: 0 | Z18: =sum(N18:Q18) -> 0 | AA18: =sum(R18:V18) -> 0 | AB18: =sum(N18:O18) -> 0 | AC18: =sum(R18:S18,V18) -> 0 | AD18: 0.66
A19: 43422 | B19: 1637 | C19: 1710 | D19: =choose(weekday(A19),"Fred/Phil", "Jane/Murr", "Tom","Sue/Anne","Shawn/Orems","Jeff", "Rob") -> Fred/Phil | G19: 43422 | I19: =iferror(24*( DATEDIF(A19,G19,"D")+TIMEVALUE(H19)-TIMEVALUE(F19)),0) -> 0 | N19: 0 | O19: 0 | P19: 0 | Q19: 0 | R19: 0 | S19: 0 | T19: 0 | U19: 0 | V19: 0 | W19: 0 | X19: 0 | Y19: 0 | Z19: =sum(N19:Q19) -> 0 | AA19: =sum(R19:V19) -> 0 | AB19: =sum(N19:O19) -> 0 | AC19: =sum(R19:S19,V19) -> 0 | AD19: 0.75
A20: 43423 | B20: 1636 | C20: 1709 | D20: =choose(weekday(A20),"Fred/Phil", "Jane/Murr", "Tom","Sue/Anne","Shawn/Orems","Jeff", "Rob") -> Jane/Murr | E20: N | F20: 0.72916667 | G20: 43423 | H20: 0.72916667 | I20: =iferror(24*( DATEDIF(A20,G20,"D")+TIMEVALUE(H20)-TIMEVALUE(F20)),0) -> 0 | K20: 48 | M20: Dry | N20: 0 | O20: 0 | P20: 0 | Q20: 0 | R20: 0 | S20: 0 | T20: 0 | U20: 0 | V20: 0 | W20: 0 | X20: 0 | Y20: 0 | Z20: =sum(N20:Q20) -> 0 | AA20: =sum(R20:V20) -> 0 | AB20: =sum(N20:O20) -> 0 | AC20: =sum(R20:S20,V20) -> 0 | AD20: 0.83
A21: 43424 | B21: 1635 | C21: 1708 | D21: =choose(weekday(A21),"Fred/Phil", "Jane/Murr", "Tom","Sue/Anne","Shawn/Orems","Jeff", "Rob") -> Tom | G21: 43424 | I21: =iferror(24*( DATEDIF(A21,G21,"D")+TIMEVALUE(H21)-TIMEVALUE(F21)),0) -> 0 | N21: 0 | O21: 0 | P21: 0 | Q21: 0 | R21: 0 | S21: 0 | T21: 0 | U21: 0 | V21: 0 | W21: 0 | X21: 0 | Y21: 0 | Z21: =sum(N21:Q21) -> 0 | AA21: =sum(R21:V21) -> 0 | AB21: =sum(N21:O21) -> 0 | AC21: =sum(R21:S21,V21) -> 0 | AD21: 0.9
A22: 43425 | B22: 1635 | C22: 1707 | D22: =choose(weekday(A22),"Fred/Phil", "Jane/Murr", "Tom","Sue/Anne","Shawn/Orems","Jeff", "Rob") -> Sue/Anne | E22: Y | F22: 0.77083333 | G22: 43425 | H22: 0.78125 | I22: =iferror(24*( DATEDIF(A22,G22,"D")+TIMEVALUE(H22)-TIMEVALUE(F22)),0) -> 0.25 | K22: 48 | L22: 47 | M22: Very slight mist on and off | N22: 0 | O22: 0 | P22: 0 | Q22: 0 | R22: 0 | S22: 0 | T22: 0 | U22: 0 | V22: 0 | W22: 0 | X22: 0 | Y22: 0 | Z22: =sum(N22:Q22) -> 0 | AA22: =sum(R22:V22) -> 0 | AB22: =sum(N22:O22) -> 0 | AC22: =sum(R22:S22,V22) -> 0 | AD22: 0.95
A23: 43426 | B23: 1634 | C23: 1707 | D23: =choose(weekday(A23),"Fred/Phil", "Jane/Murr", "Tom","Sue/Anne","Shawn/Orems","Jeff", "Rob") -> Shawn/Orems | E23: Y (x2) | F23: 0.21875 | G23: 43426 | H23: 0.22916667 | I23: =iferror(24*( DATEDIF(A23,G23,"D")+TIMEVALUE(H23)-TIMEVALUE(F23)),0) -> 0.25 | K23: 47 | M23: Dry, wet pavement | N23: 0 | O23: 0 | P23: 0 | Q23: 0 | R23: 0 | S23: 0 | T23: 0 | U23: 0 | V23: 0 | W23: 0 | X23: 0 | Y23: 0 | Z23: =sum(N23:Q23) -> 0 | AA23: =sum(R23:V23) -> 0 | AB23: =sum(N23:O23) -> 0 | AC23: =sum(R23:S23,V23) -> 0 | AD23: 0.99
A24: 43426 | D24: =choose(weekday(A24),"Fred/Phil", "Jane/Murr", "Tom","Sue/Anne","Shawn/Orems","Jeff", "Rob") -> Shawn/Orems | E24: Y | F24: 0.27083333 | H24: 0.28125 | I24: 0.25 | K24: 47 | M24: Raining | N24: 0 | O24: 0 | P24: 0 | Q24: 0 | R24: 0
A25: 43427 | B25: 1633 | C25: 1706 | D25: =choose(weekday(A25),"Fred/Phil", "Jane/Murr", "Tom","Sue/Anne","Shawn/Orems","Jeff", "Rob") -> Jeff | E25: Y | F25: 0.71111111 | G25: 43427 | H25: 0.75 | I25: =iferror(24*( DATEDIF(A25,G25,"D")+TIMEVALUE(H25)-TIMEVALUE(F25)),0) -> 0.93333333 | K25: 47 | L25: 46 | M25: Very wet, off and on heavy rain | N25: 0 | O25: 0 | P25: 0 | Q25: 0 | R25: 0 | S25: 0 | T25: 0 | U25: 0 | V25: 0 | W25: 0 | X25: 0 | Y25: 0 | Z25: =sum(N25:Q25) -> 0 | AA25: =sum(R25:V25) -> 0 | AB25: =sum(N25:O25) -> 0 | AC25: =sum(R25:S25,V25) -> 0 | AD25: 1 | AE25: No visible or audible flow in creek. Thin, weak sheet flow in culvert box.
A26: 43428 | B26: 1632 | C26: 1705 | D26: =choose(weekday(A26),"Fred/Phil", "Jane/Murr", "Tom","Sue/Anne","Shawn/Orems","Jeff", "Rob") -> Rob | E26: y | F26: 0.19791667 | G26: 43428 | I26: =iferror(24*( DATEDIF(A26,G26,"D")+TIMEVALUE(H26)-TIMEVALUE(F26)),0) -> 0 | K26: 43 | M26: foggy, dry road | N26: 0 | O26: 0 | P26: 0 | Q26: 0 | R26: 0 | S26: 0 | T26: 0 | U26: 0 | V26: 0 | W26: 0 | X26: 0 | Y26: 0 | Z26: =sum(N26:Q26) -> 0 | AA26: =sum(R26:V26) -> 0 | AB26: =sum(N26:O26) -> 0 | AC26: =sum(R26:S26,V26) -> 0 | AD26: 0.98
A27: 43429 | B27: 1632 | C27: 1705 | D27: =choose(weekday(A27),"Fred/Phil", "Jane/Murr", "Tom","Sue/Anne","Shawn/Orems","Jeff", "Rob") -> Fred/Phil | E27: Y | F27: 0.71527778 | G27: 43429 | H27: 0.75 | I27: =iferror(24*( DATEDIF(A27,G27,"D")+TIMEVALUE(H27)-TIMEVALUE(F27)),0) -> 0.83333333 | K27: 44 | L27: 43 | M27: Foggy, dry road | N27: 0 | O27: 0 | P27: 0 | Q27: 0 | R27: 0 | S27: 0 | T27: 0 | U27: 0 | V27: 0 | W27: 0 | X27: 0 | Y27: 0 | Z27: =sum(N27:Q27) -> 0 | AA27: =sum(R27:V27) -> 0 | AB27: =sum(N27:O27) -> 0 | AC27: =sum(R27:S27,V27) -> 0 | AD27: 0.94
A28: 43430 | B28: 1631 | C28: 1704 | D28: =choose(weekday(A28),"Fred/Phil", "Jane/Murr", "Tom","Sue/Anne","Shawn/Orems","Jeff", "Rob") -> Jane/Murr | E28: Y | F28: 0.71527778 | G28: 43430 | H28: 0.77083333 | I28: =iferror(24*( DATEDIF(A28,G28,"D")+TIMEVALUE(H28)-TIMEVALUE(F28)),0) -> 1.3333333 | K28: 50 | L28: 51 | M28: Quick shower, but otherwise no rain | N28: 0 | O28: 0 | P28: 0 | Q28: 0 | R28: 0 | S28: 0 | T28: 0 | U28: 0 | V28: 0 | W28: 0 | X28: 0 | Y28: 0 | Z28: =sum(N28:Q28) -> 0 | AA28: =sum(R28:V28) -> 0 | AB28: =sum(N28:O28) -> 0 | AC28: =sum(R28:S28,V28) -> 0 | AD28: 0.88
A29: 43431 | B29: 1631 | C29: 1704 | D29: =choose(weekday(A29),"Fred/Phil", "Jane/Murr", "Tom","Sue/Anne","Shawn/Orems","Jeff", "Rob") -> Tom | G29: 43431 | I29: =iferror(24*( DATEDIF(A29,G29,"D")+TIMEVALUE(H29)-TIMEVALUE(F29)),0) -> 0 | N29: 0 | O29: 0 | P29: 0 | Q29: 0 | R29: 0 | S29: 0 | T29: 0 | U29: 0 | V29: 0 | W29: 0 | X29: 0 | Y29: 0 | Z29: =sum(N29:Q29) -> 0 | AA29: =sum(R29:V29) -> 0 | AB29: =sum(N29:O29) -> 0 | AC29: =sum(R29:S29,V29) -> 0 | AD29: 0.79
A30: 43432 | B30: 1630 | C30: 1703 | D30: =choose(weekday(A30),"Fred/Phil", "Jane/Murr", "Tom","Sue/Anne","Shawn/Orems","Jeff", "Rob") -> Sue/Anne | G30: 43432 | I30: =iferror(24*( DATEDIF(A30,G30,"D")+TIMEVALUE(H30)-TIMEVALUE(F30)),0) -> 0 | N30: 0 | O30: 0 | P30: 0 | Q30: 0 | R30: 0 | S30: 0 | T30: 0 | U30: 0 | V30: 0 | W30: 0 | X30: 0 | Y30: 0 | Z30: =sum(N30:Q30) -> 0 | AA30: =sum(R30:V30) -> 0 | AB30: =sum(N30:O30) -> 0 | AC30: =sum(R30:S30,V30) -> 0 | AD30: 0.69
A31: 43433 | B31: 1630 | C31: 1703 | D31: =choose(weekday(A31),"Fred/Phil", "Jane/Murr", "Tom","Sue/Anne","Shawn/Orems","Jeff", "Rob") -> Shawn/Orems | E31: N | F31: 0.72916667 | G31: 43433 | I31: =iferror(24*( DATEDIF(A31,G31,"D")+TIMEVALUE(H31)-TIMEVALUE(F31)),0) -> 0 | K31: 47 | M31: Dry | N31: 0 | O31: 0 | P31: 0 | Q31: 0 | R31: 0 | S31: 0 | T31: 0 | U31: 0 | V31: 0 | W31: 0 | X31: 0 | Y31: 0 | Z31: =sum(N31:Q31) -> 0 | AA31: =sum(R31:V31) -> 0 | AB31: =sum(N31:O31) -> 0 | AC31: =sum(R31:S31,V31) -> 0 | AD31: 0.58
A32: 43434 | B32: 1629 | C32: 1703 | D32: =choose(weekday(A32),"Fred/Phil", "Jane/Murr", "Tom","Sue/Anne","Shawn/Orems","Jeff", "Rob") -> Jeff | E32: Y | F32: 0.70833333 | G32: 43434 | H32: 0.75347222 | I32: =iferror(24*( DATEDIF(A32,G32,"D")+TIMEVALUE(H32)-TIMEVALUE(F32)),0) -> 1.0833333 | K32: 44 | L32: 44 | M32: Dense low clouds, heavy rain turning to showers | N32: 0 | O32: 0 | P32: 0 | Q32: 0 | R32: 0 | S32: 0 | T32: 0 | U32: 0 | V32: 0 | W32: 0 | X32: 0 | Y32: 0 | Z32: =sum(N32:Q32) -> 0 | AA32: =sum(R32:V32) -> 0 | AB32: =sum(N32:O32) -> 0 | AC32: =sum(R32:S32,V32) -> 0 | AD32: 0.47 | AE32: No visible or audible flow in creek. Weak flow in culvert box.
A33: XX/XX/XX | X33: x | Y33: x | Z33: x | AA33: x | AD33: x
E34: Monthly total | I34: =sum(I2:I33) -> 5.0166667 | J34: =sum(J2:J33) -> 0 | N34: =sum(N2:N33) -> 0 | O34: =sum(O2:O33) -> 0 | P34: =sum(P2:P33) -> 0 | Q34: =sum(Q2:Q33) -> 0 | R34: =sum(R2:R33) -> 0 | S34: =sum(S2:S33) -> 0 | T34: =sum(T2:T33) -> 0 | U34: =sum(U2:U33) -> 0 | ... AC34: =sum(AC2:AC33) -> 0
E35: Cumulative Total | I35: ='November 2018'!I$34 -> 5.0166667 | J35: ='November 2018'!J$34 -> 0 | N35: ='November 2018'!N$34 -> 0 | O35: ='November 2018'!O$34 -> 0 | P35: ='November 2018'!P$34 -> 0 | Q35: ='November 2018'!Q$34 -> 0 | R35: ='November 2018'!R$34 -> 0 | S35: ='November 2018'!S$34 -> 0 | T35: ='November 2018'!T$34 -> 0 | U35: ='November 2018'!U$34 -> 0 | ... AB35: ='November 2018'!AB$34 -> 0 | AC35: ='November 2018'!AC34 -> 0
E36: Season Total | I36: ='November 2018'!I$34+'December 2018'!I$33+'January 2019'!I$33+'February 2019'!I$33+'March 2019'!I$33+'April 2019'!I$33 -> 145.81028 | J36: ='November 2018'!J34+'December 2018'!J33+'January 2019'!J33+'February 2019'!J33+'March 2019'!J33+'April 2019'!J33 -> 558.96167 | N36: ='November 2018'!N34+'December 2018'!N33+'January 2019'!N33+'February 2019'!N33+'March 2019'!N33+'April 2019'!N33 -> 90 | O36: ='November 2018'!O34+'December 2018'!O33+'January 2019'!O33+'February 2019'!O33+'March 2019'!O33+'April 2019'!O33 -> 1134 | P36: ='November 2018'!P34+'December 2018'!P33+'January 2019'!P33+'February 2019'!P33+'March 2019'!P33+'April 2019'!P33 -> 3 | Q36: ='November 2018'!Q34+'December 2018'!Q33+'January 2019'!Q33+'February 2019'!Q33+'March 2019'!Q33+'April 2019'!Q33 -> 4 | R36: ='November 2018'!R34+'December 2018'!R33+'January 2019'!R33+'February 2019'!R33+'March 2019'!R33+'April 2019'!R33 -> 124 | S36: ='November 2018'!S34+'December 2018'!S33+'January 2019'!S33+'February 2019'!S33+'March 2019'!S33+'April 2019'!S33 -> 791 | T36: ='November 2018'!T34+'December 2018'!T33+'January 2019'!T33+'February 2019'!T33+'March 2019'!T33+'April 2019'!T33 -> 6 | U36: ='November 2018'!U34+'December 2018'!U33+'January 2019'!U33+'February 2019'!U33+'March 2019'!U33+'April 2019'!U33 -> 17 | ... AC36: ='November 2018'!AC34+'December 2018'!AC33+'January 2019'!AC33+'February 2019'!AC33+'March 2019'!AC33+'April 2019'!AC33 -> 921
E37: 2017-18 Total | Z37: 433 | AA37: 297
E38: 2016-17 Total | Z38: 834 | AA38: 751
E39: 2015-16 Total | Z39: 688 | AA39: 1040
E40: 2014-15 Total | Z40: 695 | AA40: 750
E41: 2013-14 Total | Z41: 580 | AA41: 572

Sheet January 2019
A1: Date | B1: Sunset | C1: Civil Twilight | D1: Captain | E1: Monitored (Y/N) | F1: Start time HH:MM | G1: End Date | H1: End time HH:MM | I1: Hours monitored | J1: Team Hrs. | K1: Start Temp. | L1: End Temp | M1: Weather | N1: Females assisted down | O1: Males assisted down | P1: Unassisted Females down | Q1: Unasissted Males down | R1: Females assisted up | S1: Males assisted up | T1: Unassisted females up | U1: Unassisted males up | V1: Juveniles | W1: Roadkill Females | X1: Roadkill Males | Y1: Roadkill Unk | Z1: Total frogs down | AA1: Total frogs up | AB1: Total Frogs Assisted Down | AC1: Total Frogs Assisted Up | AD1: % moon visible | AE1: Comments
A2: 43466 | B2: 1638 | C2: 1712 | D2: =choose(weekday(A2),"Fred/Phil", "Jane/Murr", "Tom","Sue/Anne","Shawn/Orems","Jeff", "Rob") -> Tom | E2: N | F2: 0.70833333 | G2: 43466 | H2: 0.70833333 | I2: =iferror(24*( DATEDIF(A2,G2,"D")+TIMEVALUE(H2)-TIMEVALUE(F2)),0) -> 0 | J2: 0 | K2: 44 | L2: 44 | M2: Cold and dry | N2: 0 | O2: 0 | P2: 0 | Q2: 0 | R2: 0 | S2: 0 | T2: 0 | U2: 0 | V2: 0 | W2: 0 | X2: 0 | Y2: 0 | Z2: =sum(N2:Q2) -> 0 | AA2: =sum(R2:V2) -> 0 | AB2: =sum(N2:O2) -> 0 | AC2: =sum(R2:S2,V2) -> 0 | AD2: 0.21
A3: 43467 | B3: 1639 | C3: 1713 | D3: =choose(weekday(A3),"Fred/Phil", "Jane/Murr", "Tom","Sue/Anne","Shawn/Orems","Jeff", "Rob") -> Sue/Anne | E3: N | G3: 43467 | I3: =iferror(24*( DATEDIF(A3,G3,"D")+TIMEVALUE(H3)-TIMEVALUE(F3)),0) -> 0 | M3: Cold (42) & Dry | N3: 0 | O3: 0 | P3: 0 | Q3: 0 | R3: 0 | S3: 0 | T3: 0 | U3: 0 | V3: 0 | W3: 0 | X3: 0 | Y3: 0 | Z3: =sum(N3:Q3) -> 0 | AA3: =sum(R3:V3) -> 0 | AB3: =sum(N3:O3) -> 0 | AC3: =sum(R3:S3,V3) -> 0 | AD3: 0.13
A4: 43468 | B4: 1640 | C4: 1714 | D4: =choose(weekday(A4),"Fred/Phil", "Jane/Murr", "Tom","Sue/Anne","Shawn/Orems","Jeff", "Rob") -> Shawn/Orems | E4: Y | F4: 0.70833333 | G4: 43468 | H4: 0.76041667 | I4: =iferror(24*( DATEDIF(A4,G4,"D")+TIMEVALUE(H4)-TIMEVALUE(F4)),0) -> 1.25 | J4: 2.5 | K4: 49 | L4: 48 | M4: No rain, wet pavement | N4: 0 | O4: 0 | P4: 0 | Q4: 0 | R4: 0 | S4: 0 | T4: 0 | U4: 0 | V4: 0 | W4: 0 | X4: 0 | Y4: 0 | Z4: =sum(N4:Q4) -> 0 | AA4: =sum(R4:V4) -> 0 | AB4: =sum(N4:O4) -> 0 | AC4: =sum(R4:S4,V4) -> 0 | AD4: 0.07
A5: 43469 | B5: 1641 | C5: 1715 | D5: =choose(weekday(A5),"Fred/Phil", "Jane/Murr", "Tom","Sue/Anne","Shawn/Orems","Jeff", "Rob") -> Jeff | E5: Y | F5: 0.73958333 | G5: 43469 | H5: 0.74305556 | I5: =iferror(24*( DATEDIF(A5,G5,"D")+TIMEVALUE(H5)-TIMEVALUE(F5)),0) -> 0.083333333 | J5: 0.24 | K5: 50 | L5: 50 | M5: Pvmt damp under dry skies | O5: 0 | P5: 0 | Q5: 0 | R5: 0 | S5: 0 | T5: 0 | U5: 0 | V5: 0 | W5: 0 | X5: 0 | Y5: 0 | Z5: =sum(N5:Q5) -> 0 | AA5: =sum(R5:V5) -> 0 | AB5: =sum(N5:O5) -> 0 | AC5: =sum(R5:S5,V5) -> 0 | AD5: 0.03 | AE5: Creek is back to a trickle
A6: 43470 | B6: 1642 | C6: 1716 | D6: =choose(weekday(A6),"Fred/Phil", "Jane/Murr", "Tom","Sue/Anne","Shawn/Orems","Jeff", "Rob") -> Rob | E6: y | F6: 0.6875 | G6: 43470 | H6: 0.75 | I6: =iferror(24*( DATEDIF(A6,G6,"D")+TIMEVALUE(H6)-TIMEVALUE(F6)),0) -> 1.5 | J6: 10.5 | K6: 44 | L6: 42 | M6: damp | N6: 0 | O6: 0 | P6: 0 | Q6: 0 | R6: 0 | S6: 0 | T6: 0 | U6: 0 | V6: 0 | W6: 0 | X6: 0 | Y6: 0 | Z6: =sum(N6:Q6) -> 0 | AA6: =sum(R6:V6) -> 0 | AB6: =sum(N6:O6) -> 0 | AC6: =sum(R6:S6,V6) -> 0 | AD6: 0.01 | AE6: returned 8-8:30, rain, no frogs, earlier 1 salamander
A7: 43471 | B7: 1643 | C7: 1717 | D7: =choose(weekday(A7),"Fred/Phil", "Jane/Murr", "Tom","Sue/Anne","Shawn/Orems","Jeff", "Rob") -> Fred/Phil | E7: Y | F7: 0.72916667 | G7: 43471 | H7: 0.75 | I7: =iferror(24*( DATEDIF(A7,G7,"D")+TIMEVALUE(H7)-TIMEVALUE(F7)),0) -> 0.5 | J7: 0.5 | K7: 42 | L7: 42 | M7: wet pavement | N7: 0 | O7: 0 | P7: 0 | Q7: 0 | R7: 0 | S7: 0 | T7: 0 | U7: 0 | V7: 0 | W7: 0 | X7: 0 | Y7: 0 | Z7: =sum(N7:Q7) -> 0 | AA7: =sum(R7:V7) -> 0 | AB7: =sum(N7:O7) -> 0 | AC7: =sum(R7:S7,V7) -> 0 | AD7: 0 | AE7: PF
A8: 43472 | B8: 1644 | C8: 1718 | D8: =choose(weekday(A8),"Fred/Phil", "Jane/Murr", "Tom","Sue/Anne","Shawn/Orems","Jeff", "Rob") -> Jane/Murr | E8: N | F8: 0.72916667 | G8: 43472 | H8: 0.72916667 | I8: =iferror(24*( DATEDIF(A8,G8,"D")+TIMEVALUE(H8)-TIMEVALUE(F8)),0) -> 0 | K8: 43 | L8: 43 | M8: Dry | N8: 0 | O8: 0 | P8: 0 | Q8: 0 | R8: 0 | S8: 0 | T8: 0 | U8: 0 | V8: 0 | W8: 0 | X8: 0 | Y8: 0 | Z8: =sum(N8:Q8) -> 0 | AA8: =sum(R8:V8) -> 0 | AB8: =sum(N8:O8) -> 0 | AC8: =sum(R8:S8,V8) -> 0 | AD8: 0.01
A9: 43473 | B9: 1645 | C9: 1719 | D9: =choose(weekday(A9),"Fred/Phil", "Jane/Murr", "Tom","Sue/Anne","Shawn/Orems","Jeff", "Rob") -> Tom | E9: Y | F9: 0.71875 | G9: 43473 | H9: 0.72916667 | I9: =iferror(24*( DATEDIF(A9,G9,"D")+TIMEVALUE(H9)-TIMEVALUE(F9)),0) -> 0.25 | J9: 0.25 | K9: 45 | L9: 45 | M9: wet pavement | N9: 0 | O9: 0 | P9: 0 | Q9: 0 | R9: 0 | S9: 0 | T9: 0 | U9: 0 | V9: 0 | W9: 0 | X9: 0 | Y9: 0 | Z9: =sum(N9:Q9) -> 0 | AA9: =sum(R9:V9) -> 0 | AB9: =sum(N9:O9) -> 0 | AC9: =sum(R9:S9,V9) -> 0 | AD9: 0.05
A10: 43474 | B10: 1646 | C10: 1720 | D10: =choose(weekday(A10),"Fred/Phil", "Jane/Murr", "Tom","Sue/Anne","Shawn/Orems","Jeff", "Rob") -> Sue/Anne | E10: Y | F10: 0.69791667 | G10: 43474 | H10: 0.78125 | I10: =iferror(24*( DATEDIF(A10,G10,"D")+TIMEVALUE(H10)-TIMEVALUE(F10)),0) -> 2 | J10: 10 | K10: 43 | L10: 43.3 | M10: light rain | N10: 0 | O10: 1 | P10: 0 | Q10: 0 | R10: 0 | S10: 0 | T10: 0 | U10: 0 | V10: 0 | W10: 0 | X10: 0 | Y10: 0 | Z10: =sum(N10:Q10) -> 1 | AA10: =sum(R10:V10) -> 0 | AB10: =sum(N10:O10) -> 1 | AC10: =sum(R10:S10,V10) -> 0 | AD10: 0.09 | AE10: An off-on weather evening. Warmed later (45 at 9:50) but no rain or frogs then. Checking throughout evening.
A11: 43475 | B11: 1647 | C11: 1721 | D11: =choose(weekday(A11),"Fred/Phil", "Jane/Murr", "Tom","Sue/Anne","Shawn/Orems","Jeff", "Rob") -> Shawn/Orems | E11: Y | F11: 0.70138889 | G11: 43475 | H11: 0.78472222 | I11: =iferror(24*( DATEDIF(A11,G11,"D")+TIMEVALUE(H11)-TIMEVALUE(F11)),0) -> 2 | J11: 3 | K11: 49 | L11: 46 | M11: No rain, damp pavement | N11: 0 | O11: 2 | P11: 0 | Q11: 0 | R11: 0 | S11: 0 | T11: 0 | U11: 0 | V11: 0 | W11: 0 | X11: 0 | Y11: 0 | Z11: =sum(N11:Q11) -> 2 | AA11: =sum(R11:V11) -> 0 | AB11: =sum(N11:O11) -> 2 | AC11: =sum(R11:S11,V11) -> 0 | AD11: 0.16
A12: 43476 | B12: 1649 | C12: 1722 | D12: =choose(weekday(A12),"Fred/Phil", "Jane/Murr", "Tom","Sue/Anne","Shawn/Orems","Jeff", "Rob") -> Jeff | E12: N | F12: 0.75 | G12: 43476 | H12: 0.75 | I12: =iferror(24*( DATEDIF(A12,G12,"D")+TIMEVALUE(H12)-TIMEVALUE(F12)),0) -> 0 | J12: 0 | K12: 47 | L12: 47 | M12: Dry all day, light overcast | N12: 0 | O12: 0 | P12: 0 | Q12: 0 | R12: 0 | S12: 0 | T12: 0 | U12: 0 | V12: 0 | W12: 0 | X12: 0 | Y12: 0 | Z12: =sum(N12:Q12) -> 0 | AA12: =sum(R12:V12) -> 0 | AB12: =sum(N12:O12) -> 0 | AC12: =sum(R12:S12,V12) -> 0 | AD12: 0.23
A13: 43477 | B13: 1650 | C13: 1723 | D13: =choose(weekday(A13),"Fred/Phil", "Jane/Murr", "Tom","Sue/Anne","Shawn/Orems","Jeff", "Rob") -> Rob | E13: n | G13: 43477 | I13: =iferror(24*( DATEDIF(A13,G13,"D")+TIMEVALUE(H13)-TIMEVALUE(F13)),0) -> 0 | M13: cold,dry | N13: 0 | O13: 0 | P13: 0 | Q13: 0 | R13: 0 | S13: 0 | T13: 0 | U13: 0 | V13: 0 | W13: 0 | X13: 0 | Y13: 0 | Z13: =sum(N13:Q13) -> 0 | AA13: =sum(R13:V13) -> 0 | AB13: =sum(N13:O13) -> 0 | AC13: =sum(R13:S13,V13) -> 0 | AD13: 0.31
A14: 43478 | B14: 1651 | C14: 1724 | D14: =choose(weekday(A14),"Fred/Phil", "Jane/Murr", "Tom","Sue/Anne","Shawn/Orems","Jeff", "Rob") -> Fred/Phil | E14: Y | F14: 0.70833333 | G14: 43478 | H14: 0.72916667 | I14: =iferror(24*( DATEDIF(A14,G14,"D")+TIMEVALUE(H14)-TIMEVALUE(F14)),0) -> 0.5 | J14: 0.5 | K14: 44 | L14: 42 | M14: Dry | N14: 0 | O14: 0 | P14: 0 | Q14: 0 | R14: 0 | S14: 0 | T14: 0 | U14: 0 | V14: 0 | W14: 0 | X14: 0 | Y14: 0 | Z14: =sum(N14:Q14) -> 0 | AA14: =sum(R14:V14) -> 0 | AB14: =sum(N14:O14) -> 0 | AC14: =sum(R14:S14,V14) -> 0 | AD14: 0.41
A15: 43479 | B15: 1652 | C15: 1725 | D15: =choose(weekday(A15),"Fred/Phil", "Jane/Murr", "Tom","Sue/Anne","Shawn/Orems","Jeff", "Rob") -> Jane/Murr | E15: N | F15: 0.70833333 | G15: 0.75 | H15: 0.70833333 | I15: =iferror(24*( DATEDIF(A15,G15,"D")+TIMEVALUE(H15)-TIMEVALUE(F15)),0) -> 0 | J15: 0 | K15: 40 | M15: Dry | N15: 0 | O15: 0 | P15: 0 | Q15: 0 | R15: 0 | S15: 0 | T15: 0 | U15: 0 | V15: 0 | W15: 0 | X15: 0 | Y15: 0 | Z15: =sum(N15:Q15) -> 0 | AA15: =sum(R15:V15) -> 0 | AB15: =sum(N15:O15) -> 0 | AC15: =sum(R15:S15,V15) -> 0 | AD15: 0.51
A16: 43480 | B16: 1654 | C16: 1727 | D16: =choose(weekday(A16),"Fred/Phil", "Jane/Murr", "Tom","Sue/Anne","Shawn/Orems","Jeff", "Rob") -> Tom | E16: N | F16: 0.70833333 | G16: 43480 | H16: 0.70833333 | I16: =iferror(24*( DATEDIF(A16,G16,"D")+TIMEVALUE(H16)-TIMEVALUE(F16)),0) -> 0 | J16: 0 | K16: 44 | L16: 44 | M16: Dry | N16: 0 | O16: 0 | P16: 0 | Q16: 0 | R16: 0 | S16: 0 | T16: 0 | U16: 0 | V16: 0 | W16: 0 | X16: 0 | Y16: 0 | Z16: =sum(N16:Q16) -> 0 | AA16: =sum(R16:V16) -> 0 | AB16: =sum(N16:O16) -> 0 | AC16: =sum(R16:S16,V16) -> 0 | AD16: 0.61
A17: 43481 | B17: 1655 | C17: 1728 | D17: =choose(weekday(A17),"Fred/Phil", "Jane/Murr", "Tom","Sue/Anne","Shawn/Orems","Jeff", "Rob") -> Sue/Anne | E17: Y | F17: 0.70833333 | G17: 43481 | H17: 0.71875 | I17: =iferror(24*( DATEDIF(A17,G17,"D")+TIMEVALUE(H17)-TIMEVALUE(F17)),0) -> 0.25 | J17: 0.25 | K17: 42.1 | L17: 42 | M17: A few sprinkles; dry pavement | N17: 0 | O17: 0 | P17: 0 | Q17: 0 | R17: 0 | S17: 0 | T17: 0 | U17: 0 | V17: 0 | W17: 0 | X17: 0 | Y17: 0 | Z17: =sum(N17:Q17) -> 0 | AA17: =sum(R17:V17) -> 0 | AB17: =sum(N17:O17) -> 0 | AC17: =sum(R17:S17,V17) -> 0 | AD17: 0.71
A18: 43482 | B18: 1656 | C18: 1729 | D18: =choose(weekday(A18),"Fred/Phil", "Jane/Murr", "Tom","Sue/Anne","Shawn/Orems","Jeff", "Rob") -> Shawn/Orems | E18: Y | F18: 0.69791667 | G18: 43482 | H18: 0.90625 | I18: =iferror(24*( DATEDIF(A18,G18,"D")+TIMEVALUE(H18)-TIMEVALUE(F18)),0) -> 5 | J18: 21 | K18: 50 | L18: 48 | M18: Mist; light rain; dry | N18: 3 | O18: 60 | P18: 0 | Q18: 0 | R18: 0 | S18: 0 | T18: 0 | U18: 0 | V18: 0 | W18: 0 | X18: 1 | Y18: 0 | Z18: =sum(N18:Q18) -> 63 | AA18: =sum(R18:V18) -> 0 | AB18: =sum(N18:O18) -> 63 | AC18: =sum(R18:S18,V18) -> 0 | AD18: 0.8 | AE18: 1 small chorus frog
A19: 43483 | B19: 1657 | C19: 1730 | D19: =choose(weekday(A19),"Fred/Phil", "Jane/Murr", "Tom","Sue/Anne","Shawn/Orems","Jeff", "Rob") -> Jeff | E19: Y | F19: 0.70833333 | G19: 43484 | H19: 0.0625 | I19: =iferror(24*( DATEDIF(A19,G19,"D")+TIMEVALUE(H19)-TIMEVALUE(F19)),0) -> 8.5 | J19: 26.5 | K19: 45 | L19: 45 | M19: Continuous cold rain | N19: 20 | O19: 297 | P19: 0 | Q19: 0 | R19: 0 | S19: 0 | T19: 0 | U19: 0 | V19: 0 | W19: 0 | X19: 5 | Y19: 0 | Z19: =sum(N19:Q19) -> 317 | AA19: =sum(R19:V19) -> 0 | AB19: =sum(N19:O19) -> 317 | AC19: =sum(R19:S19,V19) -> 0 | AD19: 0.88 | AE19: Temperature rose as high 47F. One chorus frog shuttled.
A20: 43484 | B20: 1659 | C20: 1732 | D20: =choose(weekday(A20),"Fred/Phil", "Jane/Murr", "Tom","Sue/Anne","Shawn/Orems","Jeff", "Rob") -> Rob | E20: y | F20: 0.70833333 | G20: 43484 | H20: 0.85416667 | I20: =iferror(24*( DATEDIF(A20,G20,"D")+TIMEVALUE(H20)-TIMEVALUE(F20)),0) -> 3.5 | J20: 11.5 | K20: 46 | L20: 44 | M20: heavy fog | N20: 4 | O20: 31 | P20: 0 | Q20: 0 | R20: 0 | S20: 0 | T20: 0 | U20: 0 | V20: 0 | W20: 0 | X20: 1 | Y20: 0 | Z20: 35 | AA20: =sum(R20:V20) -> 0 | AB20: =sum(N20:O20) -> 35 | AC20: =sum(R20:S20,V20) -> 0 | AD20: 0.95 | AE20: most of the frogs caught along the highway
A21: 43485 | B21: 1700 | C21: 1733 | D21: =choose(weekday(A21),"Fred/Phil", "Jane/Murr", "Tom","Sue/Anne","Shawn/Orems","Jeff", "Rob") -> Fred/Phil | E21: Y | F21: 0.70833333 | G21: 43485 | H21: 0.76041667 | I21: =iferror(24*( DATEDIF(A21,G21,"D")+TIMEVALUE(H21)-TIMEVALUE(F21)),0) -> 1.25 | J21: 0.125 | K21: 44 | L21: 42 | M21: damp pavement | N21: 0 | O21: 0 | P21: 0 | Q21: 0 | R21: 0 | S21: 0 | T21: 0 | U21: 0 | V21: 0 | W21: 0 | X21: 3 | Z21: =sum(N21:Q21) -> 0 | AA21: =sum(R21:V21) -> 0 | AB21: =sum(N21:O21) -> 0 | AC21: =sum(R21:S21,V21) -> 0 | AD21: 0.99
A22: 43486 | B22: 1701 | C22: 1734 | D22: =choose(weekday(A22),"Fred/Phil", "Jane/Murr", "Tom","Sue/Anne","Shawn/Orems","Jeff", "Rob") -> Jane/Murr | E22: Y | F22: 0.71875 | G22: 43486 | H22: 0.84375 | I22: =iferror(24*( DATEDIF(A22,G22,"D")+TIMEVALUE(H22)-TIMEVALUE(F22)),0) -> 3 | J22: 5 | K22: 44 | L22: 44 | M22: Raining, then dry | N22: 0 | O22: 3 | P22: 0 | Q22: 0 | R22: 0 | S22: 0 | T22: 0 | U22: 0 | V22: 0 | W22: 0 | X22: 0 | Y22: 0 | Z22: =sum(N22:Q22) -> 3 | AA22: =sum(R22:V22) -> 0 | AB22: =sum(N22:O22) -> 3 | AC22: =sum(R22:S22,V22) -> 0 | AD22: 1
A23: 43487 | B23: 1703 | C23: 1735 | D23: =choose(weekday(A23),"Fred/Phil", "Jane/Murr", "Tom","Sue/Anne","Shawn/Orems","Jeff", "Rob") -> Tom | E23: Y | F23: 0.71875 | G23: 43487 | H23: 0.055555556 | I23: 0.42361111 | J23: 20.75 | K23: 45 | L23: 47 | M23: periods of light rain | N23: 5 | O23: 138 | P23: 0 | Q23: 0 | R23: 0 | S23: 0 | T23: 0 | U23: 0 | V23: 0 | W23: 0 | X23: 0 | Y23: 0 | Z23: =sum(N23:Q23) -> 143 | AA23: =sum(R23:V23) -> 0 | AB23: =sum(N23:O23) -> 143 | AC23: =sum(R23:S23,V23) -> 0 | AD23: 0.98 | AE23: Dunn's and redbacked sallies observed. Count includes 12 frogs at 5:30 am
A24: 43488 | B24: 1706 | C24: 1738 | D24: =choose(weekday(A24),"Fred/Phil", "Jane/Murr", "Tom","Sue/Anne","Shawn/Orems","Jeff", "Rob") -> Sue/Anne | E24: Y | F24: 0.70833333 | G24: 43488 | H24: 0.85416667 | I24: =iferror(24*( DATEDIF(A24,G24,"D")+TIMEVALUE(H24)-TIMEVALUE(F24)),0) -> 3.5 | J24: 15.5 | K24: 49.4 | L24: 46.7 | M24: Largely dry. Periods mist and light rain. | N24: 0 | O24: 92 | P24: 1 | Q24: 0 | R24: 0 | S24: 0 | T24: 0 | U24: 0 | V24: 0 | W24: 0 | X24: 2 | Y24: 1 | Z24: =sum(N24:Q24) -> 93 | AA24: =sum(R24:V24) -> 0 | AB24: =sum(N24:O24) -> 92 | AC24: =sum(R24:S24,V24) -> 0 | AD24: 0.86
A25: 43489 | B25: 1704 | C25: 1737 | D25: =choose(weekday(A25),"Fred/Phil", "Jane/Murr", "Tom","Sue/Anne","Shawn/Orems","Jeff", "Rob") -> Shawn/Orems | E25: Y | F25: 0.72916667 | G25: 43489 | H25: 0.75 | I25: =iferror(24*( DATEDIF(A25,G25,"D")+TIMEVALUE(H25)-TIMEVALUE(F25)),0) -> 0.5 | J25: 0.5 | K25: 47 | L25: 46 | M25: Dry; mostly dry pavement | N25: 0 | O25: 0 | P25: 0 | Q25: 0 | R25: 0 | S25: 0 | T25: 0 | U25: 0 | V25: 0 | W25: 0 | X25: 0 | Y25: 0 | Z25: =sum(N25:Q25) -> 0 | AA25: =sum(R25:V25) -> 0 | AB25: =sum(N25:O25) -> 0 | AC25: =sum(R25:S25,V25) -> 0 | AD25: 0.93
A26: 43490 | B26: 1707 | C26: 1739 | D26: =choose(weekday(A26),"Fred/Phil", "Jane/Murr", "Tom","Sue/Anne","Shawn/Orems","Jeff", "Rob") -> Jeff | E26: Y | F26: 0.76041667 | G26: 43490 | H26: 0.76388889 | I26: =iferror(24*( DATEDIF(A26,G26,"D")+TIMEVALUE(H26)-TIMEVALUE(F26)),0) -> 0.083333333 | J26: =5/60 -> 0.083333333 | K26: 43 | L26: 43 | N26: 0 | O26: 0 | P26: 0 | Q26: 0 | R26: 0 | S26: 0 | T26: 0 | U26: 0 | V26: 0 | W26: 0 | X26: 0 | Y26: 0 | Z26: =sum(N26:Q26) -> 0 | AA26: =sum(R26:V26) -> 0 | AB26: =sum(N26:O26) -> 0 | AC26: =sum(R26:S26,V26) -> 0 | AD26: 0.77
A27: 43491 | B27: 1708 | C27: 1741 | D27: =choose(weekday(A27),"Fred/Phil", "Jane/Murr", "Tom","Sue/Anne","Shawn/Orems","Jeff", "Rob") -> Rob | E27: N | F27: 0.72916667 | G27: 43491 | H27: 0.72916667 | I27: =iferror(24*( DATEDIF(A27,G27,"D")+TIMEVALUE(H27)-TIMEVALUE(F27)),0) -> 0 | K27: 40 | M27: cold, dry | N27: 0 | O27: 0 | P27: 0 | Q27: 0 | R27: 0 | S27: 0 | T27: 0 | U27: 0 | V27: 0 | W27: 0 | X27: 0 | Y27: 0 | Z27: =sum(N27:Q27) -> 0 | AA27: =sum(R27:V27) -> 0 | AB27: =sum(N27:O27) -> 0 | AC27: =sum(R27:S27,V27) -> 0 | AD27: 0.67
A28: 43492 | B28: 1710 | C28: 1742 | D28: =choose(weekday(A28),"Fred/Phil", "Jane/Murr", "Tom","Sue/Anne","Shawn/Orems","Jeff", "Rob") -> Fred/Phil | E28: Y | F28: 0.70833333 | G28: 43492 | H28: 0.72916667 | I28: =iferror(24*( DATEDIF(A28,G28,"D")+TIMEVALUE(H28)-TIMEVALUE(F28)),0) -> 0.5 | J28: 0.041666667 | K28: 42 | L28: 41 | M28: cold, dry | N28: 0 | O28: 0 | P28: 0 | Q28: 0 | R28: 0 | S28: 0 | T28: 0 | U28: 0 | V28: 0 | W28: 0 | X28: 0 | Y28: 0 | Z28: =sum(N28:Q28) -> 0 | AA28: =sum(R28:V28) -> 0 | AB28: =sum(N28:O28) -> 0 | AC28: =sum(R28:S28,V28) -> 0 | AD28: 0.56
A29: 43493 | B29: 1711 | C29: 1743 | D29: =choose(weekday(A29),"Fred/Phil", "Jane/Murr", "Tom","Sue/Anne","Shawn/Orems","Jeff", "Rob") -> Jane/Murr | E29: N | G29: 43493 | I29: =iferror(24*( DATEDIF(A29,G29,"D")+TIMEVALUE(H29)-TIMEVALUE(F29)),0) -> 0 | M29: Dry | N29: 0 | O29: 0 | P29: 0 | Q29: 0 | R29: 0 | S29: 0 | T29: 0 | U29: 0 | V29: 0 | W29: 0 | X29: 0 | Y29: 0 | Z29: =sum(N29:Q29) -> 0 | AA29: =sum(R29:V29) -> 0 | AB29: =sum(N29:O29) -> 0 | AC29: =sum(R29:S29,V29) -> 0 | AD29: 0.45
A30: 43494 | B30: 1713 | C30: 1745 | D30: =choose(weekday(A30),"Fred/Phil", "Jane/Murr", "Tom","Sue/Anne","Shawn/Orems","Jeff", "Rob") -> Tom | G30: 43494 | I30: =iferror(24*( DATEDIF(A30,G30,"D")+TIMEVALUE(H30)-TIMEVALUE(F30)),0) -> 0 | M30: Dry | N30: 0 | O30: 0 | P30: 0 | Q30: 0 | R30: 0 | S30: 0 | T30: 0 | U30: 0 | V30: 0 | W30: 0 | X30: 0 | Y30: 0 | Z30: =sum(N30:Q30) -> 0 | AA30: =sum(R30:V30) -> 0 | AB30: =sum(N30:O30) -> 0 | AC30: =sum(R30:S30,V30) -> 0 | AD30: 0.35
A31: 43495 | B31: 1714 | C31: 1746 | D31: =choose(weekday(A31),"Fred/Phil", "Jane/Murr", "Tom","Sue/Anne","Shawn/Orems","Jeff", "Rob") -> Sue/Anne | E31: N | F31: 0.72916667 | G31: 43495 | H31: 0.73263889 | I31: =iferror(24*( DATEDIF(A31,G31,"D")+TIMEVALUE(H31)-TIMEVALUE(F31)),0) -> 0.083333333 | K31: 44 | L31: 44 | M31: Dry | N31: 0 | O31: 0 | P31: 0 | Q31: 0 | R31: 0 | S31: 0 | T31: 0 | U31: 0 | V31: 0 | W31: 0 | X31: 0 | Y31: 0 | Z31: =sum(N31:Q31) -> 0 | AA31: =sum(R31:V31) -> 0 | AB31: =sum(N31:O31) -> 0 | AC31: =sum(R31:S31,V31) -> 0 | AD31: 0.26
A32: 43496 | B32: 1716 | C32: 1747 | D32: =choose(weekday(A32),"Fred/Phil", "Jane/Murr", "Tom","Sue/Anne","Shawn/Orems","Jeff", "Rob") -> Shawn/Orems | E32: N | F32: 0.73958333 | G32: 43496 | H32: 0.73958333 | I32: =iferror(24*( DATEDIF(A32,G32,"D")+TIMEVALUE(H32)-TIMEVALUE(F32)),0) -> 0 | K32: 45 | M32: Dry; temps dropping | N32: 0 | O32: 0 | P32: 0 | Q32: 0 | R32: 0 | S32: 0 | T32: 0 | U32: 0 | V32: 0 | W32: 0 | X32: 0 | Y32: 0 | Z32: =sum(N32:Q32) -> 0 | AA32: =sum(R32:V32) -> 0 | AB32: =sum(N32:O32) -> 0 | AC32: =sum(R32:S32,V32) -> 0 | AD32: 0.18
E33: Monthly total | I33: =SUM(I3:I32) -> 34.673611 | J33: =SUM(J2:J32) -> 128.74 | N33: =sum(N2:N32) -> 32 | O33: =sum(O2:O32) -> 624 | P33: =sum(P2:P32) -> 1 | Q33: =sum(Q2:Q32) -> 0 | R33: =sum(R2:R32) -> 0 | S33: =sum(S2:S32) -> 0 | T33: =sum(T2:T32) -> 0 | U33: =sum(U2:U32) -> 0 | ... Y33: =sum(Y2:Y32) -> 1 | Z33: =SUM(Z2:Z32) -> 657 | AA33: =SUM(AA2:AA32) -> 0 | AB33: =sum(AB2:AB32) -> 656 | AC33: =sum(AC2:AC32) -> 0
E34: Cumulative Total | I34: ='November 2018'!I$34+'December 2018'!I$33+'January 2019'!I$33 -> 70.773611 | J34: ='November 2018'!J$34+'December 2018'!J$33+'January 2019'!J$33 -> 217.91 | N34: ='November 2018'!N$34+'December 2018'!N$33+'January 2019'!N$33 -> 52 | O34: ='November 2018'!O$34+'December 2018'!O$33+'January 2019'!O$33 -> 949 | P34: ='November 2018'!P$34+'December 2018'!P$33+'January 2019'!P$33 -> 1 | Q34: ='November 2018'!Q$34+'December 2018'!Q$33+'January 2019'!Q$33 -> 1 | R34: ='November 2018'!R$34+'December 2018'!R$33+'January 2019'!R$33 -> 0 | S34: ='November 2018'!S$34+'December 2018'!S$33+'January 2019'!S$33 -> 0 | T34: ='November 2018'!T$34+'December 2018'!T$33+'January 2019'!T$33 -> 0 | U34: ='November 2018'!U$34+'December 2018'!U$33+'January 2019'!U$33 -> 0 | ... AA34: ='November 2018'!AA$34+'December 2018'!AA$33+'January 2019'!AA$33 -> 0 | AB34: ='November 2018'!AB34+'December 2018'!AB33+'January 2019'!AB33 -> 1001 | AC34: ='November 2018'!AC34+'December 2018'!AC33+'January 2019'!AC33 -> 0
E35: Season Total | I35: ='November 2018'!I$34+'December 2018'!I$33+'January 2019'!I$33+'February 2019'!I$33+'March 2019'!I$33+'April 2019'!I$33 -> 145.81028 | J35: ='November 2018'!J34+'December 2018'!J33+'January 2019'!J33+'February 2019'!J33+'March 2019'!J33+'April 2019'!J33 -> 558.96167 | N35: ='November 2018'!N34+'December 2018'!N33+'January 2019'!N33+'February 2019'!N33+'March 2019'!N33+'April 2019'!N33 -> 90 | O35: ='November 2018'!O34+'December 2018'!O33+'January 2019'!O33+'February 2019'!O33+'March 2019'!O33+'April 2019'!O33 -> 1134 | P35: ='November 2018'!P34+'December 2018'!P33+'January 2019'!P33+'February 2019'!P33+'March 2019'!P33+'April 2019'!P33 -> 3 | Q35: ='November 2018'!Q34+'December 2018'!Q33+'January 2019'!Q33+'February 2019'!Q33+'March 2019'!Q33+'April 2019'!Q33 -> 4 | R35: ='November 2018'!R34+'December 2018'!R33+'January 2019'!R33+'February 2019'!R33+'March 2019'!R33+'April 2019'!R33 -> 124 | S35: ='November 2018'!S34+'December 2018'!S33+'January 2019'!S33+'February 2019'!S33+'March 2019'!S33+'April 2019'!S33 -> 791 | T35: ='November 2018'!T34+'December 2018'!T33+'January 2019'!T33+'February 2019'!T33+'March 2019'!T33+'April 2019'!T33 -> 6 | U35: ='November 2018'!U34+'December 2018'!U33+'January 2019'!U33+'February 2019'!U33+'March 2019'!U33+'April 2019'!U33 -> 17 | ... AC35: ='November 2018'!AC34+'December 2018'!AC33+'January 2019'!AC33+'February 2019'!AC33+'March 2019'!AC33+'April 2019'!AC33 -> 921
E36: 2017-18 Total | N36: 135 | O36: 281 | P36: 7 | Q36: 10 | R36: 104 | S36: 165 | T36: 9 | U36: 7 | Z36: 433 | AA36: 297
E37: 2016-17 Total | Z37: 834 | AA37: 751
E38: 2015-16 Total | Z38: 688 | AA38: 1040
E39: 2014-15 Total | Z39: 695 | AA39: 750
E40: 2013-14 Total | Z40: 580 | AA40: 572

Sheet February 2019
A1: `````````````````````````````````````````````````````` | B1: Sunset | C1: Civil Twilight | D1: Captain | E1: Monitored (Y/N) | F1: Start time HH:MM | G1: End Date | H1: End time HH:MM | I1: Hours monitored | J1: Team Hrs. | K1: Start Temp | L1: End Temp | M1: Weather | N1: Females assisted down | O1: Males assisted down | P1: Unassisted Females down | Q1: Unasissted Males down | R1: Females assisted up | S1: Males assisted up | T1: Unassisted females up | U1: Unassisted males up | V1: Juveniles assisted up | W1: Roadkill Females | X1: Roadkill Males | Y1: Roadkill Unk | Z1: Total frogs down | AA1: Total frogs up | AB1: Total Frogs Assisted Down | AC1: Total Frogs Assisted Up | AD1: % moon visible | AE1: Comments
A2: 43497 | B2: 1717 | C2: 1749 | D2: =choose(weekday(A2),"Fred/Phil", "Jane/Murr", "Tom","Sue/Anne","Shawn/Orems","Jeff", "Rob") -> Jeff | E2: Y | F2: 0.6875 | G2: 43497 | H2: 0.9375 | I2: =iferror(24*( DATEDIF(A2,G2,"D")+TIMEVALUE(H2)-TIMEVALUE(F2)),0) -> 6 | J2: 28 | K2: 44.6 | L2: 43.3 | M2: wet to drying | N2: 2 | O2: 21 | P2: 1 | Q2: 2 | R2: 0 | S2: 0 | T2: 0 | U2: 0 | V2: 0 | W2: 0 | X2: 3 | Y2: 0 | Z2: =sum(N2:Q2) -> 26 | AA2: 0 | AB2: =sum(N2:O2) -> 23 | AC2: =sum(R2:S2,V2) -> 0 | AD2: 0.21
A3: 43498 | B3: 1719 | C3: 1750 | D3: =choose(weekday(A3),"Fred/Phil", "Jane/Murr", "Tom","Sue/Anne","Shawn/Orems","Jeff", "Rob") -> Rob | E3: Y | F3: 17:30 18:40 1.00 | G3: 43498 | I3: 1.12 | J3: 1.12 | K3: 44.8 | L3: 44.8 | M3: overcast | N3: 1 | O3: 3 | P3: 0 | Q3: 0 | R3: 0 | S3: 0 | T3: 0 | U3: 0 | V3: 0 | W3: 0 | X3: 0 | Y3: 0 | Z3: =sum(N3:Q3) -> 4 | AA3: =sum(R3:V3) -> 0 | AB3: =sum(N3:O3) -> 4 | AC3: =sum(R3:S3,V3) -> 0 | AD3: 0.13
A4: 43499 | B4: 1720 | C4: 1752 | D4: =choose(weekday(A4),"Fred/Phil", "Jane/Murr", "Tom","Sue/Anne","Shawn/Orems","Jeff", "Rob") -> Fred/Phil | E4: N | G4: 43499 | I4: =iferror(24*( DATEDIF(A4,G4,"D")+TIMEVALUE(H4)-TIMEVALUE(F4)),0) -> 0 | K4: 42 | L4: 38 | M4: mist/sleet | N4: 0 | O4: 0 | P4: 0 | Q4: 0 | R4: 0 | S4: 0 | T4: 0 | U4: 0 | V4: 0 | W4: 0 | X4: 0 | Y4: 0 | Z4: =sum(N4:Q4) -> 0 | AA4: =sum(R4:V4) -> 0 | AB4: =sum(N4:O4) -> 0 | AC4: =sum(R4:S4,V4) -> 0 | AD4: 0.07
A5: 43500 | B5: 1722 | C5: 1753 | D5: =choose(weekday(A5),"Fred/Phil", "Jane/Murr", "Tom","Sue/Anne","Shawn/Orems","Jeff", "Rob") -> Jane/Murr | E5: N | F5: 18 | G5: 43500 | I5: =iferror(24*( DATEDIF(A5,G5,"D")+TIMEVALUE(H5)-TIMEVALUE(F5)),0) -> 0 | K5: 34 | N5: 0 | O5: 0 | P5: 0 | Q5: 0 | R5: 0 | S5: 0 | T5: 0 | U5: 0 | V5: 0 | W5: 0 | X5: 0 | Y5: 0 | Z5: =sum(N5:Q5) -> 0 | AA5: =sum(R5:V5) -> 0 | AB5: =sum(N5:O5) -> 0 | AC5: =sum(R5:S5,V5) -> 0 | AD5: 0.03
A6: 43501 | B6: 1723 | C6: 1754 | D6: =choose(weekday(A6),"Fred/Phil", "Jane/Murr", "Tom","Sue/Anne","Shawn/Orems","Jeff", "Rob") -> Tom | E6: N | F6: 0.75 | G6: 43501 | H6: 0.75 | I6: =iferror(24*( DATEDIF(A6,G6,"D")+TIMEVALUE(H6)-TIMEVALUE(F6)),0) -> 0 | J6: 0 | K6: 36 | L6: 36 | M6: Cold, dry | N6: 0 | O6: 0 | P6: 0 | Q6: 0 | R6: 0 | S6: 0 | T6: 0 | U6: 0 | V6: 0 | W6: 0 | X6: 0 | Y6: 0 | Z6: =sum(N6:Q6) -> 0 | AA6: =sum(R6:V6) -> 0 | AB6: =sum(N6:O6) -> 0 | AC6: =sum(R6:S6,V6) -> 0 | AD6: 0.01
A7: 43502 | B7: 1724 | C7: 1756 | D7: =choose(weekday(A7),"Fred/Phil", "Jane/Murr", "Tom","Sue/Anne","Shawn/Orems","Jeff", "Rob") -> Sue/Anne | E7: N | G7: 43502 | I7: =iferror(24*( DATEDIF(A7,G7,"D")+TIMEVALUE(H7)-TIMEVALUE(F7)),0) -> 0 | K7: 33 | M7: Dry | N7: 0 | O7: 0 | P7: 0 | Q7: 0 | R7: 0 | S7: 0 | T7: 0 | U7: 0 | V7: 0 | W7: 0 | X7: 0 | Y7: 0 | Z7: =sum(N7:Q7) -> 0 | AA7: =sum(R7:V7) -> 0 | AB7: =sum(N7:O7) -> 0 | AC7: =sum(R7:S7,V7) -> 0 | AD7: 0
A8: 43503 | B8: 1726 | C8: 1757 | D8: =choose(weekday(A8),"Fred/Phil", "Jane/Murr", "Tom","Sue/Anne","Shawn/Orems","Jeff", "Rob") -> Shawn/Orems | E8: N | F8: 0.75 | G8: 43503 | H8: 0.75 | I8: =iferror(24*( DATEDIF(A8,G8,"D")+TIMEVALUE(H8)-TIMEVALUE(F8)),0) -> 0 | K8: 36 | M8: Cold, dry | N8: 0 | O8: 0 | P8: 0 | Q8: 0 | R8: 0 | S8: 0 | T8: 0 | U8: 0 | V8: 0 | W8: 0 | X8: 0 | Y8: 0 | Z8: =sum(N8:Q8) -> 0 | AA8: =sum(R8:V8) -> 0 | AB8: =sum(N8:O8) -> 0 | AC8: =sum(R8:S8,V8) -> 0 | AD8: 0.01
A9: 43504 | B9: 1727 | C9: 1758 | D9: =choose(weekday(A9),"Fred/Phil", "Jane/Murr", "Tom","Sue/Anne","Shawn/Orems","Jeff", "Rob") -> Jeff | E9: Y | F9: 0.74305556 | G9: 43504 | H9: 0.75694444 | I9: =iferror(24*( DATEDIF(A9,G9,"D")+TIMEVALUE(H9)-TIMEVALUE(F9)),0) -> 0.33333333 | J9: 0.33 | K9: 35 | L9: 35 | M9: Dry all day, rainy now | N9: 0 | O9: 0 | P9: 0 | Q9: 0 | R9: 0 | S9: 0 | T9: 0 | U9: 0 | V9: 0 | W9: 0 | X9: 0 | Y9: 0 | Z9: =sum(N9:Q9) -> 0 | AA9: =sum(R9:V9) -> 0 | AB9: =sum(N9:O9) -> 0 | AC9: =sum(R9:S9,V9) -> 0 | AD9: 0.05
A10: 43505 | B10: 1729 | C10: 1800 | D10: =choose(weekday(A10),"Fred/Phil", "Jane/Murr", "Tom","Sue/Anne","Shawn/Orems","Jeff", "Rob") -> Rob | E10: N | G10: 43505 | I10: =iferror(24*( DATEDIF(A10,G10,"D")+TIMEVALUE(H10)-TIMEVALUE(F10)),0) -> 0 | N10: 0 | O10: 0 | P10: 0 | Q10: 0 | R10: 0 | S10: 0 | T10: 0 | U10: 0 | V10: 0 | W10: 0 | X10: 0 | Y10: 0 | Z10: =sum(N10:Q10) -> 0 | AA10: =sum(R10:V10) -> 0 | AB10: =sum(N10:O10) -> 0 | AC10: =sum(R10:S10,V10) -> 0 | AD10: 0.09
A11: 43506 | B11: 1730 | C11: 1801 | D11: =choose(weekday(A11),"Fred/Phil", "Jane/Murr", "Tom","Sue/Anne","Shawn/Orems","Jeff", "Rob") -> Fred/Phil | E11: N | G11: 43506 | I11: =iferror(24*( DATEDIF(A11,G11,"D")+TIMEVALUE(H11)-TIMEVALUE(F11)),0) -> 0 | J11: 0.34 | M11: Light rain/snow | N11: 0 | O11: 0 | P11: 0 | Q11: 0 | R11: 0 | S11: 0 | T11: 0 | U11: 0 | V11: 0 | W11: 0 | X11: 0 | Y11: 0 | Z11: =sum(N11:Q11) -> 0 | AA11: =sum(R11:V11) -> 0 | AB11: =sum(N11:O11) -> 0 | AC11: =sum(R11:S11,V11) -> 0 | AD11: 0.16
A12: 43507 | B12: 1732 | C12: 1803 | D12: =choose(weekday(A12),"Fred/Phil", "Jane/Murr", "Tom","Sue/Anne","Shawn/Orems","Jeff", "Rob") -> Jane/Murr | E12: Y | F12: 0.73958333 | G12: 43507 | H12: 0.99305556 | I12: =iferror(24*( DATEDIF(A12,G12,"D")+TIMEVALUE(H12)-TIMEVALUE(F12)),0) -> 6.0833333 | J12: 17.75 | K12: 44 | L12: 42.7 | M12: steady rain | N12: 3 | O12: 73 | P12: 0 | Q12: 0 | R12: 0 | S12: 0 | T12: 0 | U12: 0 | V12: 0 | W12: 1 | X12: 2 | Y12: 0 | Z12: =sum(N12:Q12) -> 76 | AA12: =sum(R12:V12) -> 0 | AB12: =sum(N12:O12) -> 76 | AC12: =sum(R12:S12,V12) -> 0 | AD12: 0.23
A13: 43508 | B13: 1733 | C13: 1804 | D13: =choose(weekday(A13),"Fred/Phil", "Jane/Murr", "Tom","Sue/Anne","Shawn/Orems","Jeff", "Rob") -> Tom | E13: Y | F13: 0.75 | G13: 43508 | H13: 0.76041667 | I13: =iferror(24*( DATEDIF(A13,G13,"D")+TIMEVALUE(H13)-TIMEVALUE(F13)),0) -> 0.25 | J13: 0.25 | K13: 42 | L13: 42 | M13: wet road | N13: 0 | O13: 0 | P13: 0 | Q13: 0 | R13: 0 | S13: 0 | T13: 0 | U13: 0 | V13: 0 | W13: 0 | X13: 0 | Y13: 0 | Z13: =sum(N13:Q13) -> 0 | AA13: =sum(R13:V13) -> 0 | AB13: =sum(N13:O13) -> 0 | AC13: =sum(R13:S13,V13) -> 0 | AD13: 0.31
A14: 43509 | B14: 1735 | C14: 1805 | D14: =choose(weekday(A14),"Fred/Phil", "Jane/Murr", "Tom","Sue/Anne","Shawn/Orems","Jeff", "Rob") -> Sue/Anne | E14: N | F14: 0.72916667 | G14: 43509 | I14: =iferror(24*( DATEDIF(A14,G14,"D")+TIMEVALUE(H14)-TIMEVALUE(F14)),0) -> 0 | K14: 42.5 | M14: rapidly colder, dry, sky clearing | N14: 0 | O14: 0 | P14: 0 | Q14: 0 | R14: 0 | S14: 0 | T14: 0 | U14: 0 | V14: 0 | W14: 0 | X14: 0 | Y14: 0 | Z14: =sum(N14:Q14) -> 0 | AA14: =sum(R14:V14) -> 0 | AB14: =sum(N14:O14) -> 0 | AC14: =sum(R14:S14,V14) -> 0 | AD14: 0.41
A15: 43510 | B15: 1736 | C15: 1807 | D15: =choose(weekday(A15),"Fred/Phil", "Jane/Murr", "Tom","Sue/Anne","Shawn/Orems","Jeff", "Rob") -> Shawn/Orems | E15: Y | F15: 0.75 | G15: 43510 | H15: 0.75347222 | I15: =iferror(24*( DATEDIF(A15,G15,"D")+TIMEVALUE(H15)-TIMEVALUE(F15)),0) -> 0.083333333 | K15: 42 | L15: 42 | M15: Cold; no rain; no frogs | N15: 0 | O15: 0 | P15: 0 | Q15: 0 | R15: 0 | S15: 0 | T15: 0 | U15: 0 | V15: 0 | W15: 0 | X15: 0 | Y15: 0 | Z15: =sum(N15:Q15) -> 0 | AA15: =sum(R15:V15) -> 0 | AB15: =sum(N15:O15) -> 0 | AC15: =sum(R15:S15,V15) -> 0 | AD15: 0.51
A16: 43511 | B16: 1738 | C16: 1808 | D16: =choose(weekday(A16),"Fred/Phil", "Jane/Murr", "Tom","Sue/Anne","Shawn/Orems","Jeff", "Rob") -> Jeff | E16: Y | F16: 0.75 | G16: 43511 | H16: 0.79861111 | I16: =iferror(24*( DATEDIF(A16,G16,"D")+TIMEVALUE(H16)-TIMEVALUE(F16)),0) -> 1.1666667 | J16: 4 | K16: 42 | L16: 42 | M16: Cold, rainy | N16: 0 | O16: 0 | P16: 0 | Q16: 0 | R16: 0 | S16: 0 | T16: 0 | U16: 0 | V16: 0 | W16: 0 | X16: 0 | Y16: 0 | Z16: =sum(N16:Q16) -> 0 | AA16: =sum(R16:V16) -> 0 | AB16: =sum(N16:O16) -> 0 | AC16: =sum(R16:S16,V16) -> 0 | AD16: 0.61 | AE16: returned at 21:00 - 42F, rainy, single chorus frog.
A17: 43512 | B17: 1739 | C17: 1809 | D17: =choose(weekday(A17),"Fred/Phil", "Jane/Murr", "Tom","Sue/Anne","Shawn/Orems","Jeff", "Rob") -> Rob | E17: y | F17: 0.73958333 | G17: 43512 | H17: 0.77083333 | I17: =iferror(24*( DATEDIF(A17,G17,"D")+TIMEVALUE(H17)-TIMEVALUE(F17)),0) -> 0.75 | J17: 0.75 | K17: 40 | L17: 39 | M17: sprinkles | N17: 0 | O17: 0 | P17: 0 | Q17: 0 | R17: 0 | S17: 0 | T17: 0 | U17: 0 | V17: 0 | W17: 0 | X17: 0 | Y17: 0 | Z17: =sum(N17:Q17) -> 0 | AA17: =sum(R17:V17) -> 0 | AB17: =sum(N17:O17) -> 0 | AC17: =sum(R17:S17,V17) -> 0 | AD17: 0.71
A18: 43513 | B18: 1740 | C18: 1811 | D18: =choose(weekday(A18),"Fred/Phil", "Jane/Murr", "Tom","Sue/Anne","Shawn/Orems","Jeff", "Rob") -> Fred/Phil | G18: 43513 | I18: =iferror(24*( DATEDIF(A18,G18,"D")+TIMEVALUE(H18)-TIMEVALUE(F18)),0) -> 0 | N18: 0 | O18: 0 | P18: 0 | Q18: 0 | R18: 0 | S18: 0 | T18: 0 | U18: 0 | V18: 0 | W18: 0 | X18: 0 | Y18: 0 | Z18: =sum(N18:Q18) -> 0 | AA18: =sum(R18:V18) -> 0 | AB18: =sum(N18:O18) -> 0 | AC18: =sum(R18:S18,V18) -> 0 | AD18: 0.8
A19: 43514 | B19: 1742 | C19: 1812 | D19: =choose(weekday(A19),"Fred/Phil", "Jane/Murr", "Tom","Sue/Anne","Shawn/Orems","Jeff", "Rob") -> Jane/Murr | E19: N | F19: 0.75 | G19: 43514 | H19: 0.8125 | I19: =iferror(24*( DATEDIF(A19,G19,"D")+TIMEVALUE(H19)-TIMEVALUE(F19)),0) -> 1.5 | K19: 41 | L19: 39 | M19: Dry. Shower later. | N19: 0 | O19: 0 | P19: 0 | Q19: 0 | R19: 0 | S19: 0 | T19: 0 | U19: 0 | V19: 0 | W19: 0 | X19: 0 | Y19: 0 | Z19: =sum(N19:Q19) -> 0 | AA19: =sum(R19:V19) -> 0 | AB19: =sum(N19:O19) -> 0 | AC19: =sum(R19:S19,V19) -> 0 | AD19: 0.88
A20: 43515 | B20: 1743 | C20: 1814 | D20: =choose(weekday(A20),"Fred/Phil", "Jane/Murr", "Tom","Sue/Anne","Shawn/Orems","Jeff", "Rob") -> Tom | E20: Y | F20: 0.75 | G20: 43515 | H20: 0.9375 | I20: =iferror(24*( DATEDIF(A20,G20,"D")+TIMEVALUE(H20)-TIMEVALUE(F20)),0) -> 4.5 | J20: 15.75 | K20: 42 | L20: 41 | M20: Rain, heavy then mist | N20: 7 | O20: 73 | P20: 0 | Q20: 1 | R20: 0 | S20: 0 | T20: 0 | U20: 0 | V20: 0 | W20: 0 | X20: 0 | Y20: 3 | Z20: =sum(N20:Q20) -> 81 | AA20: =sum(R20:V20) -> 0 | AB20: =sum(N20:O20) -> 80 | AC20: =sum(R20:S20,V20) -> 0 | AD20: 0.95 | AE20: 11 CF's
A21: 43516 | B21: 1745 | C21: 1815 | D21: =choose(weekday(A21),"Fred/Phil", "Jane/Murr", "Tom","Sue/Anne","Shawn/Orems","Jeff", "Rob") -> Sue/Anne | E21: Y | F21: 0.75 | G21: 43516 | H21: 0.75347222 | I21: =iferror(24*( DATEDIF(A21,G21,"D")+TIMEVALUE(H21)-TIMEVALUE(F21)),0) -> 0.083333333 | K21: 38 | M21: Temp drops fast; sky clearing | N21: 0 | O21: 0 | P21: 0 | Q21: 0 | R21: 0 | S21: 0 | T21: 0 | U21: 0 | V21: 0 | W21: 0 | X21: 0 | Y21: 0 | Z21: =sum(N21:Q21) -> 0 | AA21: =sum(R21:V21) -> 0 | AB21: =sum(N21:O21) -> 0 | AC21: =sum(R21:S21,V21) -> 0 | AD21: 0.99
A22: 43517 | B22: 1746 | C22: 1816 | D22: =choose(weekday(A22),"Fred/Phil", "Jane/Murr", "Tom","Sue/Anne","Shawn/Orems","Jeff", "Rob") -> Shawn/Orems | E22: N | F22: 0.75 | G22: 43517 | H22: 0.75 | I22: =iferror(24*( DATEDIF(A22,G22,"D")+TIMEVALUE(H22)-TIMEVALUE(F22)),0) -> 0 | K22: 40 | M22: Cold and dry | N22: 0 | O22: 0 | P22: 0 | Q22: 0 | R22: 0 | S22: 0 | T22: 0 | U22: 0 | V22: 0 | W22: 0 | X22: 0 | Y22: 0 | Z22: =sum(N22:Q22) -> 0 | AA22: =sum(R22:V22) -> 0 | AB22: =sum(N22:O22) -> 0 | AC22: =sum(R22:S22,V22) -> 0 | AD22: 1
A23: 43518 | B23: 1748 | C23: 1818 | D23: =choose(weekday(A23),"Fred/Phil", "Jane/Murr", "Tom","Sue/Anne","Shawn/Orems","Jeff", "Rob") -> Jeff | E23: Y | F23: 0.70833333 | G23: 43518 | H23: 0.875 | I23: =iferror(24*( DATEDIF(A23,G23,"D")+TIMEVALUE(H23)-TIMEVALUE(F23)),0) -> 4 | J23: 9 | K23: 40 | L23: 39 | M23: Wet, rainy; dry later | N23: 0 | O23: 1 | P23: 0 | Q23: 0 | R23: 0 | S23: 0 | T23: 0 | U23: 0 | V23: 0 | W23: 0 | X23: 0 | Y23: 0 | Z23: =sum(N23:Q23) -> 1 | AA23: =sum(R23:V23) -> 0 | AB23: =sum(N23:O23) -> 1 | AC23: =sum(R23:S23,V23) -> 0 | AD23: 0.98 | AE23: 1 chorus frog
A24: 43519 | B24: 1749 | C24: 1819 | D24: =choose(weekday(A24),"Fred/Phil", "Jane/Murr", "Tom","Sue/Anne","Shawn/Orems","Jeff", "Rob") -> Rob | E24: y | F24: 0.73958333 | G24: 43519 | H24: 0.79166667 | I24: =iferror(24*( DATEDIF(A24,G24,"D")+TIMEVALUE(H24)-TIMEVALUE(F24)),0) -> 1.25 | J24: 1.25 | K24: 41 | L24: 42 | N24: 0 | O24: 0 | P24: 0 | Q24: 0 | R24: 0 | S24: 0 | T24: 0 | U24: 0 | V24: 0 | W24: 0 | X24: 0 | Y24: 0 | Z24: =sum(N24:Q24) -> 0 | AA24: =sum(R24:V24) -> 0 | AB24: =sum(N24:O24) -> 0 | AC24: =sum(R24:S24,V24) -> 0 | AD24: 0.93
A25: 43520 | B25: 1750 | C25: 1820 | D25: =choose(weekday(A25),"Fred/Phil", "Jane/Murr", "Tom","Sue/Anne","Shawn/Orems","Jeff", "Rob") -> Fred/Phil | E25: Y | F25: 0.70833333 | G25: 43520 | H25: 0.75 | I25: =iferror(24*( DATEDIF(A25,G25,"D")+TIMEVALUE(H25)-TIMEVALUE(F25)),0) -> 1 | J25: 0.041666667 | K25: 39 | L25: 38 | M25: a shower, wet pavement, then drying | N25: 0 | O25: 0 | P25: 0 | Q25: 0 | R25: 0 | S25: 0 | T25: 0 | U25: 0 | V25: 0 | W25: 0 | X25: 0 | Y25: 0 | Z25: =sum(N25:Q25) -> 0 | AA25: =sum(R25:V25) -> 0 | AB25: =sum(N25:O25) -> 0 | AC25: =sum(R25:S25,V25) -> 0 | AD25: 0.86
A26: 43521 | B26: 1752 | C26: 1822 | D26: =choose(weekday(A26),"Fred/Phil", "Jane/Murr", "Tom","Sue/Anne","Shawn/Orems","Jeff", "Rob") -> Jane/Murr | E26: N | F26: 0.75 | G26: 43521 | I26: =iferror(24*( DATEDIF(A26,G26,"D")+TIMEVALUE(H26)-TIMEVALUE(F26)),0) -> 0 | K26: 33 | L26: 33 | M26: A few snow flurries | N26: 0 | O26: 0 | P26: 0 | Q26: 0 | R26: 0 | S26: 0 | T26: 0 | U26: 0 | V26: 0 | W26: 0 | X26: 0 | Y26: 0 | Z26: =sum(N26:Q26) -> 0 | AA26: =sum(R26:V26) -> 0 | AB26: =sum(N26:O26) -> 0 | AC26: =sum(R26:S26,V26) -> 0 | AD26: 0.77
A27: 43522 | B27: 1753 | C27: 1823 | D27: =choose(weekday(A27),"Fred/Phil", "Jane/Murr", "Tom","Sue/Anne","Shawn/Orems","Jeff", "Rob") -> Tom | G27: 43522 | I27: =iferror(24*( DATEDIF(A27,G27,"D")+TIMEVALUE(H27)-TIMEVALUE(F27)),0) -> 0 | N27: 0 | O27: 0 | P27: 0 | Q27: 0 | R27: 0 | S27: 0 | T27: 0 | U27: 0 | V27: 0 | W27: 0 | X27: 0 | Y27: 0 | Z27: =sum(N27:Q27) -> 0 | AA27: =sum(R27:V27) -> 0 | AB27: =sum(N27:O27) -> 0 | AC27: =sum(R27:S27,V27) -> 0 | AD27: 0.67
A28: 43523 | B28: 1755 | C28: 1824 | D28: =choose(weekday(A28),"Fred/Phil", "Jane/Murr", "Tom","Sue/Anne","Shawn/Orems","Jeff", "Rob") -> Sue/Anne | E28: N | G28: 43523 | I28: =iferror(24*( DATEDIF(A28,G28,"D")+TIMEVALUE(H28)-TIMEVALUE(F28)),0) -> 0 | K28: 34 | M28: Dry | N28: 0 | O28: 0 | P28: 0 | Q28: 0 | R28: 0 | S28: 0 | T28: 0 | U28: 0 | V28: 0 | W28: 0 | X28: 0 | Y28: 0 | Z28: =sum(N28:Q28) -> 0 | AA28: =sum(R28:V28) -> 0 | AB28: =sum(N28:O28) -> 0 | AC28: =sum(R28:S28,V28) -> 0 | AD28: 0.56
A29: 43524 | B29: 1756 | C29: 1826 | D29: =choose(weekday(A29),"Fred/Phil", "Jane/Murr", "Tom","Sue/Anne","Shawn/Orems","Jeff", "Rob") -> Shawn/Orems | E29: Y | F29: 0.75694444 | G29: 43524 | H29: 0.77777778 | I29: =iferror(24*( DATEDIF(A29,G29,"D")+TIMEVALUE(H29)-TIMEVALUE(F29)),0) -> 0.5 | J29: 1.5 | K29: 40 | L29: 38 | M29: wet pavement; lite mist | N29: 0 | O29: 0 | P29: 0 | Q29: 0 | R29: 0 | S29: 0 | T29: 0 | U29: 0 | V29: 0 | W29: 0 | X29: 0 | Y29: 0 | Z29: =sum(N29:Q29) -> 0 | AA29: =sum(R29:V29) -> 0 | AB29: =sum(N29:O29) -> 0 | AC29: =sum(R29:S29,V29) -> 0 | AD29: 0.45
B30: X | C30: X | N30: xxxx | O30: xxxx | P30: xxxx | Q30: xxxx | R30: xxxx | S30: xxxx | T30: xxxx | U30: xxxx | V30: xxxx | W30: xxxx | X30: xxxx | Y30: xxxx | Z30: xxxx | AA30: xxxx | AB30: xxxx | AC30: xxxx
B31: X | C31: X | N31: xxxx | O31: xxxx | P31: xxxx | Q31: xxxx | R31: xxxx | S31: xxxx | T31: xxxx | U31: xxxx | V31: xxxx | W31: xxxx | X31: xxxx | Y31: xxxx | Z31: xxxx | AA31: xxxx | AB31: xxxx | AC31: xxxx
B32: X | C32: X | N32: xxxx | O32: xxxx | P32: xxxx | Q32: xxxx | R32: xxxx | S32: xxxx | T32: xxxx | U32: xxxx | V32: xxxx | W32: xxxx | X32: xxxx | Y32: xxxx | Z32: xxxx | AA32: xxxx | AB32: xxxx | AC32: xxxx
E33: Monthly total | I33: =SUM(I3:I32) -> 22.62 | J33: =SUM(J2:J29) -> 80.081667 | N33: =SUM(N2:N29) -> 13 | O33: =SUM(O2:O29) -> 171 | P33: =SUM(P2:P29) -> 1 | Q33: =SUM(Q2:Q29) -> 3 | R33: =SUM(R2:R29) -> 0 | S33: =SUM(S2:S29) -> 0 | T33: =SUM(T2:T29) -> 0 | U33: =SUM(U2:U29) -> 0 | ... AA33: =SUM(AA2:AA29) -> 0 | AB33: =sum(AB2:AB32) -> 184 | AC33: =sum(AC2:AC32) -> 0
E34: Cumulative Total | I34: ='November 2018'!I$34+'December 2018'!I$33+'January 2019'!I$33+'February 2019'!I$33 -> 93.393611 | J34: ='November 2018'!J$34+'December 2018'!J$33+'January 2019'!J$33+'February 2019'!J$33 -> 297.99167 | N34: ='November 2018'!N$34+'December 2018'!N$33+'January 2019'!N$33+'February 2019'!N$33 -> 65 | O34: ='November 2018'!O$34+'December 2018'!O$33+'January 2019'!O$33+'February 2019'!O$33 -> 1120 | P34: ='November 2018'!P$34+'December 2018'!P$33+'January 2019'!P$33+'February 2019'!P$33 -> 2 | Q34: ='November 2018'!Q$34+'December 2018'!Q$33+'January 2019'!Q$33+'February 2019'!Q$33 -> 4 | R34: ='November 2018'!R$34+'December 2018'!R$33+'January 2019'!R$33+'February 2019'!R$33 -> 0 | S34: ='November 2018'!S$34+'December 2018'!S$33+'January 2019'!S$33+'February 2019'!S$33 -> 0 | T34: ='November 2018'!T$34+'December 2018'!T$33+'January 2019'!T$33+'February 2019'!T$33 -> 0 | U34: ='November 2018'!U$34+'December 2018'!U$33+'January 2019'!U$33+'February 2019'!U$33 -> 0 | ... AA34: ='November 2018'!AA$34+'December 2018'!AA$33+'January 2019'!AA$33+'February 2019'!AA$33 -> 0 | AB34: ='November 2018'!AB34+'December 2018'!AB33+'January 2019'!AB33+'February 2019'!AB33 -> 1185 | AC34: ='November 2018'!AC34+'December 2018'!AC33+'January 2019'!AC33+'February 2019'!AC33 -> 0
E35: Season Total | I35: ='November 2018'!I$34+'December 2018'!I$33+'January 2019'!I$33+'February 2019'!I$33+'March 2019'!I$33+'April 2019'!I$33 -> 145.81028 | J35: ='November 2018'!J34+'December 2018'!J33+'January 2019'!J33+'February 2019'!J33+'March 2019'!J33+'April 2019'!J33 -> 558.96167 | N35: ='November 2018'!N34+'December 2018'!N33+'January 2019'!N33+'February 2019'!N33+'March 2019'!N33+'April 2019'!N33 -> 90 | O35: ='November 2018'!O34+'December 2018'!O33+'January 2019'!O33+'February 2019'!O33+'March 2019'!O33+'April 2019'!O33 -> 1134 | P35: ='November 2018'!P34+'December 2018'!P33+'January 2019'!P33+'February 2019'!P33+'March 2019'!P33+'April 2019'!P33 -> 3 | Q35: ='November 2018'!Q34+'December 2018'!Q33+'January 2019'!Q33+'February 2019'!Q33+'March 2019'!Q33+'April 2019'!Q33 -> 4 | R35: ='November 2018'!R34+'December 2018'!R33+'January 2019'!R33+'February 2019'!R33+'March 2019'!R33+'April 2019'!R33 -> 124 | S35: ='November 2018'!S34+'December 2018'!S33+'January 2019'!S33+'February 2019'!S33+'March 2019'!S33+'April 2019'!S33 -> 791 | T35: ='November 2018'!T34+'December 2018'!T33+'January 2019'!T33+'February 2019'!T33+'March 2019'!T33+'April 2019'!T33 -> 6 | U35: ='November 2018'!U34+'December 2018'!U33+'January 2019'!U33+'February 2019'!U33+'March 2019'!U33+'April 2019'!U33 -> 17 | ... AC35: ='November 2018'!AC34+'December 2018'!AC33+'January 2019'!AC33+'February 2019'!AC33+'March 2019'!AC33+'April 2019'!AC33 -> 921
E36: 2017-18 Total | Z36: 433 | AA36: 297
E37: 2016-17 Total | Z37: 834 | AA37: 751
E38: 2015-16 Total | Z38: 688 | AA38: 1040
E39: 2014-15 Total | Z39: 695 | AA39: 750
E40: 2013-14 Total | Z40: 580 | AA40: 572

Sheet March 2019
B1: Sunset | C1: Civil Twilight | D1: Captain | E1: Monitored (Y/N) | F1: Start time HH:MM | G1: End Date | H1: End time HH:MM | I1: Hours monitored | J1: Team Hrs. | K1: Start temp | L1: End temp | M1: Weather | N1: Females assisted down | O1: Males assisted down | P1: Unassisted Females down | Q1: Unasissted Males down | R1: Females assisted up | S1: Males assisted up | T1: Unassisted females up | U1: Unassisted males up | V1: Juveniles assisted up | W1: Roadkill Females | X1: Roadkill Males | Y1: Roadkill Unk | Z1: Total frogs down | AA1: Total frogs up | AB1: Total Frogs Assisted Down | AC1: Total Frogs Assisted Up | AD1: % moon visible | AE1: Comments
A2: 43525 | B2: 1757 | C2: 1827 | D2: =choose(weekday(A2),"Fred/Phil", "Jane/Murr", "Tom","Sue/Anne","Shawn/Orems","Jeff", "Rob") -> Jeff | E2: N | F2: 0.79166667 | G2: 43525 | H2: 0.79166667 | I2: =iferror(24*( DATEDIF(A2,G2,"D")+TIMEVALUE(H2)-TIMEVALUE(F2)),0) -> 0 | J2: 0 | K2: 44 | L2: 44 | N2: 0 | O2: 0 | P2: 0 | Q2: 0 | R2: 0 | S2: 0 | T2: 0 | U2: 0 | V2: 0 | W2: 0 | X2: 0 | Y2: 0 | Z2: =sum(N2:Q2) -> 0 | AA2: =sum(R2:V2) -> 0 | AB2: =sum(N2:O2) -> 0 | AC2: =sum(R2:S2,V2) -> 0 | AD2: 0.21
A3: 43526 | B3: 1759 | C3: 1829 | D3: =choose(weekday(A3),"Fred/Phil", "Jane/Murr", "Tom","Sue/Anne","Shawn/Orems","Jeff", "Rob") -> Rob | E3: N | G3: 43526 | I3: =iferror(24*( DATEDIF(A3,G3,"D")+TIMEVALUE(H3)-TIMEVALUE(F3)),0) -> 0 | N3: 0 | O3: 0 | P3: 0 | Q3: 0 | R3: 0 | S3: 0 | T3: 0 | U3: 0 | V3: 0 | W3: 0 | X3: 0 | Y3: 0 | Z3: =sum(N3:Q3) -> 0 | AA3: =sum(R3:V3) -> 0 | AB3: =sum(N3:O3) -> 0 | AC3: =sum(R3:S3,V3) -> 0 | AD3: 0.13
A4: 43527 | B4: 1800 | C4: 1830 | D4: =choose(weekday(A4),"Fred/Phil", "Jane/Murr", "Tom","Sue/Anne","Shawn/Orems","Jeff", "Rob") -> Fred/Phil | G4: 43527 | I4: =iferror(24*( DATEDIF(A4,G4,"D")+TIMEVALUE(H4)-TIMEVALUE(F4)),0) -> 0 | N4: 0 | O4: 0 | P4: 0 | Q4: 0 | R4: 0 | S4: 0 | T4: 0 | U4: 0 | V4: 0 | W4: 0 | X4: 0 | Y4: 0 | Z4: =sum(N4:Q4) -> 0 | AA4: =sum(R4:V4) -> 0 | AB4: =sum(N4:O4) -> 0 | AC4: =sum(R4:S4,V4) -> 0 | AD4: 0.07
A5: 43528 | B5: 1802 | C5: 1831 | D5: =choose(weekday(A5),"Fred/Phil", "Jane/Murr", "Tom","Sue/Anne","Shawn/Orems","Jeff", "Rob") -> Jane/Murr | E5: N | F5: 18:30PM | G5: 43528 | H5: 18:30 PM | I5: =iferror(24*( DATEDIF(A5,G5,"D")+TIMEVALUE(H5)-TIMEVALUE(F5)),0) -> 0 | K5: 37 | L5: 37 | M5: Very dry | N5: 0 | O5: 0 | P5: 0 | Q5: 0 | R5: 0 | S5: 0 | T5: 0 | U5: 0 | V5: 0 | W5: 0 | X5: 0 | Y5: 0 | Z5: =sum(N5:Q5) -> 0 | AA5: =sum(R5:V5) -> 0 | AB5: =sum(N5:O5) -> 0 | AC5: =sum(R5:S5,V5) -> 0 | AD5: 0.03
A6: 43529 | B6: 1803 | C6: 1833 | D6: =choose(weekday(A6),"Fred/Phil", "Jane/Murr", "Tom","Sue/Anne","Shawn/Orems","Jeff", "Rob") -> Tom | E6: N | G6: 43529 | I6: =iferror(24*( DATEDIF(A6,G6,"D")+TIMEVALUE(H6)-TIMEVALUE(F6)),0) -> 0 | K6: 39 | L6: 39 | M6: Dry | N6: 0 | O6: 0 | P6: 0 | Q6: 0 | R6: 0 | S6: 0 | T6: 0 | U6: 0 | V6: 0 | W6: 0 | X6: 0 | Y6: 0 | Z6: =sum(N6:Q6) -> 0 | AA6: =sum(R6:V6) -> 0 | AB6: =sum(N6:O6) -> 0 | AC6: =sum(R6:S6,V6) -> 0 | AD6: 0.01
A7: 43530 | B7: 1804 | C7: 1834 | D7: =choose(weekday(A7),"Fred/Phil", "Jane/Murr", "Tom","Sue/Anne","Shawn/Orems","Jeff", "Rob") -> Sue/Anne | E7: N | F7: 0.78125 | G7: 43530 | I7: =iferror(24*( DATEDIF(A7,G7,"D")+TIMEVALUE(H7)-TIMEVALUE(F7)),0) -> 0 | K7: 36 | M7: Dry | N7: 0 | O7: 0 | P7: 0 | Q7: 0 | R7: 0 | S7: 0 | T7: 0 | U7: 0 | V7: 0 | W7: 0 | X7: 0 | Y7: 0 | Z7: =sum(N7:Q7) -> 0 | AA7: =sum(R7:V7) -> 0 | AB7: =sum(N7:O7) -> 0 | AC7: =sum(R7:S7,V7) -> 0 | AD7: 0
A8: 43531 | B8: 1806 | C8: 1835 | D8: =choose(weekday(A8),"Fred/Phil", "Jane/Murr", "Tom","Sue/Anne","Shawn/Orems","Jeff", "Rob") -> Shawn/Orems | E8: Y | F8: 0.77083333 | G8: 43531 | H8: 0.77777778 | I8: =iferror(24*( DATEDIF(A8,G8,"D")+TIMEVALUE(H8)-TIMEVALUE(F8)),0) -> 0.16666667 | J8: 0.17 | K8: 41 | L8: 40 | M8: patchy wet/dry pavemt. | N8: 0 | O8: 0 | P8: 0 | Q8: 0 | R8: 0 | S8: 0 | T8: 0 | U8: 0 | V8: 0 | W8: 0 | X8: 0 | Y8: 0 | Z8: =sum(N8:Q8) -> 0 | AA8: =sum(R8:V8) -> 0 | AB8: =sum(N8:O8) -> 0 | AC8: =sum(R8:S8,V8) -> 0 | AD8: 0.01
A9: 43532 | B9: 1807 | C9: 1837 | D9: =choose(weekday(A9),"Fred/Phil", "Jane/Murr", "Tom","Sue/Anne","Shawn/Orems","Jeff", "Rob") -> Jeff | E9: Y | F9: 0.76041667 | G9: 43532 | H9: 0.84722222 | I9: =iferror(24*( DATEDIF(A9,G9,"D")+TIMEVALUE(H9)-TIMEVALUE(F9)),0) -> 2.0833333 | J9: 0 | K9: 37 | L9: 36 | M9: rain/snow mix; drying | N9: 0 | O9: 0 | P9: 0 | Q9: 0 | R9: 0 | S9: 0 | U9: 0 | V9: 0 | W9: 0 | X9: 1 | Y9: 0 | Z9: =sum(N9:Q9) -> 0 | AA9: =sum(R9:V9) -> 0 | AB9: =sum(N9:O9) -> 0 | AC9: =sum(R9:S9,V9) -> 0 | AD9: 0.05 | AE9: road kill noted on return visit at 20:20
A10: 43533 | B10: 1808 | C10: 1838 | D10: =choose(weekday(A10),"Fred/Phil", "Jane/Murr", "Tom","Sue/Anne","Shawn/Orems","Jeff", "Rob") -> Rob | E10: N | G10: 43533 | I10: =iferror(24*( DATEDIF(A10,G10,"D")+TIMEVALUE(H10)-TIMEVALUE(F10)),0) -> 0 | K10: 38 | N10: 0 | O10: 0 | P10: 0 | Q10: 0 | R10: 0 | S10: 0 | T10: 0 | U10: 0 | V10: 0 | W10: 0 | X10: 0 | Y10: 0 | Z10: =sum(N10:Q10) -> 0 | AA10: =sum(R10:V10) -> 0 | AB10: =sum(N10:O10) -> 0 | AC10: =sum(R10:S10,V10) -> 0 | AD10: 0.09
A11: 43534 | B11: 1910 | C11: 1939 | D11: =choose(weekday(A11),"Fred/Phil", "Jane/Murr", "Tom","Sue/Anne","Shawn/Orems","Jeff", "Rob") -> Fred/Phil | G11: 43534 | I11: =iferror(24*( DATEDIF(A11,G11,"D")+TIMEVALUE(H11)-TIMEVALUE(F11)),0) -> 0 | N11: 0 | O11: 0 | P11: 0 | Q11: 0 | R11: 0 | S11: 0 | T11: 0 | U11: 0 | V11: 0 | W11: 0 | X11: 0 | Y11: 0 | Z11: =sum(N11:Q11) -> 0 | AA11: =sum(R11:V11) -> 0 | AB11: =sum(N11:O11) -> 0 | AC11: =sum(R11:S11,V11) -> 0 | AD11: 0.16
A12: 43535 | B12: 1911 | C12: 1941 | D12: =choose(weekday(A12),"Fred/Phil", "Jane/Murr", "Tom","Sue/Anne","Shawn/Orems","Jeff", "Rob") -> Jane/Murr | E12: Y | F12: 0.80208333 | G12: 43535 | H12: 0.072916667 | I12: 6.5 | J12: 33.7 | K12: 49 | L12: 41 | M12: Dry then lots of rain | N12: 12 | O12: 5 | P12: 0 | Q12: 0 | R12: 2 | S12: 0 | T12: 0 | U12: 0 | V12: 0 | W12: 0 | X12: 0 | Y12: 0 | Z12: =sum(N12:Q12) -> 17 | AA12: =sum(R12:V12) -> 2 | AB12: =sum(N12:O12) -> 17 | AC12: =sum(R12:S12,V12) -> 2 | AD12: 0.23 | AE12: 165 CFs, almost all females
A13: 43536 | B13: 1912 | C13: 1942 | D13: =choose(weekday(A13),"Fred/Phil", "Jane/Murr", "Tom","Sue/Anne","Shawn/Orems","Jeff", "Rob") -> Tom | E13: Y | F13: 0.80208333 | G13: 43536 | H13: 0.86458333 | I13: =iferror(24*( DATEDIF(A13,G13,"D")+TIMEVALUE(H13)-TIMEVALUE(F13)),0) -> 1.5 | J13: 10 | K13: 41 | L13: 41 | M13: Wet pavement | N13: 0 | O13: 0 | P13: 0 | Q13: 0 | R13: 0 | S13: 0 | T13: 0 | U13: 0 | V13: 0 | W13: 0 | X13: 0 | Y13: 0 | Z13: =sum(N13:Q13) -> 0 | AA13: =sum(R13:V13) -> 0 | AB13: =sum(N13:O13) -> 0 | AC13: =sum(R13:S13,V13) -> 0 | AD13: 0.31
A14: 43537 | B14: 1914 | C14: 1943 | D14: =choose(weekday(A14),"Fred/Phil", "Jane/Murr", "Tom","Sue/Anne","Shawn/Orems","Jeff", "Rob") -> Sue/Anne | E14: N | F14: 0.79166667 | G14: 43537 | I14: =iferror(24*( DATEDIF(A14,G14,"D")+TIMEVALUE(H14)-TIMEVALUE(F14)),0) -> 0 | K14: 48 | M14: Dry; dry pavement | N14: 0 | O14: 0 | P14: 0 | Q14: 0 | R14: 0 | S14: 0 | T14: 0 | U14: 0 | V14: 0 | W14: 0 | X14: 0 | Y14: 0 | Z14: =sum(N14:Q14) -> 0 | AA14: =sum(R14:V14) -> 0 | AB14: =sum(N14:O14) -> 0 | AC14: =sum(R14:S14,V14) -> 0 | AD14: 0.41
A15: 43538 | B15: 1915 | C15: 1945 | D15: =choose(weekday(A15),"Fred/Phil", "Jane/Murr", "Tom","Sue/Anne","Shawn/Orems","Jeff", "Rob") -> Shawn/Orems | E15: Y | F15: 0.80208333 | G15: 43538 | H15: 0.80902778 | I15: =iferror(24*( DATEDIF(A15,G15,"D")+TIMEVALUE(H15)-TIMEVALUE(F15)),0) -> 0.16666667 | J15: 0.17 | K15: 50 | L15: 50 | N15: 0 | O15: 0 | P15: 0 | Q15: 0 | R15: 0 | S15: 0 | T15: 0 | U15: 0 | V15: 0 | W15: 0 | X15: 0 | Y15: 0 | Z15: =sum(N15:Q15) -> 0 | AA15: =sum(R15:V15) -> 0 | AB15: =sum(N15:O15) -> 0 | AC15: =sum(R15:S15,V15) -> 0 | AD15: 0.51
A16: 43539 | B16: 1916 | C16: 1946 | D16: =choose(weekday(A16),"Fred/Phil", "Jane/Murr", "Tom","Sue/Anne","Shawn/Orems","Jeff", "Rob") -> Jeff | E16: N | G16: 43539 | I16: =iferror(24*( DATEDIF(A16,G16,"D")+TIMEVALUE(H16)-TIMEVALUE(F16)),0) -> 0 | K16: 55 | L16: 55 | M16: Dry, broken cllouds | N16: 0 | O16: 0 | P16: 0 | Q16: 0 | R16: 0 | S16: 0 | T16: 0 | U16: 0 | V16: 0 | W16: 0 | X16: 0 | Y16: 0 | Z16: =sum(N16:Q16) -> 0 | AA16: =sum(R16:V16) -> 0 | AB16: =sum(N16:O16) -> 0 | AC16: =sum(R16:S16,V16) -> 0 | AD16: 0.61
A17: 43540 | B17: 1918 | C17: 1947 | D17: =choose(weekday(A17),"Fred/Phil", "Jane/Murr", "Tom","Sue/Anne","Shawn/Orems","Jeff", "Rob") -> Rob | E17: N | G17: 43540 | I17: =iferror(24*( DATEDIF(A17,G17,"D")+TIMEVALUE(H17)-TIMEVALUE(F17)),0) -> 0 | K17: 49 | M17: bone dry | N17: 0 | O17: 0 | P17: 0 | Q17: 0 | R17: 0 | S17: 0 | T17: 0 | U17: 0 | V17: 0 | W17: 0 | X17: 0 | Y17: 0 | Z17: =sum(N17:Q17) -> 0 | AA17: =sum(R17:V17) -> 0 | AB17: =sum(N17:O17) -> 0 | AC17: =sum(R17:S17,V17) -> 0 | AD17: 0.71
A18: 43541 | B18: 1919 | C18: 1949 | D18: =choose(weekday(A18),"Fred/Phil", "Jane/Murr", "Tom","Sue/Anne","Shawn/Orems","Jeff", "Rob") -> Fred/Phil | E18: Y | F18: 0.84722222 | G18: 43541 | H18: 0.88888889 | I18: =iferror(24*( DATEDIF(A18,G18,"D")+TIMEVALUE(H18)-TIMEVALUE(F18)),0) -> 1 | J18: 1 | K18: 52 | L18: 54.5 | M18: clear, dry, moonlit | N18: 0 | O18: 1 | P18: 0 | Q18: 0 | R18: 0 | S18: 0 | T18: 0 | U18: 0 | V18: 0 | W18: 0 | X18: 0 | Y18: 0 | Z18: =sum(N18:Q18) -> 1 | AA18: =sum(R18:V18) -> 0 | AB18: =sum(N18:O18) -> 1 | AC18: =sum(R18:S18,V18) -> 0 | AD18: 0.8 | AE18: saw a couple chorus frogs moving on Marina way. first looked to be heading to wetlands. second, unknown
A19: 43542 | B19: 1920 | C19: 1950 | D19: =choose(weekday(A19),"Fred/Phil", "Jane/Murr", "Tom","Sue/Anne","Shawn/Orems","Jeff", "Rob") -> Jane/Murr | E19: N | F19: 0.85416667 | G19: 43542 | H19: 0.85416667 | I19: =iferror(24*( DATEDIF(A19,G19,"D")+TIMEVALUE(H19)-TIMEVALUE(F19)),0) -> 0 | K19: 50 | L19: 59 | M19: Dry and windy | N19: 0 | O19: 0 | P19: 0 | Q19: 0 | R19: 0 | S19: 0 | T19: 0 | U19: 0 | V19: 0 | W19: 0 | X19: 0 | Y19: 0 | Z19: =sum(N19:Q19) -> 0 | AA19: =sum(R19:V19) -> 0 | AB19: =sum(N19:O19) -> 0 | AC19: =sum(R19:S19,V19) -> 0 | AD19: 0.88
A20: 43543 | B20: 1922 | C20: 1951 | D20: =choose(weekday(A20),"Fred/Phil", "Jane/Murr", "Tom","Sue/Anne","Shawn/Orems","Jeff", "Rob") -> Tom | E20: N | G20: 43543 | I20: =iferror(24*( DATEDIF(A20,G20,"D")+TIMEVALUE(H20)-TIMEVALUE(F20)),0) -> 0 | K20: 59 | M20: dry | N20: 0 | O20: 0 | P20: 0 | Q20: 0 | R20: 0 | S20: 0 | T20: 0 | U20: 0 | V20: 0 | W20: 0 | X20: 0 | Y20: 0 | Z20: =sum(N20:Q20) -> 0 | AA20: =sum(R20:V20) -> 0 | AB20: =sum(N20:O20) -> 0 | AC20: =sum(R20:S20,V20) -> 0 | AD20: 0.95
A21: 43544 | B21: 1923 | C21: 1953 | D21: =choose(weekday(A21),"Fred/Phil", "Jane/Murr", "Tom","Sue/Anne","Shawn/Orems","Jeff", "Rob") -> Sue/Anne | E21: N | G21: 43544 | I21: =iferror(24*( DATEDIF(A21,G21,"D")+TIMEVALUE(H21)-TIMEVALUE(F21)),0) -> 0 | K21: 59 | M21: dry | N21: 0 | O21: 0 | P21: 0 | Q21: 0 | R21: 0 | S21: 0 | T21: 0 | U21: 0 | V21: 0 | W21: 0 | X21: 0 | Y21: 0 | Z21: =sum(N21:Q21) -> 0 | AA21: =sum(R21:V21) -> 0 | AB21: =sum(N21:O21) -> 0 | AC21: =sum(R21:S21,V21) -> 0 | AD21: 0.99
A22: 43545 | B22: 1924 | C22: 1954 | D22: =choose(weekday(A22),"Fred/Phil", "Jane/Murr", "Tom","Sue/Anne","Shawn/Orems","Jeff", "Rob") -> Shawn/Orems | E22: Y | F22: 0.8125 | G22: 43545 | H22: 0.97916667 | I22: =iferror(24*( DATEDIF(A22,G22,"D")+TIMEVALUE(H22)-TIMEVALUE(F22)),0) -> 4 | J22: 19 | K22: 56 | L22: 50 | M22: Dry; pavemt mostly dry | N22: 7 | O22: 2 | P22: 1 | Q22: 0 | R22: 46 | S22: 112 | T22: 3 | U22: 6 | V22: 1 | W22: 3 | X22: 2 | Y22: 0 | Z22: =sum(N22:Q22) -> 10 | AA22: =sum(R22:V22) -> 168 | AB22: =sum(N22:O22) -> 9 | AC22: =sum(R22:S22,V22) -> 159 | AD22: 1 | AE22: 1 long-toed salamander up; approx. 20 chorus frogs down/up
A23: 43546 | B23: 1926 | C23: 1955 | D23: =choose(weekday(A23),"Fred/Phil", "Jane/Murr", "Tom","Sue/Anne","Shawn/Orems","Jeff", "Rob") -> Jeff | E23: Y | F23: 0.75 | G23: 43547 | H23: 0.027777778 | I23: =iferror(24*( DATEDIF(A23,G23,"D")+TIMEVALUE(H23)-TIMEVALUE(F23)),0) -> 6.6666667 | J23: 40 | K23: 55 | L23: 51 | M23: Damp pavement | N23: 4 | O23: 5 | P23: 0 | Q23: 0 | R23: 46 | S23: 275 | T23: 1 | U23: 6 | V23: 0 | W23: 0 | X23: 0 | Y23: 0 | Z23: =sum(N23:Q23) -> 9 | AA23: =sum(R23:V23) -> 328 | AB23: =sum(N23:O23) -> 9 | AC23: =sum(R23:S23,V23) -> 321 | AD23: 0.98
A24: 43547 | B24: 1927 | C24: 1957 | D24: =choose(weekday(A24),"Fred/Phil", "Jane/Murr", "Tom","Sue/Anne","Shawn/Orems","Jeff", "Rob") -> Rob | E24: y | F24: 0.80208333 | G24: 43547 | H24: 0.91666667 | I24: =iferror(24*( DATEDIF(A24,G24,"D")+TIMEVALUE(H24)-TIMEVALUE(F24)),0) -> 2.75 | J24: 27 | K24: 49 | L24: 48 | M24: dry, fair | N24: 2 | O24: 0 | P24: 0 | Q24: 0 | R24: 2 | S24: 7 | T24: 0 | U24: 0 | V24: 0 | W24: 0 | X24: 0 | Y24: 0 | Z24: =sum(N24:Q24) -> 2 | AA24: =sum(R24:V24) -> 9 | AB24: =sum(N24:O24) -> 2 | AC24: =sum(R24:S24,V24) -> 9 | AD24: 0.93
A25: 43548 | B25: 1928 | C25: 1958 | D25: =choose(weekday(A25),"Fred/Phil", "Jane/Murr", "Tom","Sue/Anne","Shawn/Orems","Jeff", "Rob") -> Fred/Phil | E25: Y | F25: 0.79861111 | G25: 43548 | H25: 0.875 | I25: =iferror(24*( DATEDIF(A25,G25,"D")+TIMEVALUE(H25)-TIMEVALUE(F25)),0) -> 1.8333333 | J25: 3.6 | K25: 48 | L25: 45 | M25: dry | N25: 0 | O25: 0 | P25: 0 | Q25: 0 | R25: 0 | S25: 0 | T25: 0 | U25: 0 | V25: 0 | W25: 0 | X25: 0 | Y25: 0 | Z25: =sum(N25:Q25) -> 0 | AA25: =sum(R25:V25) -> 0 | AB25: =sum(N25:O25) -> 0 | AC25: =sum(R25:S25,V25) -> 0 | AD25: 0.86
A26: 43549 | B26: 1930 | C26: 1959 | D26: =choose(weekday(A26),"Fred/Phil", "Jane/Murr", "Tom","Sue/Anne","Shawn/Orems","Jeff", "Rob") -> Jane/Murr | E26: Y | F26: 0.80208333 | G26: 43549 | H26: :30 | I26: =iferror(24*( DATEDIF(A26,G26,"D")+TIMEVALUE(H26)-TIMEVALUE(F26)),0) -> 0 | J26: 26.35 | K26: 49 | L26: 47 | M26: steady rain at times | N26: 0 | O26: 1 | P26: 0 | Q26: 0 | R26: 8 | S26: 65 | T26: 2 | U26: 5 | V26: 0 | W26: 0 | X26: 0 | Y26: 0 | Z26: =sum(N26:Q26) -> 1 | AA26: =sum(R26:V26) -> 80 | AB26: =sum(N26:O26) -> 1 | AC26: =sum(R26:S26,V26) -> 73 | AD26: 0.77 | AE26: 29 CF up; 65 down
A27: 43550 | B27: 1931 | C27: 2001 | D27: =choose(weekday(A27),"Fred/Phil", "Jane/Murr", "Tom","Sue/Anne","Shawn/Orems","Jeff", "Rob") -> Tom | E27: y | F27: 0.82291667 | G27: 43550 | H27: 0.90625 | I27: =iferror(24*( DATEDIF(A27,G27,"D")+TIMEVALUE(H27)-TIMEVALUE(F27)),0) -> 2 | J27: 5 | K27: 50.2 | L27: 46.8 | M27: dry | N27: 0 | O27: 0 | P27: 0 | Q27: 0 | R27: 0 | S27: 1 | T27: 0 | U27: 0 | V27: 0 | W27: 0 | X27: 0 | Y27: 0 | Z27: =sum(N27:Q27) -> 0 | AA27: =sum(R27:V27) -> 1 | AB27: =sum(N27:O27) -> 0 | AC27: =sum(R27:S27,V27) -> 1 | AD27: 0.67
A28: 43551 | B28: 1932 | C28: 2002 | D28: =choose(weekday(A28),"Fred/Phil", "Jane/Murr", "Tom","Sue/Anne","Shawn/Orems","Jeff", "Rob") -> Sue/Anne | E28: Y | F28: 0.77083333 | G28: 43551 | H28: 0.89583333 | I28: =iferror(24*( DATEDIF(A28,G28,"D")+TIMEVALUE(H28)-TIMEVALUE(F28)),0) -> 3 | J28: 19 | K28: 47 | L28: 43 | M28: Mist, turning dry; clear sky by 9 | N28: 0 | O28: 0 | P28: 0 | Q28: 0 | R28: 0 | S28: 4 | T28: 0 | U28: 0 | V28: 0 | W28: 0 | X28: 0 | Y28: 1 | Z28: =sum(N28:Q28) -> 0 | AA28: =sum(R28:V28) -> 4 | AB28: =sum(N28:O28) -> 0 | AC28: =sum(R28:S28,V28) -> 4 | AD28: 0.56 | AE28: 1 CF down, 2 CF up
A29: 43552 | B29: 1933 | C29: 2003 | D29: =choose(weekday(A29),"Fred/Phil", "Jane/Murr", "Tom","Sue/Anne","Shawn/Orems","Jeff", "Rob") -> Shawn/Orems | E29: Y | F29: 0.82291667 | G29: 43552 | H29: 0.90625 | I29: =iferror(24*( DATEDIF(A29,G29,"D")+TIMEVALUE(H29)-TIMEVALUE(F29)),0) -> 2 | J29: 11.5 | K29: 52 | L29: 48 | M29: Light rain to dry | N29: 0 | O29: 0 | P29: 0 | Q29: 0 | R29: 3 | S29: 33 | T29: 0 | U29: 0 | V29: 0 | W29: 0 | X29: 2 | Y29: 0 | Z29: =sum(N29:Q29) -> 0 | AA29: =sum(R29:V29) -> 36 | AB29: =sum(N29:O29) -> 0 | AC29: =sum(R29:S29,V29) -> 36 | AD29: 0.45 | AE29: approx 20 chorus frogs down; 10 up; 1 long-toed salamander up
A30: 43553 | B30: 1935 | C30: 2005 | D30: =choose(weekday(A30),"Fred/Phil", "Jane/Murr", "Tom","Sue/Anne","Shawn/Orems","Jeff", "Rob") -> Jeff | E30: Y | F30: 0.83680556 | G30: 43553 | H30: 0.85763889 | I30: =iferror(24*( DATEDIF(A30,G30,"D")+TIMEVALUE(H30)-TIMEVALUE(F30)),0) -> 0.5 | J30: 0.5 | K30: 56 | L30: 56 | M30: Dry pvmt, broken clouds | N30: 0 | O30: 0 | P30: 0 | Q30: 0 | R30: 0 | S30: 0 | T30: 0 | U30: 0 | V30: 0 | W30: 0 | X30: 0 | Y30: 0 | Z30: =sum(N30:Q30) -> 0 | AA30: =sum(R30:V30) -> 0 | AB30: =sum(N30:O30) -> 0 | AC30: =sum(R30:S30,V30) -> 0 | AD30: 0.35 | AE30: Returned at 21:50 - 52F no frogs.
A31: 43554 | B31: 1936 | C31: 2006 | D31: =choose(weekday(A31),"Fred/Phil", "Jane/Murr", "Tom","Sue/Anne","Shawn/Orems","Jeff", "Rob") -> Rob | E31: y | F31: 0.8125 | G31: 43554 | H31: 0.84375 | I31: =iferror(24*( DATEDIF(A31,G31,"D")+TIMEVALUE(H31)-TIMEVALUE(F31)),0) -> 0.75 | J31: 0.75 | K31: 54 | L31: 50 | N31: 0 | O31: 0 | P31: 0 | Q31: 0 | R31: 0 | S31: 0 | T31: 0 | U31: 0 | V31: 0 | W31: 0 | X31: 0 | Y31: 0 | Z31: =sum(N31:Q31) -> 0 | AA31: =sum(R31:V31) -> 0 | AB31: =sum(N31:O31) -> 0 | AC31: =sum(R31:S31,V31) -> 0 | AD31: 0.26
A32: 43555 | B32: 1937 | C32: 2007 | D32: =choose(weekday(A32),"Fred/Phil", "Jane/Murr", "Tom","Sue/Anne","Shawn/Orems","Jeff", "Rob") -> Fred/Phil | E32: N | G32: 43555 | I32: =iferror(24*( DATEDIF(A32,G32,"D")+TIMEVALUE(H32)-TIMEVALUE(F32)),0) -> 0 | K32: 56 | M32: Dry | N32: 0 | O32: 0 | P32: 0 | Q32: 0 | R32: 0 | S32: 0 | T32: 0 | U32: 0 | V32: 0 | W32: 0 | X32: 0 | Y32: 0 | Z32: =sum(N32:Q32) -> 0 | AA32: =sum(R32:V32) -> 0 | AB32: =sum(N32:O32) -> 0 | AC32: =sum(R32:S32,V32) -> 0 | AD32: 0.18
A33: daylight savings time | E33: Monthly total | I33: =SUM(I3:I32) -> 34.916667 | J33: =SUM(J2:J32) -> 197.74 | N33: =sum(N2:N32) -> 25 | O33: =sum(O2:O32) -> 14 | P33: =sum(P2:P32) -> 1 | Q33: =sum(Q2:Q32) -> 0 | R33: =sum(R2:R32) -> 107 | S33: =sum(S2:S32) -> 497 | T33: =sum(T2:T32) -> 6 | U33: =sum(U2:U32) -> 17 | ... Y33: =sum(Y2:Y32) -> 1 | Z33: =SUM(Z2:Z32) -> 40 | AA33: =SUM(AA2:AA32) -> 628 | AB33: =sum(AB2:AB32) -> 39 | AC33: =sum(AC2:AC32) -> 605
E34: Cumulative Total | I34: ='November 2018'!I$34+'December 2018'!I$33+'January 2019'!I$33+'February 2019'!I$33+'March 2019'!I$33 -> 128.31028 | J34: ='November 2018'!J$34+'December 2018'!J$33+'January 2019'!J$33+'February 2019'!J$33+'March 2019'!J$33 -> 495.73167 | N34: ='November 2018'!N$34+'December 2018'!N$33+'January 2019'!N$33+'February 2019'!N$33+'March 2019'!N$33 -> 90 | O34: ='November 2018'!O$34+'December 2018'!O$33+'January 2019'!O$33+'February 2019'!O$33+'March 2019'!O$33 -> 1134 | P34: ='November 2018'!P$34+'December 2018'!P$33+'January 2019'!P$33+'February 2019'!P$33+'March 2019'!P$33 -> 3 | Q34: ='November 2018'!Q$34+'December 2018'!Q$33+'January 2019'!Q$33+'February 2019'!Q$33+'March 2019'!Q$33 -> 4 | R34: ='November 2018'!R$34+'December 2018'!R$33+'January 2019'!R$33+'February 2019'!R$33+'March 2019'!R$33 -> 107 | S34: ='November 2018'!S$34+'December 2018'!S$33+'January 2019'!S$33+'February 2019'!S$33+'March 2019'!S$33 -> 497 | T34: ='November 2018'!T$34+'December 2018'!T$33+'January 2019'!T$33+'February 2019'!T$33+'March 2019'!T$33 -> 6 | U34: ='November 2018'!U$34+'December 2018'!U$33+'January 2019'!U$33+'February 2019'!U$33+'March 2019'!U$33 -> 17 | ... AA34: ='November 2018'!AA$34+'December 2018'!AA$33+'January 2019'!AA$33+'February 2019'!AA$33+'March 2019'!AA$33 -> 628 | AB34: ='November 2018'!AB34+'December 2018'!AB33+'January 2019'!AB33+'February 2019'!AB33+'March 2019'!AB33 -> 1224 | AC34: ='November 2018'!AC34+'December 2018'!AC33+'January 2019'!AC33+'February 2019'!AC33+'March 2019'!AC33 -> 605
E35: Season Total | I35: ='November 2018'!I$34+'December 2018'!I$33+'January 2019'!I$33+'February 2019'!I$33+'March 2019'!I$33+'April 2019'!I$33 -> 145.81028 | J35: ='November 2018'!J34+'December 2018'!J33+'January 2019'!J33+'February 2019'!J33+'March 2019'!J33+'April 2019'!J33 -> 558.96167 | N35: ='November 2018'!N34+'December 2018'!N33+'January 2019'!N33+'February 2019'!N33+'March 2019'!N33+'April 2019'!N33 -> 90 | O35: ='November 2018'!O34+'December 2018'!O33+'January 2019'!O33+'February 2019'!O33+'March 2019'!O33+'April 2019'!O33 -> 1134 | P35: ='November 2018'!P34+'December 2018'!P33+'January 2019'!P33+'February 2019'!P33+'March 2019'!P33+'April 2019'!P33 -> 3 | Q35: ='November 2018'!Q34+'December 2018'!Q33+'January 2019'!Q33+'February 2019'!Q33+'March 2019'!Q33+'April 2019'!Q33 -> 4 | R35: ='November 2018'!R34+'December 2018'!R33+'January 2019'!R33+'February 2019'!R33+'March 2019'!R33+'April 2019'!R33 -> 124 | S35: ='November 2018'!S34+'December 2018'!S33+'January 2019'!S33+'February 2019'!S33+'March 2019'!S33+'April 2019'!S33 -> 791 | T35: ='November 2018'!T34+'December 2018'!T33+'January 2019'!T33+'February 2019'!T33+'March 2019'!T33+'April 2019'!T33 -> 6 | U35: ='November 2018'!U34+'December 2018'!U33+'January 2019'!U33+'February 2019'!U33+'March 2019'!U33+'April 2019'!U33 -> 17 | ... AC35: ='November 2018'!AC34+'December 2018'!AC33+'January 2019'!AC33+'February 2019'!AC33+'March 2019'!AC33+'April 2019'!AC33 -> 921
E36: 2017-18 Total | Z36: 433 | AA36: 297
E37: 2016-17 Total | Z37: 834 | AA37: 751
E38: 2015-16 Total | Z38: 688 | AA38: 1040
E39: 2014-15 Total | Z39: 695 | AA39: 750
E40: 2013-14 Total | Z40: 580 | AA40: 572

Sheet  sunrisesunset
A1: 2018 SUNRISE/SUNSET
B2: Jan. | D2: Feb. | F2: Mar. | H2: Apr. | J2: May | L2: June | N2: July | P2: Aug. | R2: Sept. | T2: Oct. | V2: Nov. | X2: Dec.
A3: Day | B3: Rise | C3: Set | D3: Rise | E3: Set | F3: Rise | G3: Set | H3: Rise | I3: Set | J3: Rise | K3: Set | L3: Rise | M3: Set | N3: Rise | O3: Set | P3: Rise | Q3: Set | R3: Rise | S3: Set | T3: Rise | U3: Set | V3: Rise | W3: Set | X3: Rise | Y3: Set
A4: 1 | B4: 751 | C4: 1638 | D4: 731 | E4: 1717 | F4: 649 | G4: 1758 | H4: 551 | I4: 1839 | J4: 459 | K4: 1918 | L4: 425 | M4: 1952 | N4: 426 | O4: 2003 | P4: 455 | Q4: 1938 | R4: 532 | S4: 1848 | T4: 609 | U4: 1751 | V4: 650 | W4: 1657 | X4: 730 | Y4: 1629
A5: 2 | B5: 751 | C5: 1639 | D5: 730 | E5: 1719 | F5: 647 | G5: 1759 | H5: 549 | I5: 1840 | J5: 457 | K5: 1919 | L5: 425 | M5: 1953 | N5: 426 | O5: 2003 | P5: 456 | Q5: 1937 | R5: 533 | S5: 1846 | T5: 610 | U5: 1749 | V5: 652 | W5: 1656 | X5: 732 | Y5: 1628
A6: 3 | B6: 751 | C6: 1640 | D6: 729 | E6: 1720 | F6: 645 | G6: 1801 | H6: 547 | I6: 1842 | J6: 456 | K6: 1920 | L6: 424 | M6: 1954 | N6: 427 | O6: 2002 | P6: 457 | Q6: 1936 | R6: 535 | S6: 1844 | T6: 611 | U6: 1747 | V6: 653 | W6: 1655 | X6: 733 | Y6: 1628
A7: 4 | B7: 751 | C7: 1641 | D7: 728 | E7: 1722 | F7: 643 | G7: 1802 | H7: 545 | I7: 1843 | J7: 454 | K7: 1921 | L7: 424 | M7: 1955 | N7: 428 | O7: 2002 | P7: 458 | Q7: 1934 | R7: 536 | S7: 1842 | T7: 613 | U7: 1745 | V7: 655 | W7: 1653 | X7: 734 | Y7: 1628
A8: 5 | B8: 751 | C8: 1642 | D8: 726 | E8: 1723 | F8: 642 | G8: 1803 | H8: 543 | I8: 1844 | J8: 453 | K8: 1923 | L8: 423 | M8: 1955 | N8: 428 | O8: 2002 | P8: 459 | Q8: 1933 | R8: 537 | S8: 1841 | T8: 614 | U8: 1743 | V8: 656 | W8: 1652 | X8: 735 | Y8: 1627
A9: 6 | B9: 750 | C9: 1643 | D9: 725 | E9: 1725 | F9: 640 | G9: 1805 | H9: 541 | I9: 1845 | J9: 451 | K9: 1924 | L9: 423 | M9: 1956 | N9: 429 | O9: 2001 | P9: 501 | Q9: 1932 | R9: 538 | S9: 1839 | T9: 615 | U9: 1741 | V9: 657 | W9: 1651 | X9: 736 | Y9: 1627
A10: 7 | B10: 750 | C10: 1644 | D10: 724 | E10: 1726 | F10: 638 | G10: 1806 | H10: 539 | I10: 1847 | J10: 450 | K10: 1925 | L10: 423 | M10: 1957 | N10: 430 | O10: 2001 | P10: 502 | Q10: 1930 | R10: 539 | S10: 1837 | T10: 617 | U10: 1739 | V10: 659 | W10: 1649 | X10: 737 | Y10: 1627
A11: 8 | B11: 750 | C11: 1645 | D11: 722 | E11: 1728 | F11: 636 | G11: 1807 | H11: 538 | I11: 1848 | J11: 449 | K11: 1926 | L11: 422 | M11: 1958 | N11: 431 | O11: 2001 | P11: 503 | Q11: 1929 | R11: 541 | S11: 1835 | T11: 618 | U11: 1737 | V11: 700 | W11: 1648 | X11: 738 | Y11: 1627
A12: 9 | B12: 750 | C12: 1646 | D12: 721 | E12: 1729 | F12: 634 | G12: 1809 | H12: 536 | I12: 1849 | J12: 447 | K12: 1928 | L12: 422 | M12: 1958 | N12: 431 | O12: 2000 | P12: 504 | Q12: 1927 | R12: 542 | S12: 1833 | T12: 619 | U12: 1736 | V12: 702 | W12: 1647 | X12: 739 | Y12: 1627
A13: 10 | B13: 749 | C13: 1648 | D13: 720 | E13: 1731 | F13: 632 | G13: 1810 | H13: 534 | I13: 1851 | J13: 446 | K13: 1929 | L13: 422 | M13: 1959 | N13: 432 | O13: 1959 | P13: 505 | Q13: 1926 | R13: 543 | S13: 1831 | T13: 621 | U13: 1734 | V13: 703 | W13: 1646 | X13: 740 | Y13: 1627
A14: 11 | B14: 749 | C14: 1649 | D14: 718 | E14: 1732 | F14: 630 | G14: 1811 | H14: 532 | I14: 1852 | J14: 445 | K14: 1930 | L14: 422 | M14: 1959 | N14: 433 | O14: 1959 | P14: 507 | Q14: 1924 | R14: 544 | S14: 1829 | T14: 622 | U14: 1732 | V14: 704 | W14: 1644 | X14: 741 | Y14: 1627
A15: 12 | B15: 748 | C15: 1650 | D15: 717 | E15: 1734 | F15: 629 | G15: 1813 | H15: 530 | I15: 1853 | J15: 443 | K15: 1931 | L15: 421 | M15: 2000 | N15: 434 | O15: 1958 | P15: 508 | Q15: 1923 | R15: 546 | S15: 1827 | T15: 623 | U15: 1730 | V15: 706 | W15: 1643 | X15: 742 | Y15: 1627
... A31: 28 | B31: 736 | C31: 1712 | D31: 650 | E31: 1756 | F31: 558 | G31: 1834 | H31: 503 | I31: 1914 | J31: 428 | K31: 1949 | L31: 424 | M31: 2003 | N31: 450 | O31: 1943 | P31: 527 | Q31: 1855 | R31: 605 | S31: 1756 | T31: 645 | U31: 1703 | V31: 727 | W31: 1630 | X31: 750 | Y31: 1634
A32: 29 | B32: 735 | C32: 1713 | F32: 556 | G32: 1835 | H32: 502 | I32: 1915 | J32: 427 | K32: 1950 | L32: 425 | M32: 2003 | N32: 451 | O32: 1942 | P32: 528 | Q32: 1854 | R32: 606 | S32: 1754 | T32: 646 | U32: 1702 | V32: 728 | W32: 1630 | X32: 750 | Y32: 1635
A33: 30 | B33: 734 | C33: 1715 | F33: 554 | G33: 1836 | H33: 500 | I33: 1916 | J33: 426 | K33: 1951 | L33: 425 | M33: 2003 | N33: 452 | O33: 1941 | P33: 530 | Q33: 1852 | R33: 608 | S33: 1752 | T33: 648 | U33: 1700 | V33: 729 | W33: 1629 | X33: 751 | Y33: 1636
A34: 31 | B34: 733 | C34: 1716 | F34: 553 | G34: 1838 | J34: 426 | K34: 1951 | N34: 454 | O34: 1940 | P34: 531 | Q34: 1850 | T34: 649 | U34: 1659 | X34: 751 | Y34: 1637
A36: 2019 SUNRISE/SUNSET
B37: Jan. | D37: Feb. | F37: Mar. | H37: Apr. | J37: May | L37: June | N37: July | P37: Aug. | R37: Sept. | T37: Oct. | V37: Nov. | X37: Dec.
A38: Day | B38: Rise | C38: Set | D38: Rise | E38: Set | F38: Rise | G38: Set | H38: Rise | I38: Set | J38: Rise | K38: Set | L38: Rise | M38: Set | N38: Rise | O38: Set | P38: Rise | Q38: Set | R38: Rise | S38: Set | T38: Rise | U38: Set | V38: Rise | W38: Set | X38: Rise | Y38: Set
A39: 1 | B39: 751 | C39: 1638 | D39: 732 | E39: 1717 | F39: 649 | G39: 1757 | H39: 551 | I39: 1839 | J39: 459 | K39: 1917 | L39: 425 | M39: 1952 | N39: 426 | O39: 2003 | P39: 454 | Q39: 1939 | R39: 532 | S39: 1848 | T39: 609 | U39: 1751 | V39: 650 | W39: 1658 | X39: 730 | Y39: 1629
A40: 2 | B40: 751 | C40: 1639 | D40: 731 | E40: 1719 | F40: 647 | G40: 1759 | H40: 549 | I40: 1840 | J40: 457 | K40: 1919 | L40: 425 | M40: 1953 | N40: 426 | O40: 2003 | P40: 456 | Q40: 1937 | R40: 533 | S40: 1847 | T40: 610 | U40: 1749 | V40: 651 | W40: 1656 | X40: 731 | Y40: 1628
A41: 3 | B41: 751 | C41: 1640 | D41: 729 | E41: 1720 | F41: 646 | G41: 1800 | H41: 547 | I41: 1841 | J41: 456 | K41: 1920 | L41: 424 | M41: 1954 | N41: 427 | O41: 2003 | P41: 457 | Q41: 1936 | R41: 534 | S41: 1845 | T41: 611 | U41: 1747 | V41: 653 | W41: 1655 | X41: 732 | Y41: 1628
A42: 4 | B42: 751 | C42: 1641 | D42: 728 | E42: 1722 | F42: 644 | G42: 1802 | H42: 545 | I42: 1843 | J42: 454 | K42: 1921 | L42: 424 | M42: 1955 | N42: 428 | O42: 2002 | P42: 458 | Q42: 1935 | R42: 536 | S42: 1843 | T42: 612 | U42: 1745 | V42: 654 | W42: 1654 | X42: 734 | Y42: 1628
A43: 5 | B43: 751 | C43: 1642 | D43: 727 | E43: 1723 | F43: 642 | G43: 1803 | H43: 544 | I43: 1844 | J43: 453 | K43: 1922 | L43: 423 | M43: 1955 | N43: 428 | O43: 2002 | P43: 459 | Q43: 1933 | R43: 537 | S43: 1841 | T43: 614 | U43: 1743 | V43: 656 | W43: 1652 | X43: 735 | Y43: 1628
A44: 6 | B44: 750 | C44: 1643 | D44: 725 | E44: 1724 | F44: 640 | G44: 1804 | H44: 542 | I44: 1845 | J44: 452 | K44: 1924 | L44: 423 | M44: 1956 | N44: 429 | O44: 2002 | P44: 500 | Q44: 1932 | R44: 538 | S44: 1839 | T44: 615 | U44: 1742 | V44: 657 | W44: 1651 | X44: 736 | Y44: 1627
A45: 7 | B45: 750 | C45: 1644 | D45: 724 | E45: 1726 | F45: 638 | G45: 1806 | H45: 540 | I45: 1846 | J45: 450 | K45: 1925 | L45: 423 | M45: 1957 | N45: 430 | O45: 2001 | P45: 501 | Q45: 1931 | R45: 539 | S45: 1837 | T45: 616 | U45: 1740 | V45: 658 | W45: 1650 | X45: 737 | Y45: 1627
A46: 8 | B46: 750 | C46: 1645 | D46: 723 | E46: 1727 | F46: 636 | G46: 1807 | H46: 538 | I46: 1848 | J46: 449 | K46: 1926 | L46: 422 | M46: 1957 | N46: 430 | O46: 2001 | P46: 503 | Q46: 1929 | R46: 540 | S46: 1835 | T46: 618 | U46: 1738 | V46: 700 | W46: 1648 | X46: 738 | Y46: 1627
A47: 9 | B47: 750 | C47: 1646 | D47: 721 | E47: 1729 | F47: 635 | G47: 1808 | H47: 536 | I47: 1849 | J47: 448 | K47: 1927 | L47: 422 | M47: 1958 | N47: 431 | O47: 2000 | P47: 504 | Q47: 1928 | R47: 542 | S47: 1833 | T47: 619 | U47: 1736 | V47: 701 | W47: 1647 | X47: 739 | Y47: 1627
A48: 10 | B48: 749 | C48: 1647 | D48: 720 | E48: 1730 | F48: 633 | G48: 1810 | H48: 534 | I48: 1850 | J48: 446 | K48: 1929 | L48: 422 | M48: 1959 | N48: 432 | O48: 2000 | P48: 505 | Q48: 1926 | R48: 543 | S48: 1831 | T48: 620 | U48: 1734 | V48: 703 | W48: 1646 | X48: 740 | Y48: 1627
A49: 11 | B49: 749 | C49: 1649 | D49: 718 | E49: 1732 | F49: 631 | G49: 1811 | H49: 533 | I49: 1852 | J49: 445 | K49: 1930 | L49: 422 | M49: 1959 | N49: 433 | O49: 1959 | P49: 506 | Q49: 1925 | R49: 544 | S49: 1830 | T49: 621 | U49: 1732 | V49: 704 | W49: 1645 | X49: 741 | Y49: 1627
A50: 12 | B50: 749 | C50: 1650 | D50: 717 | E50: 1733 | F50: 629 | G50: 1812 | H50: 531 | I50: 1853 | J50: 444 | K50: 1931 | L50: 421 | M50: 2000 | N50: 434 | O50: 1958 | P50: 507 | Q50: 1923 | R50: 545 | S50: 1828 | T50: 623 | U50: 1731 | V50: 705 | W50: 1644 | X50: 741 | Y50: 1627
... A66: 28 | B66: 736 | C66: 1711 | D66: 651 | E66: 1756 | F66: 559 | G66: 1833 | H66: 504 | I66: 1914 | J66: 428 | K66: 1948 | L66: 424 | M66: 2003 | N66: 450 | O66: 1944 | P66: 527 | Q66: 1856 | R66: 605 | S66: 1757 | T66: 644 | U66: 1704 | V66: 727 | W66: 1630 | X66: 750 | Y66: 1634
A67: 29 | B67: 735 | C67: 1713 | D67: X | E67: X | F67: 557 | G67: 1835 | H67: 502 | I67: 1915 | J67: 427 | K67: 1949 | L67: 425 | M67: 2003 | N67: 451 | O67: 1943 | P67: 528 | Q67: 1854 | R67: 606 | S67: 1755 | T67: 646 | U67: 1702 | V67: 728 | W67: 1630 | X67: 750 | Y67: 1635
A68: 30 | B68: 734 | C68: 1714 | D68: X | E68: X | F68: 555 | G68: 1836 | H68: 500 | I68: 1916 | J68: 427 | K68: 1950 | L68: 425 | M68: 2003 | N68: 452 | O68: 1941 | P68: 529 | Q68: 1852 | R68: 607 | S68: 1753 | T68: 647 | U68: 1701 | V68: 729 | W68: 1629 | X68: 751 | Y68: 1636
A69: 31 | B69: 733 | C69: 1716 | D69: X | E69: X | F69: 553 | G69: 1837 | H69: X | I69: X | J69: 426 | K69: 1951 | L69: X | M69: X | N69: 453 | O69: 1940 | P69: 531 | Q69: 1850 | R69: X | S69: X | T69: 649 | U69: 1659 | V69: X | W69: X | X69: 751 | Y69: 1637
A73: 2018 CIVIL TWILIGHT
B74: Jan. | D74: Feb. | F74: Mar. | H74: Apr. | J74: May | L74: June | N74: July | P74: Aug. | R74: Sept. | T74: Oct. | V74: Nov. | X74: Dec.
A75: Day | B75: Begin | C75: End | D75: Begin | E75: End | F75: Begin | G75: End | H75: Begin | I75: End | J75: Begin | K75: End | L75: Begin | M75: End | N75: Begin | O75: End | P75: Begin | Q75: End | R75: Begin | S75: End | T75: Begin | U75: End | V75: Begin | W75: End | X75: Begin | Y75: End
A76: 1 | B76: 717 | C76: 1712 | D76: 700 | E76: 1749 | F76: 619 | G76: 1828 | H76: 521 | I76: 1909 | J76: 426 | K76: 1951 | L76: 348 | M76: 2029 | N76: 348 | O76: 2041 | P76: 420 | Q76: 2012 | R76: 501 | S76: 1919 | T76: 539 | U76: 1820 | V76: 619 | W76: 1728 | X76: 657 | Y76: 1702
A77: 2 | B77: 717 | C77: 1713 | D77: 659 | E77: 1750 | F77: 617 | G77: 1829 | H77: 519 | I77: 1910 | J77: 424 | K77: 1952 | L77: 348 | M77: 2030 | N77: 349 | O77: 2040 | P77: 422 | Q77: 2011 | R77: 503 | S77: 1917 | T77: 541 | U77: 1818 | V77: 621 | W77: 1727 | X77: 658 | Y77: 1702
A78: 3 | B78: 717 | C78: 1714 | D78: 658 | E78: 1752 | F78: 615 | G78: 1830 | H78: 517 | I78: 1912 | J78: 423 | K78: 1953 | L78: 347 | M78: 2031 | N78: 349 | O78: 2040 | P78: 423 | Q78: 2010 | R78: 504 | S78: 1915 | T78: 542 | U78: 1816 | V78: 622 | W78: 1726 | X78: 659 | Y78: 1702
A79: 4 | B79: 717 | C79: 1715 | D79: 656 | E79: 1753 | F79: 614 | G79: 1832 | H79: 515 | I79: 1913 | J79: 421 | K79: 1955 | L79: 347 | M79: 2032 | N79: 350 | O79: 2040 | P79: 424 | Q79: 2008 | R79: 505 | S79: 1913 | T79: 543 | U79: 1814 | V79: 623 | W79: 1724 | X79: 700 | Y79: 1701
A80: 5 | B80: 717 | C80: 1716 | D80: 655 | E80: 1755 | F80: 612 | G80: 1833 | H80: 513 | I80: 1914 | J80: 419 | K80: 1956 | L80: 346 | M80: 2033 | N80: 351 | O80: 2039 | P80: 426 | Q80: 2006 | R80: 507 | S80: 1911 | T80: 544 | U80: 1813 | V80: 625 | W80: 1723 | X80: 701 | Y80: 1701
A81: 6 | B81: 717 | C81: 1717 | D81: 654 | E81: 1756 | F81: 610 | G81: 1834 | H81: 511 | I81: 1916 | J81: 418 | K81: 1957 | L81: 346 | M81: 2034 | N81: 352 | O81: 2039 | P81: 427 | Q81: 2005 | R81: 508 | S81: 1909 | T81: 546 | U81: 1811 | V81: 626 | W81: 1722 | X81: 702 | Y81: 1701
A82: 7 | B82: 716 | C82: 1718 | D82: 653 | E82: 1757 | F82: 608 | G82: 1836 | H82: 509 | I82: 1917 | J82: 416 | K82: 1959 | L82: 345 | M82: 2034 | N82: 352 | O82: 2038 | P82: 428 | Q82: 2003 | R82: 509 | S82: 1907 | T82: 547 | U82: 1809 | V82: 627 | W82: 1721 | X82: 703 | Y82: 1701
A83: 8 | B83: 716 | C83: 1719 | D83: 651 | E83: 1759 | F83: 606 | G83: 1837 | H83: 507 | I83: 1919 | J83: 415 | K83: 2000 | L83: 345 | M83: 2035 | N83: 353 | O83: 2038 | P83: 430 | Q83: 2002 | R83: 510 | S83: 1905 | T83: 548 | U83: 1807 | V83: 629 | W83: 1720 | X83: 704 | Y83: 1701
A84: 9 | B84: 716 | C84: 1720 | D84: 650 | E84: 1800 | F84: 605 | G84: 1838 | H84: 505 | I84: 1920 | J84: 413 | K84: 2002 | L84: 344 | M84: 2036 | N84: 354 | O84: 2037 | P84: 431 | Q84: 2000 | R84: 512 | S84: 1903 | T84: 550 | U84: 1805 | V84: 630 | W84: 1718 | X84: 705 | Y84: 1701
A85: 10 | B85: 716 | C85: 1721 | D85: 649 | E85: 1801 | F85: 603 | G85: 1840 | H85: 503 | I85: 1921 | J85: 412 | K85: 2003 | L85: 344 | M85: 2037 | N85: 355 | O85: 2036 | P85: 432 | Q85: 1959 | R85: 513 | S85: 1901 | T85: 551 | U85: 1803 | V85: 631 | W85: 1717 | X85: 706 | Y85: 1701
A86: 11 | B86: 715 | C86: 1722 | D86: 647 | E86: 1803 | F86: 601 | G86: 1841 | H86: 501 | I86: 1923 | J86: 411 | K86: 2004 | L86: 344 | M86: 2037 | N86: 356 | O86: 2036 | P86: 434 | Q86: 1957 | R86: 514 | S86: 1859 | T86: 552 | U86: 1802 | V86: 633 | W86: 1716 | X86: 707 | Y86: 1701
A87: 12 | B87: 715 | C87: 1723 | D87: 646 | E87: 1804 | F87: 559 | G87: 1842 | H87: 500 | I87: 1924 | J87: 409 | K87: 2006 | L87: 344 | M87: 2038 | N87: 357 | O87: 2035 | P87: 435 | Q87: 1955 | R87: 516 | S87: 1857 | T87: 553 | U87: 1800 | V87: 634 | W87: 1715 | X87: 708 | Y87: 1701
... A103: 28 | B103: 704 | C103: 1744 | D103: 621 | E103: 1826 | F103: 528 | G103: 1904 | H103: 431 | I103: 1946 | J103: 351 | K103: 2025 | L103: 346 | M103: 2041 | N103: 415 | O103: 2018 | P103: 456 | Q103: 1926 | R103: 536 | S103: 1826 | T103: 614 | U103: 1734 | V103: 654 | W103: 1703 | X103: 716 | Y103: 1709
A104: 29 | B104: 703 | C104: 1745 | F104: 526 | G104: 1905 | H104: 429 | I104: 1948 | J104: 351 | K104: 2026 | L104: 347 | M104: 2041 | N104: 417 | O104: 2017 | P104: 458 | Q104: 1924 | R104: 537 | S104: 1824 | T104: 615 | U104: 1733 | V104: 655 | W104: 1703 | X104: 716 | Y104: 1709
A105: 30 | B105: 702 | C105: 1746 | F105: 525 | G105: 1906 | H105: 427 | I105: 1949 | J105: 350 | K105: 2027 | L105: 347 | M105: 2041 | N105: 418 | O105: 2015 | P105: 459 | Q105: 1922 | R105: 538 | S105: 1822 | T105: 617 | U105: 1731 | V105: 656 | W105: 1703 | X105: 716 | Y105: 1710
A106: 31 | B106: 701 | C106: 1748 | F106: 523 | G106: 1908 | J106: 349 | K106: 2028 | N106: 419 | O106: 2014 | P106: 500 | Q106: 1920 | T106: 618 | U106: 1730 | X106: 717 | Y106: 1711
A108: 2019 CIVIL TWILIGHT
B109: Jan. | D109: Feb. | F109: Mar. | H109: Apr. | J109: May | L109: June | N109: July | P109: Aug. | R109: Sept. | T109: Oct. | V109: Nov. | X109: Dec.
A110: Day | B110: Begin | C110: End | D110: Begin | E110: End | F110: Begin | G110: End | H110: Begin | I110: End | J110: Begin | K110: End | L110: Begin | M110: End | N110: Begin | O110: End | P110: Begin | Q110: End | R110: Begin | S110: End | T110: Begin | U110: End | V110: Begin | W110: End | X110: Begin | Y110: End
A111: 1 | B111: 717 | C111: 1712 | D111: 700 | E111: 1749 | F111: 619 | G111: 1827 | H111: 521 | I111: 1909 | J111: 426 | K111: 1950 | L111: 348 | M111: 2029 | N111: 348 | O111: 2041 | P111: 420 | Q111: 2013 | R111: 501 | S111: 1919 | T111: 539 | U111: 1821 | V111: 619 | W111: 1729 | X111: 657 | Y111: 1702
A112: 2 | B112: 717 | C112: 1713 | D112: 659 | E112: 1750 | F112: 618 | G112: 1829 | H112: 519 | I112: 1910 | J112: 425 | K112: 1952 | L112: 348 | M112: 2030 | N112: 349 | O112: 2041 | P112: 421 | Q112: 2011 | R112: 502 | S112: 1917 | T112: 540 | U112: 1819 | V112: 620 | W112: 1727 | X112: 658 | Y112: 1702
A113: 3 | B113: 717 | C113: 1714 | D113: 658 | E113: 1752 | F113: 616 | G113: 1830 | H113: 517 | I113: 1911 | J113: 423 | K113: 1953 | L113: 347 | M113: 2031 | N113: 349 | O113: 2040 | P113: 423 | Q113: 2010 | R113: 504 | S113: 1915 | T113: 542 | U113: 1817 | V113: 622 | W113: 1726 | X113: 659 | Y113: 1702
A114: 4 | B114: 717 | C114: 1715 | D114: 657 | E114: 1753 | F114: 614 | G114: 1831 | H114: 515 | I114: 1913 | J114: 421 | K114: 1954 | L114: 347 | M114: 2032 | N114: 350 | O114: 2040 | P114: 424 | Q114: 2008 | R114: 505 | S114: 1913 | T114: 543 | U114: 1815 | V114: 623 | W114: 1725 | X114: 700 | Y114: 1701
A115: 5 | B115: 717 | C115: 1716 | D115: 656 | E115: 1754 | F115: 612 | G115: 1833 | H115: 513 | I115: 1914 | J115: 420 | K115: 1956 | L115: 346 | M115: 2033 | N115: 351 | O115: 2039 | P115: 425 | Q115: 2007 | R115: 506 | S115: 1911 | T115: 544 | U115: 1813 | V115: 624 | W115: 1723 | X115: 701 | Y115: 1701
A116: 6 | B116: 717 | C116: 1717 | D116: 654 | E116: 1756 | F116: 611 | G116: 1834 | H116: 511 | I116: 1915 | J116: 418 | K116: 1957 | L116: 346 | M116: 2033 | N116: 352 | O116: 2039 | P116: 427 | Q116: 2005 | R116: 508 | S116: 1909 | T116: 545 | U116: 1811 | V116: 626 | W116: 1722 | X116: 702 | Y116: 1701
A117: 7 | B117: 716 | C117: 1718 | D117: 653 | E117: 1757 | F117: 609 | G117: 1835 | H117: 510 | I117: 1917 | J117: 417 | K117: 1959 | L117: 345 | M117: 2034 | N117: 352 | O117: 2038 | P117: 428 | Q117: 2004 | R117: 509 | S117: 1907 | T117: 547 | U117: 1809 | V117: 627 | W117: 1721 | X117: 703 | Y117: 1701
A118: 8 | B118: 716 | C118: 1719 | D118: 652 | E118: 1758 | F118: 607 | G118: 1837 | H118: 508 | I118: 1918 | J118: 415 | K118: 2000 | L118: 345 | M118: 2035 | N118: 353 | O118: 2038 | P118: 429 | Q118: 2002 | R118: 510 | S118: 1905 | T118: 548 | U118: 1807 | V118: 628 | W118: 1720 | X118: 704 | Y118: 1701
A119: 9 | B119: 716 | C119: 1720 | D119: 650 | E119: 1800 | F119: 605 | G119: 1838 | H119: 506 | I119: 1920 | J119: 414 | K119: 2001 | L119: 344 | M119: 2036 | N119: 354 | O119: 2037 | P119: 431 | Q119: 2001 | R119: 511 | S119: 1903 | T119: 549 | U119: 1806 | V119: 630 | W119: 1719 | X119: 705 | Y119: 1701
A120: 10 | B120: 716 | C120: 1721 | D120: 649 | E120: 1801 | F120: 603 | G120: 1839 | H120: 504 | I120: 1921 | J120: 412 | K120: 2003 | L120: 344 | M120: 2036 | N120: 355 | O120: 2037 | P120: 432 | Q120: 1959 | R120: 513 | S120: 1901 | T120: 551 | U120: 1804 | V120: 631 | W120: 1718 | X120: 706 | Y120: 1701
A121: 11 | B121: 715 | C121: 1722 | D121: 648 | E121: 1803 | F121: 601 | G121: 1841 | H121: 502 | I121: 1922 | J121: 411 | K121: 2004 | L121: 344 | M121: 2037 | N121: 356 | O121: 2036 | P121: 433 | Q121: 1957 | R121: 514 | S121: 1859 | T121: 552 | U121: 1802 | V121: 632 | W121: 1716 | X121: 706 | Y121: 1701
A122: 12 | B122: 715 | C122: 1723 | D122: 646 | E122: 1804 | F122: 600 | G122: 1842 | H122: 500 | I122: 1924 | J122: 409 | K122: 2005 | L122: 344 | M122: 2038 | N122: 357 | O122: 2035 | P122: 435 | Q122: 1956 | R122: 515 | S122: 1858 | T122: 553 | U122: 1800 | V122: 634 | W122: 1715 | X122: 707 | Y122: 1701
... A138: 28 | B138: 704 | C138: 1743 | D138: 621 | E138: 1826 | F138: 529 | G138: 1903 | H138: 431 | I138: 1946 | J138: 352 | K138: 2025 | L138: 346 | M138: 2041 | N138: 415 | O138: 2018 | P138: 456 | Q138: 1927 | R138: 535 | S138: 1826 | T138: 614 | U138: 1734 | V138: 653 | W138: 1703 | X138: 716 | Y138: 1708
A139: 29 | B139: 703 | C139: 1745 | D139: X | E139: X | F139: 527 | G139: 1905 | H139: 429 | I139: 1947 | J139: 351 | K139: 2026 | L139: 347 | M139: 2041 | N139: 416 | O139: 2017 | P139: 457 | Q139: 1925 | R139: 537 | S139: 1824 | T139: 615 | U139: 1733 | V139: 655 | W139: 1703 | X139: 716 | Y139: 1709
A140: 30 | B140: 702 | C140: 1746 | D140: X | E140: X | F140: 525 | G140: 1906 | H140: 428 | I140: 1949 | J140: 350 | K140: 2027 | L140: 347 | M140: 2041 | N140: 418 | O140: 2016 | P140: 459 | Q140: 1923 | R140: 538 | S140: 1822 | T140: 616 | U140: 1731 | V140: 656 | W140: 1703 | X140: 716 | Y140: 1710
A141: 31 | B141: 701 | C141: 1747 | D141: X | E141: X | F141: 523 | G141: 1907 | H141: X | I141: X | J141: 349 | K141: 2028 | L141: X | M141: X | N141: 419 | O141: 2014 | P141: 500 | Q141: 1921 | R141: X | S141: X | T141: 618 | U141: 1730 | V141: X | W141: X | X141: 717 | Y141: 1711

Sheet moon phases 2018
A1: Day Jan. Feb. Mar. Apr. May June July Aug. Sep. Oct. Nov. Dec. | B1: =IFERROR(__xludf.DUMMYFUNCTION("SPLIT(A1,"" "")"),"Day") -> Day | C1: =IFERROR(__xludf.DUMMYFUNCTION("""COMPUTED_VALUE"""),"Jan.") -> Jan. | D1: =IFERROR(__xludf.DUMMYFUNCTION("""COMPUTED_VALUE"""),"Feb.") -> Feb. | E1: =IFERROR(__xludf.DUMMYFUNCTION("""COMPUTED_VALUE"""),"Mar.") -> Mar. | F1: =IFERROR(__xludf.DUMMYFUNCTION("""COMPUTED_VALUE"""),"Apr.") -> Apr. | G1: =IFERROR(__xludf.DUMMYFUNCTION("""COMPUTED_VALUE"""),"May") -> May | H1: =IFERROR(__xludf.DUMMYFUNCTION("""COMPUTED_VALUE"""),"June") -> June | I1: =IFERROR(__xludf.DUMMYFUNCTION("""COMPUTED_VALUE"""),"July") -> July | J1: =IFERROR(__xludf.DUMMYFUNCTION("""COMPUTED_VALUE"""),"Aug.") -> Aug. | K1: =IFERROR(__xludf.DUMMYFUNCTION("""COMPUTED_VALUE"""),"Sep.") -> Sep. | L1: =IFERROR(__xludf.DUMMYFUNCTION("""COMPUTED_VALUE"""),"Oct.") -> Oct. | M1: =IFERROR(__xludf.DUMMYFUNCTION("""COMPUTED_VALUE"""),"Nov.") -> Nov. | N1: =IFERROR(__xludf.DUMMYFUNCTION("""COMPUTED_VALUE"""),"Dec.") -> Dec.
A2: 01 0.99 0.99 0.99 0.99 0.98 0.93 0.91 0.82 0.69 0.62 0.43 0.36 | B2: =IFERROR(__xludf.DUMMYFUNCTION("SPLIT(A2,"" "")"),1.0) -> 1 | C2: =IFERROR(__xludf.DUMMYFUNCTION("""COMPUTED_VALUE"""),0.99) -> 0.99 | D2: =IFERROR(__xludf.DUMMYFUNCTION("""COMPUTED_VALUE"""),0.99) -> 0.99 | E2: =IFERROR(__xludf.DUMMYFUNCTION("""COMPUTED_VALUE"""),0.99) -> 0.99 | F2: =IFERROR(__xludf.DUMMYFUNCTION("""COMPUTED_VALUE"""),0.99) -> 0.99 | G2: =IFERROR(__xludf.DUMMYFUNCTION("""COMPUTED_VALUE"""),0.98) -> 0.98 | H2: =IFERROR(__xludf.DUMMYFUNCTION("""COMPUTED_VALUE"""),0.93) -> 0.93 | I2: =IFERROR(__xludf.DUMMYFUNCTION("""COMPUTED_VALUE"""),0.91) -> 0.91 | J2: =IFERROR(__xludf.DUMMYFUNCTION("""COMPUTED_VALUE"""),0.82) -> 0.82 | K2: =IFERROR(__xludf.DUMMYFUNCTION("""COMPUTED_VALUE"""),0.69) -> 0.69 | L2: =IFERROR(__xludf.DUMMYFUNCTION("""COMPUTED_VALUE"""),0.62) -> 0.62 | M2: =IFERROR(__xludf.DUMMYFUNCTION("""COMPUTED_VALUE"""),0.43) -> 0.43 | N2: =IFERROR(__xludf.DUMMYFUNCTION("""COMPUTED_VALUE"""),0.36) -> 0.36
A3: 02 1.00 0.96 1.00 0.96 0.95 0.88 0.85 0.74 0.59 0.51 0.32 0.25 | B3: =IFERROR(__xludf.DUMMYFUNCTION("SPLIT(A3,"" "")"),2.0) -> 2 | C3: =IFERROR(__xludf.DUMMYFUNCTION("""COMPUTED_VALUE"""),1.0) -> 1 | D3: =IFERROR(__xludf.DUMMYFUNCTION("""COMPUTED_VALUE"""),0.96) -> 0.96 | E3: =IFERROR(__xludf.DUMMYFUNCTION("""COMPUTED_VALUE"""),1.0) -> 1 | F3: =IFERROR(__xludf.DUMMYFUNCTION("""COMPUTED_VALUE"""),0.96) -> 0.96 | G3: =IFERROR(__xludf.DUMMYFUNCTION("""COMPUTED_VALUE"""),0.95) -> 0.95 | H3: =IFERROR(__xludf.DUMMYFUNCTION("""COMPUTED_VALUE"""),0.88) -> 0.88 | I3: =IFERROR(__xludf.DUMMYFUNCTION("""COMPUTED_VALUE"""),0.85) -> 0.85 | J3: =IFERROR(__xludf.DUMMYFUNCTION("""COMPUTED_VALUE"""),0.74) -> 0.74 | K3: =IFERROR(__xludf.DUMMYFUNCTION("""COMPUTED_VALUE"""),0.59) -> 0.59 | L3: =IFERROR(__xludf.DUMMYFUNCTION("""COMPUTED_VALUE"""),0.51) -> 0.51 | M3: =IFERROR(__xludf.DUMMYFUNCTION("""COMPUTED_VALUE"""),0.32) -> 0.32 | N3: =IFERROR(__xludf.DUMMYFUNCTION("""COMPUTED_VALUE"""),0.25) -> 0.25
A4: 03 0.98 0.90 0.98 0.91 0.89 0.81 0.78 0.65 0.48 0.40 0.22 0.17 | B4: =IFERROR(__xludf.DUMMYFUNCTION("SPLIT(A4,"" "")"),3.0) -> 3 | C4: =IFERROR(__xludf.DUMMYFUNCTION("""COMPUTED_VALUE"""),0.98) -> 0.98 | D4: =IFERROR(__xludf.DUMMYFUNCTION("""COMPUTED_VALUE"""),0.9) -> 0.9 | E4: =IFERROR(__xludf.DUMMYFUNCTION("""COMPUTED_VALUE"""),0.98) -> 0.98 | F4: =IFERROR(__xludf.DUMMYFUNCTION("""COMPUTED_VALUE"""),0.91) -> 0.91 | G4: =IFERROR(__xludf.DUMMYFUNCTION("""COMPUTED_VALUE"""),0.89) -> 0.89 | H4: =IFERROR(__xludf.DUMMYFUNCTION("""COMPUTED_VALUE"""),0.81) -> 0.81 | I4: =IFERROR(__xludf.DUMMYFUNCTION("""COMPUTED_VALUE"""),0.78) -> 0.78 | J4: =IFERROR(__xludf.DUMMYFUNCTION("""COMPUTED_VALUE"""),0.65) -> 0.65 | K4: =IFERROR(__xludf.DUMMYFUNCTION("""COMPUTED_VALUE"""),0.48) -> 0.48 | L4: =IFERROR(__xludf.DUMMYFUNCTION("""COMPUTED_VALUE"""),0.4) -> 0.4 | M4: =IFERROR(__xludf.DUMMYFUNCTION("""COMPUTED_VALUE"""),0.22) -> 0.22 | N4: =IFERROR(__xludf.DUMMYFUNCTION("""COMPUTED_VALUE"""),0.17) -> 0.17
A5: 04 0.93 0.82 0.93 0.85 0.83 0.73 0.70 0.55 0.36 0.29 0.13 0.09 | B5: =IFERROR(__xludf.DUMMYFUNCTION("SPLIT(A5,"" "")"),4.0) -> 4 | C5: =IFERROR(__xludf.DUMMYFUNCTION("""COMPUTED_VALUE"""),0.93) -> 0.93 | D5: =IFERROR(__xludf.DUMMYFUNCTION("""COMPUTED_VALUE"""),0.82) -> 0.82 | E5: =IFERROR(__xludf.DUMMYFUNCTION("""COMPUTED_VALUE"""),0.93) -> 0.93 | F5: =IFERROR(__xludf.DUMMYFUNCTION("""COMPUTED_VALUE"""),0.85) -> 0.85 | G5: =IFERROR(__xludf.DUMMYFUNCTION("""COMPUTED_VALUE"""),0.83) -> 0.83 | H5: =IFERROR(__xludf.DUMMYFUNCTION("""COMPUTED_VALUE"""),0.73) -> 0.73 | I5: =IFERROR(__xludf.DUMMYFUNCTION("""COMPUTED_VALUE"""),0.7) -> 0.7 | J5: =IFERROR(__xludf.DUMMYFUNCTION("""COMPUTED_VALUE"""),0.55) -> 0.55 | K5: =IFERROR(__xludf.DUMMYFUNCTION("""COMPUTED_VALUE"""),0.36) -> 0.36 | L5: =IFERROR(__xludf.DUMMYFUNCTION("""COMPUTED_VALUE"""),0.29) -> 0.29 | M5: =IFERROR(__xludf.DUMMYFUNCTION("""COMPUTED_VALUE"""),0.13) -> 0.13 | N5: =IFERROR(__xludf.DUMMYFUNCTION("""COMPUTED_VALUE"""),0.09) -> 0.09
A6: 05 0.85 0.73 0.87 0.77 0.75 0.64 0.60 0.44 0.26 0.19 0.07 0.04 | B6: =IFERROR(__xludf.DUMMYFUNCTION("SPLIT(A6,"" "")"),5.0) -> 5 | C6: =IFERROR(__xludf.DUMMYFUNCTION("""COMPUTED_VALUE"""),0.85) -> 0.85 | D6: =IFERROR(__xludf.DUMMYFUNCTION("""COMPUTED_VALUE"""),0.73) -> 0.73 | E6: =IFERROR(__xludf.DUMMYFUNCTION("""COMPUTED_VALUE"""),0.87) -> 0.87 | F6: =IFERROR(__xludf.DUMMYFUNCTION("""COMPUTED_VALUE"""),0.77) -> 0.77 | G6: =IFERROR(__xludf.DUMMYFUNCTION("""COMPUTED_VALUE"""),0.75) -> 0.75 | H6: =IFERROR(__xludf.DUMMYFUNCTION("""COMPUTED_VALUE"""),0.64) -> 0.64 | I6: =IFERROR(__xludf.DUMMYFUNCTION("""COMPUTED_VALUE"""),0.6) -> 0.6 | J6: =IFERROR(__xludf.DUMMYFUNCTION("""COMPUTED_VALUE"""),0.44) -> 0.44 | K6: =IFERROR(__xludf.DUMMYFUNCTION("""COMPUTED_VALUE"""),0.26) -> 0.26 | L6: =IFERROR(__xludf.DUMMYFUNCTION("""COMPUTED_VALUE"""),0.19) -> 0.19 | M6: =IFERROR(__xludf.DUMMYFUNCTION("""COMPUTED_VALUE"""),0.07) -> 0.07 | N6: =IFERROR(__xludf.DUMMYFUNCTION("""COMPUTED_VALUE"""),0.04) -> 0.04
A7: 06 0.77 0.63 0.79 0.68 0.66 0.54 0.50 0.33 0.16 0.11 0.02 0.01 | B7: =IFERROR(__xludf.DUMMYFUNCTION("SPLIT(A7,"" "")"),6.0) -> 6 | C7: =IFERROR(__xludf.DUMMYFUNCTION("""COMPUTED_VALUE"""),0.77) -> 0.77 | D7: =IFERROR(__xludf.DUMMYFUNCTION("""COMPUTED_VALUE"""),0.63) -> 0.63 | E7: =IFERROR(__xludf.DUMMYFUNCTION("""COMPUTED_VALUE"""),0.79) -> 0.79 | F7: =IFERROR(__xludf.DUMMYFUNCTION("""COMPUTED_VALUE"""),0.68) -> 0.68 | G7: =IFERROR(__xludf.DUMMYFUNCTION("""COMPUTED_VALUE"""),0.66) -> 0.66 | H7: =IFERROR(__xludf.DUMMYFUNCTION("""COMPUTED_VALUE"""),0.54) -> 0.54 | I7: =IFERROR(__xludf.DUMMYFUNCTION("""COMPUTED_VALUE"""),0.5) -> 0.5 | J7: =IFERROR(__xludf.DUMMYFUNCTION("""COMPUTED_VALUE"""),0.33) -> 0.33 | K7: =IFERROR(__xludf.DUMMYFUNCTION("""COMPUTED_VALUE"""),0.16) -> 0.16 | L7: =IFERROR(__xludf.DUMMYFUNCTION("""COMPUTED_VALUE"""),0.11) -> 0.11 | M7: =IFERROR(__xludf.DUMMYFUNCTION("""COMPUTED_VALUE"""),0.02) -> 0.02 | N7: =IFERROR(__xludf.DUMMYFUNCTION("""COMPUTED_VALUE"""),0.01) -> 0.01
A8: 07 0.67 0.53 0.70 0.59 0.57 0.45 0.40 0.23 0.08 0.05 0.00 0.00 | B8: =IFERROR(__xludf.DUMMYFUNCTION("SPLIT(A8,"" "")"),7.0) -> 7 | C8: =IFERROR(__xludf.DUMMYFUNCTION("""COMPUTED_VALUE"""),0.67) -> 0.67 | D8: =IFERROR(__xludf.DUMMYFUNCTION("""COMPUTED_VALUE"""),0.53) -> 0.53 | E8: =IFERROR(__xludf.DUMMYFUNCTION("""COMPUTED_VALUE"""),0.7) -> 0.7 | F8: =IFERROR(__xludf.DUMMYFUNCTION("""COMPUTED_VALUE"""),0.59) -> 0.59 | G8: =IFERROR(__xludf.DUMMYFUNCTION("""COMPUTED_VALUE"""),0.57) -> 0.57 | H8: =IFERROR(__xludf.DUMMYFUNCTION("""COMPUTED_VALUE"""),0.45) -> 0.45 | I8: =IFERROR(__xludf.DUMMYFUNCTION("""COMPUTED_VALUE"""),0.4) -> 0.4 | J8: =IFERROR(__xludf.DUMMYFUNCTION("""COMPUTED_VALUE"""),0.23) -> 0.23 | K8: =IFERROR(__xludf.DUMMYFUNCTION("""COMPUTED_VALUE"""),0.08) -> 0.08 | L8: =IFERROR(__xludf.DUMMYFUNCTION("""COMPUTED_VALUE"""),0.05) -> 0.05 | M8: =IFERROR(__xludf.DUMMYFUNCTION("""COMPUTED_VALUE"""),0.0) -> 0 | N8: =IFERROR(__xludf.DUMMYFUNCTION("""COMPUTED_VALUE"""),0.0) -> 0
A9: 08 0.56 0.44 0.61 0.50 0.48 0.35 0.29 0.14 0.03 0.01 0.01 0.01 | B9: =IFERROR(__xludf.DUMMYFUNCTION("SPLIT(A9,"" "")"),8.0) -> 8 | C9: =IFERROR(__xludf.DUMMYFUNCTION("""COMPUTED_VALUE"""),0.56) -> 0.56 | D9: =IFERROR(__xludf.DUMMYFUNCTION("""COMPUTED_VALUE"""),0.44) -> 0.44 | E9: =IFERROR(__xludf.DUMMYFUNCTION("""COMPUTED_VALUE"""),0.61) -> 0.61 | F9: =IFERROR(__xludf.DUMMYFUNCTION("""COMPUTED_VALUE"""),0.5) -> 0.5 | G9: =IFERROR(__xludf.DUMMYFUNCTION("""COMPUTED_VALUE"""),0.48) -> 0.48 | H9: =IFERROR(__xludf.DUMMYFUNCTION("""COMPUTED_VALUE"""),0.35) -> 0.35 | I9: =IFERROR(__xludf.DUMMYFUNCTION("""COMPUTED_VALUE"""),0.29) -> 0.29 | J9: =IFERROR(__xludf.DUMMYFUNCTION("""COMPUTED_VALUE"""),0.14) -> 0.14 | K9: =IFERROR(__xludf.DUMMYFUNCTION("""COMPUTED_VALUE"""),0.03) -> 0.03 | L9: =IFERROR(__xludf.DUMMYFUNCTION("""COMPUTED_VALUE"""),0.01) -> 0.01 | M9: =IFERROR(__xludf.DUMMYFUNCTION("""COMPUTED_VALUE"""),0.01) -> 0.01 | N9: =IFERROR(__xludf.DUMMYFUNCTION("""COMPUTED_VALUE"""),0.01) -> 0.01
A10: 09 0.46 0.34 0.51 0.40 0.38 0.25 0.20 0.06 0.00 0.00 0.03 0.04 | B10: =IFERROR(__xludf.DUMMYFUNCTION("SPLIT(A10,"" "")"),9.0) -> 9 | C10: =IFERROR(__xludf.DUMMYFUNCTION("""COMPUTED_VALUE"""),0.46) -> 0.46 | D10: =IFERROR(__xludf.DUMMYFUNCTION("""COMPUTED_VALUE"""),0.34) -> 0.34 | E10: =IFERROR(__xludf.DUMMYFUNCTION("""COMPUTED_VALUE"""),0.51) -> 0.51 | F10: =IFERROR(__xludf.DUMMYFUNCTION("""COMPUTED_VALUE"""),0.4) -> 0.4 | G10: =IFERROR(__xludf.DUMMYFUNCTION("""COMPUTED_VALUE"""),0.38) -> 0.38 | H10: =IFERROR(__xludf.DUMMYFUNCTION("""COMPUTED_VALUE"""),0.25) -> 0.25 | I10: =IFERROR(__xludf.DUMMYFUNCTION("""COMPUTED_VALUE"""),0.2) -> 0.2 | J10: =IFERROR(__xludf.DUMMYFUNCTION("""COMPUTED_VALUE"""),0.06) -> 0.06 | K10: =IFERROR(__xludf.DUMMYFUNCTION("""COMPUTED_VALUE"""),0.0) -> 0 | L10: =IFERROR(__xludf.DUMMYFUNCTION("""COMPUTED_VALUE"""),0.0) -> 0 | M10: =IFERROR(__xludf.DUMMYFUNCTION("""COMPUTED_VALUE"""),0.03) -> 0.03 | N10: =IFERROR(__xludf.DUMMYFUNCTION("""COMPUTED_VALUE"""),0.04) -> 0.04
A11: 10 0.36 0.26 0.42 0.31 0.29 0.16 0.11 0.02 0.01 0.02 0.08 0.09 | B11: =IFERROR(__xludf.DUMMYFUNCTION("SPLIT(A11,"" "")"),10.0) -> 10 | C11: =IFERROR(__xludf.DUMMYFUNCTION("""COMPUTED_VALUE"""),0.36) -> 0.36 | D11: =IFERROR(__xludf.DUMMYFUNCTION("""COMPUTED_VALUE"""),0.26) -> 0.26 | E11: =IFERROR(__xludf.DUMMYFUNCTION("""COMPUTED_VALUE"""),0.42) -> 0.42 | F11: =IFERROR(__xludf.DUMMYFUNCTION("""COMPUTED_VALUE"""),0.31) -> 0.31 | G11: =IFERROR(__xludf.DUMMYFUNCTION("""COMPUTED_VALUE"""),0.29) -> 0.29 | H11: =IFERROR(__xludf.DUMMYFUNCTION("""COMPUTED_VALUE"""),0.16) -> 0.16 | I11: =IFERROR(__xludf.DUMMYFUNCTION("""COMPUTED_VALUE"""),0.11) -> 0.11 | J11: =IFERROR(__xludf.DUMMYFUNCTION("""COMPUTED_VALUE"""),0.02) -> 0.02 | K11: =IFERROR(__xludf.DUMMYFUNCTION("""COMPUTED_VALUE"""),0.01) -> 0.01 | L11: =IFERROR(__xludf.DUMMYFUNCTION("""COMPUTED_VALUE"""),0.02) -> 0.02 | M11: =IFERROR(__xludf.DUMMYFUNCTION("""COMPUTED_VALUE"""),0.08) -> 0.08 | N11: =IFERROR(__xludf.DUMMYFUNCTION("""COMPUTED_VALUE"""),0.09) -> 0.09
A12: 11 0.27 0.18 0.33 0.23 0.20 0.09 0.05 0.00 0.04 0.06 0.14 0.15 | B12: =IFERROR(__xludf.DUMMYFUNCTION("SPLIT(A12,"" "")"),11.0) -> 11 | C12: =IFERROR(__xludf.DUMMYFUNCTION("""COMPUTED_VALUE"""),0.27) -> 0.27 | D12: =IFERROR(__xludf.DUMMYFUNCTION("""COMPUTED_VALUE"""),0.18) -> 0.18 | E12: =IFERROR(__xludf.DUMMYFUNCTION("""COMPUTED_VALUE"""),0.33) -> 0.33 | F12: =IFERROR(__xludf.DUMMYFUNCTION("""COMPUTED_VALUE"""),0.23) -> 0.23 | G12: =IFERROR(__xludf.DUMMYFUNCTION("""COMPUTED_VALUE"""),0.2) -> 0.2 | H12: =IFERROR(__xludf.DUMMYFUNCTION("""COMPUTED_VALUE"""),0.09) -> 0.09 | I12: =IFERROR(__xludf.DUMMYFUNCTION("""COMPUTED_VALUE"""),0.05) -> 0.05 | J12: =IFERROR(__xludf.DUMMYFUNCTION("""COMPUTED_VALUE"""),0.0) -> 0 | K12: =IFERROR(__xludf.DUMMYFUNCTION("""COMPUTED_VALUE"""),0.04) -> 0.04 | L12: =IFERROR(__xludf.DUMMYFUNCTION("""COMPUTED_VALUE"""),0.06) -> 0.06 | M12: =IFERROR(__xludf.DUMMYFUNCTION("""COMPUTED_VALUE"""),0.14) -> 0.14 | N12: =IFERROR(__xludf.DUMMYFUNCTION("""COMPUTED_VALUE"""),0.15) -> 0.15
A13: 12 0.19 0.11 0.24 0.15 0.12 0.03 0.01 0.01 0.09 0.12 0.21 0.22 | B13: =IFERROR(__xludf.DUMMYFUNCTION("SPLIT(A13,"" "")"),12.0) -> 12 | C13: =IFERROR(__xludf.DUMMYFUNCTION("""COMPUTED_VALUE"""),0.19) -> 0.19 | D13: =IFERROR(__xludf.DUMMYFUNCTION("""COMPUTED_VALUE"""),0.11) -> 0.11 | E13: =IFERROR(__xludf.DUMMYFUNCTION("""COMPUTED_VALUE"""),0.24) -> 0.24 | F13: =IFERROR(__xludf.DUMMYFUNCTION("""COMPUTED_VALUE"""),0.15) -> 0.15 | G13: =IFERROR(__xludf.DUMMYFUNCTION("""COMPUTED_VALUE"""),0.12) -> 0.12 | H13: =IFERROR(__xludf.DUMMYFUNCTION("""COMPUTED_VALUE"""),0.03) -> 0.03 | I13: =IFERROR(__xludf.DUMMYFUNCTION("""COMPUTED_VALUE"""),0.01) -> 0.01 | J13: =IFERROR(__xludf.DUMMYFUNCTION("""COMPUTED_VALUE"""),0.01) -> 0.01 | K13: =IFERROR(__xludf.DUMMYFUNCTION("""COMPUTED_VALUE"""),0.09) -> 0.09 | L13: =IFERROR(__xludf.DUMMYFUNCTION("""COMPUTED_VALUE"""),0.12) -> 0.12 | M13: =IFERROR(__xludf.DUMMYFUNCTION("""COMPUTED_VALUE"""),0.21) -> 0.21 | N13: =IFERROR(__xludf.DUMMYFUNCTION("""COMPUTED_VALUE"""),0.22) -> 0.22
A14: 13 0.12 0.06 0.17 0.09 0.06 0.00 0.00 0.05 0.16 0.19 0.29 0.30 | B14: =IFERROR(__xludf.DUMMYFUNCTION("SPLIT(A14,"" "")"),13.0) -> 13 | C14: =IFERROR(__xludf.DUMMYFUNCTION("""COMPUTED_VALUE"""),0.12) -> 0.12 | D14: =IFERROR(__xludf.DUMMYFUNCTION("""COMPUTED_VALUE"""),0.06) -> 0.06 | E14: =IFERROR(__xludf.DUMMYFUNCTION("""COMPUTED_VALUE"""),0.17) -> 0.17 | F14: =IFERROR(__xludf.DUMMYFUNCTION("""COMPUTED_VALUE"""),0.09) -> 0.09 | G14: =IFERROR(__xludf.DUMMYFUNCTION("""COMPUTED_VALUE"""),0.06) -> 0.06 | H14: =IFERROR(__xludf.DUMMYFUNCTION("""COMPUTED_VALUE"""),0.0) -> 0 | I14: =IFERROR(__xludf.DUMMYFUNCTION("""COMPUTED_VALUE"""),0.0) -> 0 | J14: =IFERROR(__xludf.DUMMYFUNCTION("""COMPUTED_VALUE"""),0.05) -> 0.05 | K14: =IFERROR(__xludf.DUMMYFUNCTION("""COMPUTED_VALUE"""),0.16) -> 0.16 | L14: =IFERROR(__xludf.DUMMYFUNCTION("""COMPUTED_VALUE"""),0.19) -> 0.19 | M14: =IFERROR(__xludf.DUMMYFUNCTION("""COMPUTED_VALUE"""),0.29) -> 0.29 | N14: =IFERROR(__xludf.DUMMYFUNCTION("""COMPUTED_VALUE"""),0.3) -> 0.3
A15: 14 0.07 0.02 0.10 0.04 0.02 0.00 0.02 0.12 0.25 0.28 0.38 0.39 | B15: =IFERROR(__xludf.DUMMYFUNCTION("SPLIT(A15,"" "")"),14.0) -> 14 | C15: =IFERROR(__xludf.DUMMYFUNCTION("""COMPUTED_VALUE"""),0.07) -> 0.07 | D15: =IFERROR(__xludf.DUMMYFUNCTION("""COMPUTED_VALUE"""),0.02) -> 0.02 | E15: =IFERROR(__xludf.DUMMYFUNCTION("""COMPUTED_VALUE"""),0.1) -> 0.1 | F15: =IFERROR(__xludf.DUMMYFUNCTION("""COMPUTED_VALUE"""),0.04) -> 0.04 | G15: =IFERROR(__xludf.DUMMYFUNCTION("""COMPUTED_VALUE"""),0.02) -> 0.02 | H15: =IFERROR(__xludf.DUMMYFUNCTION("""COMPUTED_VALUE"""),0.0) -> 0 | I15: =IFERROR(__xludf.DUMMYFUNCTION("""COMPUTED_VALUE"""),0.02) -> 0.02 | J15: =IFERROR(__xludf.DUMMYFUNCTION("""COMPUTED_VALUE"""),0.12) -> 0.12 | K15: =IFERROR(__xludf.DUMMYFUNCTION("""COMPUTED_VALUE"""),0.25) -> 0.25 | L15: =IFERROR(__xludf.DUMMYFUNCTION("""COMPUTED_VALUE"""),0.28) -> 0.28 | M15: =IFERROR(__xludf.DUMMYFUNCTION("""COMPUTED_VALUE"""),0.38) -> 0.38 | N15: =IFERROR(__xludf.DUMMYFUNCTION("""COMPUTED_VALUE"""),0.39) -> 0.39
A16: 15 0.03 0.00 0.05 0.01 0.00 0.03 0.07 0.20 0.34 0.37 0.47 0.49 | B16: =IFERROR(__xludf.DUMMYFUNCTION("SPLIT(A16,"" "")"),15.0) -> 15 | C16: =IFERROR(__xludf.DUMMYFUNCTION("""COMPUTED_VALUE"""),0.03) -> 0.03 | D16: =IFERROR(__xludf.DUMMYFUNCTION("""COMPUTED_VALUE"""),0.0) -> 0 | E16: =IFERROR(__xludf.DUMMYFUNCTION("""COMPUTED_VALUE"""),0.05) -> 0.05 | F16: =IFERROR(__xludf.DUMMYFUNCTION("""COMPUTED_VALUE"""),0.01) -> 0.01 | G16: =IFERROR(__xludf.DUMMYFUNCTION("""COMPUTED_VALUE"""),0.0) -> 0 | H16: =IFERROR(__xludf.DUMMYFUNCTION("""COMPUTED_VALUE"""),0.03) -> 0.03 | I16: =IFERROR(__xludf.DUMMYFUNCTION("""COMPUTED_VALUE"""),0.07) -> 0.07 | J16: =IFERROR(__xludf.DUMMYFUNCTION("""COMPUTED_VALUE"""),0.2) -> 0.2 | K16: =IFERROR(__xludf.DUMMYFUNCTION("""COMPUTED_VALUE"""),0.34) -> 0.34 | L16: =IFERROR(__xludf.DUMMYFUNCTION("""COMPUTED_VALUE"""),0.37) -> 0.37 | M16: =IFERROR(__xludf.DUMMYFUNCTION("""COMPUTED_VALUE"""),0.47) -> 0.47 | N16: =IFERROR(__xludf.DUMMYFUNCTION("""COMPUTED_VALUE"""),0.49) -> 0.49
A17: 16 0.01 0.00 0.02 0.00 0.01 0.09 0.15 0.30 0.44 0.46 0.57 0.58 | B17: =IFERROR(__xludf.DUMMYFUNCTION("SPLIT(A17,"" "")"),16.0) -> 16 | C17: =IFERROR(__xludf.DUMMYFUNCTION("""COMPUTED_VALUE"""),0.01) -> 0.01 | D17: =IFERROR(__xludf.DUMMYFUNCTION("""COMPUTED_VALUE"""),0.0) -> 0 | E17: =IFERROR(__xludf.DUMMYFUNCTION("""COMPUTED_VALUE"""),0.02) -> 0.02 | F17: =IFERROR(__xludf.DUMMYFUNCTION("""COMPUTED_VALUE"""),0.0) -> 0 | G17: =IFERROR(__xludf.DUMMYFUNCTION("""COMPUTED_VALUE"""),0.01) -> 0.01 | H17: =IFERROR(__xludf.DUMMYFUNCTION("""COMPUTED_VALUE"""),0.09) -> 0.09 | I17: =IFERROR(__xludf.DUMMYFUNCTION("""COMPUTED_VALUE"""),0.15) -> 0.15 | J17: =IFERROR(__xludf.DUMMYFUNCTION("""COMPUTED_VALUE"""),0.3) -> 0.3 | K17: =IFERROR(__xludf.DUMMYFUNCTION("""COMPUTED_VALUE"""),0.44) -> 0.44 | L17: =IFERROR(__xludf.DUMMYFUNCTION("""COMPUTED_VALUE"""),0.46) -> 0.46 | M17: =IFERROR(__xludf.DUMMYFUNCTION("""COMPUTED_VALUE"""),0.57) -> 0.57 | N17: =IFERROR(__xludf.DUMMYFUNCTION("""COMPUTED_VALUE"""),0.58) -> 0.58
A18: 17 0.00 0.02 0.00 0.02 0.05 0.17 0.24 0.40 0.54 0.56 0.66 0.68 | B18: =IFERROR(__xludf.DUMMYFUNCTION("SPLIT(A18,"" "")"),17.0) -> 17 | C18: =IFERROR(__xludf.DUMMYFUNCTION("""COMPUTED_VALUE"""),0.0) -> 0 | D18: =IFERROR(__xludf.DUMMYFUNCTION("""COMPUTED_VALUE"""),0.02) -> 0.02 | E18: =IFERROR(__xludf.DUMMYFUNCTION("""COMPUTED_VALUE"""),0.0) -> 0 | F18: =IFERROR(__xludf.DUMMYFUNCTION("""COMPUTED_VALUE"""),0.02) -> 0.02 | G18: =IFERROR(__xludf.DUMMYFUNCTION("""COMPUTED_VALUE"""),0.05) -> 0.05 | H18: =IFERROR(__xludf.DUMMYFUNCTION("""COMPUTED_VALUE"""),0.17) -> 0.17 | I18: =IFERROR(__xludf.DUMMYFUNCTION("""COMPUTED_VALUE"""),0.24) -> 0.24 | J18: =IFERROR(__xludf.DUMMYFUNCTION("""COMPUTED_VALUE"""),0.4) -> 0.4 | K18: =IFERROR(__xludf.DUMMYFUNCTION("""COMPUTED_VALUE"""),0.54) -> 0.54 | L18: =IFERROR(__xludf.DUMMYFUNCTION("""COMPUTED_VALUE"""),0.56) -> 0.56 | M18: =IFERROR(__xludf.DUMMYFUNCTION("""COMPUTED_VALUE"""),0.66) -> 0.66 | N18: =IFERROR(__xludf.DUMMYFUNCTION("""COMPUTED_VALUE"""),0.68) -> 0.68
A19: 18 0.01 0.06 0.01 0.07 0.11 0.27 0.34 0.50 0.63 0.65 0.75 0.77 | B19: =IFERROR(__xludf.DUMMYFUNCTION("SPLIT(A19,"" "")"),18.0) -> 18 | C19: =IFERROR(__xludf.DUMMYFUNCTION("""COMPUTED_VALUE"""),0.01) -> 0.01 | D19: =IFERROR(__xludf.DUMMYFUNCTION("""COMPUTED_VALUE"""),0.06) -> 0.06 | E19: =IFERROR(__xludf.DUMMYFUNCTION("""COMPUTED_VALUE"""),0.01) -> 0.01 | F19: =IFERROR(__xludf.DUMMYFUNCTION("""COMPUTED_VALUE"""),0.07) -> 0.07 | G19: =IFERROR(__xludf.DUMMYFUNCTION("""COMPUTED_VALUE"""),0.11) -> 0.11 | H19: =IFERROR(__xludf.DUMMYFUNCTION("""COMPUTED_VALUE"""),0.27) -> 0.27 | I19: =IFERROR(__xludf.DUMMYFUNCTION("""COMPUTED_VALUE"""),0.34) -> 0.34 | J19: =IFERROR(__xludf.DUMMYFUNCTION("""COMPUTED_VALUE"""),0.5) -> 0.5 | K19: =IFERROR(__xludf.DUMMYFUNCTION("""COMPUTED_VALUE"""),0.63) -> 0.63 | L19: =IFERROR(__xludf.DUMMYFUNCTION("""COMPUTED_VALUE"""),0.65) -> 0.65 | M19: =IFERROR(__xludf.DUMMYFUNCTION("""COMPUTED_VALUE"""),0.75) -> 0.75 | N19: =IFERROR(__xludf.DUMMYFUNCTION("""COMPUTED_VALUE"""),0.77) -> 0.77
A20: 19 0.05 0.12 0.04 0.13 0.20 0.38 0.45 0.60 0.72 0.74 0.83 0.85 | B20: =IFERROR(__xludf.DUMMYFUNCTION("SPLIT(A20,"" "")"),19.0) -> 19 | C20: =IFERROR(__xludf.DUMMYFUNCTION("""COMPUTED_VALUE"""),0.05) -> 0.05 | D20: =IFERROR(__xludf.DUMMYFUNCTION("""COMPUTED_VALUE"""),0.12) -> 0.12 | E20: =IFERROR(__xludf.DUMMYFUNCTION("""COMPUTED_VALUE"""),0.04) -> 0.04 | F20: =IFERROR(__xludf.DUMMYFUNCTION("""COMPUTED_VALUE"""),0.13) -> 0.13 | G20: =IFERROR(__xludf.DUMMYFUNCTION("""COMPUTED_VALUE"""),0.2) -> 0.2 | H20: =IFERROR(__xludf.DUMMYFUNCTION("""COMPUTED_VALUE"""),0.38) -> 0.38 | I20: =IFERROR(__xludf.DUMMYFUNCTION("""COMPUTED_VALUE"""),0.45) -> 0.45 | J20: =IFERROR(__xludf.DUMMYFUNCTION("""COMPUTED_VALUE"""),0.6) -> 0.6 | K20: =IFERROR(__xludf.DUMMYFUNCTION("""COMPUTED_VALUE"""),0.72) -> 0.72 | L20: =IFERROR(__xludf.DUMMYFUNCTION("""COMPUTED_VALUE"""),0.74) -> 0.74 | M20: =IFERROR(__xludf.DUMMYFUNCTION("""COMPUTED_VALUE"""),0.83) -> 0.83 | N20: =IFERROR(__xludf.DUMMYFUNCTION("""COMPUTED_VALUE"""),0.85) -> 0.85
A21: 20 0.09 0.20 0.09 0.22 0.30 0.49 0.55 0.69 0.80 0.81 0.90 0.92 | B21: =IFERROR(__xludf.DUMMYFUNCTION("SPLIT(A21,"" "")"),20.0) -> 20 | C21: =IFERROR(__xludf.DUMMYFUNCTION("""COMPUTED_VALUE"""),0.09) -> 0.09 | D21: =IFERROR(__xludf.DUMMYFUNCTION("""COMPUTED_VALUE"""),0.2) -> 0.2 | E21: =IFERROR(__xludf.DUMMYFUNCTION("""COMPUTED_VALUE"""),0.09) -> 0.09 | F21: =IFERROR(__xludf.DUMMYFUNCTION("""COMPUTED_VALUE"""),0.22) -> 0.22 | G21: =IFERROR(__xludf.DUMMYFUNCTION("""COMPUTED_VALUE"""),0.3) -> 0.3 | H21: =IFERROR(__xludf.DUMMYFUNCTION("""COMPUTED_VALUE"""),0.49) -> 0.49 | I21: =IFERROR(__xludf.DUMMYFUNCTION("""COMPUTED_VALUE"""),0.55) -> 0.55 | J21: =IFERROR(__xludf.DUMMYFUNCTION("""COMPUTED_VALUE"""),0.69) -> 0.69 | K21: =IFERROR(__xludf.DUMMYFUNCTION("""COMPUTED_VALUE"""),0.8) -> 0.8 | L21: =IFERROR(__xludf.DUMMYFUNCTION("""COMPUTED_VALUE"""),0.81) -> 0.81 | M21: =IFERROR(__xludf.DUMMYFUNCTION("""COMPUTED_VALUE"""),0.9) -> 0.9 | N21: =IFERROR(__xludf.DUMMYFUNCTION("""COMPUTED_VALUE"""),0.92) -> 0.92
A22: 21 0.16 0.29 0.16 0.32 0.41 0.60 0.65 0.78 0.87 0.88 0.95 0.97 | B22: =IFERROR(__xludf.DUMMYFUNCTION("SPLIT(A22,"" "")"),21.0) -> 21 | C22: =IFERROR(__xludf.DUMMYFUNCTION("""COMPUTED_VALUE"""),0.16) -> 0.16 | D22: =IFERROR(__xludf.DUMMYFUNCTION("""COMPUTED_VALUE"""),0.29) -> 0.29 | E22: =IFERROR(__xludf.DUMMYFUNCTION("""COMPUTED_VALUE"""),0.16) -> 0.16 | F22: =IFERROR(__xludf.DUMMYFUNCTION("""COMPUTED_VALUE"""),0.32) -> 0.32 | G22: =IFERROR(__xludf.DUMMYFUNCTION("""COMPUTED_VALUE"""),0.41) -> 0.41 | H22: =IFERROR(__xludf.DUMMYFUNCTION("""COMPUTED_VALUE"""),0.6) -> 0.6 | I22: =IFERROR(__xludf.DUMMYFUNCTION("""COMPUTED_VALUE"""),0.65) -> 0.65 | J22: =IFERROR(__xludf.DUMMYFUNCTION("""COMPUTED_VALUE"""),0.78) -> 0.78 | K22: =IFERROR(__xludf.DUMMYFUNCTION("""COMPUTED_VALUE"""),0.87) -> 0.87 | L22: =IFERROR(__xludf.DUMMYFUNCTION("""COMPUTED_VALUE"""),0.88) -> 0.88 | M22: =IFERROR(__xludf.DUMMYFUNCTION("""COMPUTED_VALUE"""),0.95) -> 0.95 | N22: =IFERROR(__xludf.DUMMYFUNCTION("""COMPUTED_VALUE"""),0.97) -> 0.97
A23: 22 0.24 0.39 0.25 0.44 0.52 0.70 0.75 0.85 0.93 0.94 0.99 1.00 | B23: =IFERROR(__xludf.DUMMYFUNCTION("SPLIT(A23,"" "")"),22.0) -> 22 | C23: =IFERROR(__xludf.DUMMYFUNCTION("""COMPUTED_VALUE"""),0.24) -> 0.24 | D23: =IFERROR(__xludf.DUMMYFUNCTION("""COMPUTED_VALUE"""),0.39) -> 0.39 | E23: =IFERROR(__xludf.DUMMYFUNCTION("""COMPUTED_VALUE"""),0.25) -> 0.25 | F23: =IFERROR(__xludf.DUMMYFUNCTION("""COMPUTED_VALUE"""),0.44) -> 0.44 | G23: =IFERROR(__xludf.DUMMYFUNCTION("""COMPUTED_VALUE"""),0.52) -> 0.52 | H23: =IFERROR(__xludf.DUMMYFUNCTION("""COMPUTED_VALUE"""),0.7) -> 0.7 | I23: =IFERROR(__xludf.DUMMYFUNCTION("""COMPUTED_VALUE"""),0.75) -> 0.75 | J23: =IFERROR(__xludf.DUMMYFUNCTION("""COMPUTED_VALUE"""),0.85) -> 0.85 | K23: =IFERROR(__xludf.DUMMYFUNCTION("""COMPUTED_VALUE"""),0.93) -> 0.93 | L23: =IFERROR(__xludf.DUMMYFUNCTION("""COMPUTED_VALUE"""),0.94) -> 0.94 | M23: =IFERROR(__xludf.DUMMYFUNCTION("""COMPUTED_VALUE"""),0.99) -> 0.99 | N23: =IFERROR(__xludf.DUMMYFUNCTION("""COMPUTED_VALUE"""),1.0) -> 1
A24: 23 0.33 0.50 0.35 0.55 0.63 0.79 0.83 0.91 0.97 0.98 1.00 0.99 | B24: =IFERROR(__xludf.DUMMYFUNCTION("SPLIT(A24,"" "")"),23.0) -> 23 | C24: =IFERROR(__xludf.DUMMYFUNCTION("""COMPUTED_VALUE"""),0.33) -> 0.33 | D24: =IFERROR(__xludf.DUMMYFUNCTION("""COMPUTED_VALUE"""),0.5) -> 0.5 | E24: =IFERROR(__xludf.DUMMYFUNCTION("""COMPUTED_VALUE"""),0.35) -> 0.35 | F24: =IFERROR(__xludf.DUMMYFUNCTION("""COMPUTED_VALUE"""),0.55) -> 0.55 | G24: =IFERROR(__xludf.DUMMYFUNCTION("""COMPUTED_VALUE"""),0.63) -> 0.63 | H24: =IFERROR(__xludf.DUMMYFUNCTION("""COMPUTED_VALUE"""),0.79) -> 0.79 | I24: =IFERROR(__xludf.DUMMYFUNCTION("""COMPUTED_VALUE"""),0.83) -> 0.83 | J24: =IFERROR(__xludf.DUMMYFUNCTION("""COMPUTED_VALUE"""),0.91) -> 0.91 | K24: =IFERROR(__xludf.DUMMYFUNCTION("""COMPUTED_VALUE"""),0.97) -> 0.97 | L24: =IFERROR(__xludf.DUMMYFUNCTION("""COMPUTED_VALUE"""),0.98) -> 0.98 | M24: =IFERROR(__xludf.DUMMYFUNCTION("""COMPUTED_VALUE"""),1.0) -> 1 | N24: =IFERROR(__xludf.DUMMYFUNCTION("""COMPUTED_VALUE"""),0.99) -> 0.99
A25: 24 0.44 0.61 0.47 0.66 0.73 0.86 0.89 0.96 0.99 1.00 0.98 0.96 | B25: =IFERROR(__xludf.DUMMYFUNCTION("SPLIT(A25,"" "")"),24.0) -> 24 | C25: =IFERROR(__xludf.DUMMYFUNCTION("""COMPUTED_VALUE"""),0.44) -> 0.44 | D25: =IFERROR(__xludf.DUMMYFUNCTION("""COMPUTED_VALUE"""),0.61) -> 0.61 | E25: =IFERROR(__xludf.DUMMYFUNCTION("""COMPUTED_VALUE"""),0.47) -> 0.47 | F25: =IFERROR(__xludf.DUMMYFUNCTION("""COMPUTED_VALUE"""),0.66) -> 0.66 | G25: =IFERROR(__xludf.DUMMYFUNCTION("""COMPUTED_VALUE"""),0.73) -> 0.73 | H25: =IFERROR(__xludf.DUMMYFUNCTION("""COMPUTED_VALUE"""),0.86) -> 0.86 | I25: =IFERROR(__xludf.DUMMYFUNCTION("""COMPUTED_VALUE"""),0.89) -> 0.89 | J25: =IFERROR(__xludf.DUMMYFUNCTION("""COMPUTED_VALUE"""),0.96) -> 0.96 | K25: =IFERROR(__xludf.DUMMYFUNCTION("""COMPUTED_VALUE"""),0.99) -> 0.99 | L25: =IFERROR(__xludf.DUMMYFUNCTION("""COMPUTED_VALUE"""),1.0) -> 1 | M25: =IFERROR(__xludf.DUMMYFUNCTION("""COMPUTED_VALUE"""),0.98) -> 0.98 | N25: =IFERROR(__xludf.DUMMYFUNCTION("""COMPUTED_VALUE"""),0.96) -> 0.96
A26: 25 0.55 0.72 0.58 0.76 0.82 0.92 0.94 0.99 1.00 0.99 0.94 0.91 | B26: =IFERROR(__xludf.DUMMYFUNCTION("SPLIT(A26,"" "")"),25.0) -> 25 | C26: =IFERROR(__xludf.DUMMYFUNCTION("""COMPUTED_VALUE"""),0.55) -> 0.55 | D26: =IFERROR(__xludf.DUMMYFUNCTION("""COMPUTED_VALUE"""),0.72) -> 0.72 | E26: =IFERROR(__xludf.DUMMYFUNCTION("""COMPUTED_VALUE"""),0.58) -> 0.58 | F26: =IFERROR(__xludf.DUMMYFUNCTION("""COMPUTED_VALUE"""),0.76) -> 0.76 | G26: =IFERROR(__xludf.DUMMYFUNCTION("""COMPUTED_VALUE"""),0.82) -> 0.82 | H26: =IFERROR(__xludf.DUMMYFUNCTION("""COMPUTED_VALUE"""),0.92) -> 0.92 | I26: =IFERROR(__xludf.DUMMYFUNCTION("""COMPUTED_VALUE"""),0.94) -> 0.94 | J26: =IFERROR(__xludf.DUMMYFUNCTION("""COMPUTED_VALUE"""),0.99) -> 0.99 | K26: =IFERROR(__xludf.DUMMYFUNCTION("""COMPUTED_VALUE"""),1.0) -> 1 | L26: =IFERROR(__xludf.DUMMYFUNCTION("""COMPUTED_VALUE"""),0.99) -> 0.99 | M26: =IFERROR(__xludf.DUMMYFUNCTION("""COMPUTED_VALUE"""),0.94) -> 0.94 | N26: =IFERROR(__xludf.DUMMYFUNCTION("""COMPUTED_VALUE"""),0.91) -> 0.91
A27: 26 0.65 0.82 0.69 0.85 0.89 0.97 0.98 1.00 0.98 0.97 0.88 0.82 | B27: =IFERROR(__xludf.DUMMYFUNCTION("SPLIT(A27,"" "")"),26.0) -> 26 | C27: =IFERROR(__xludf.DUMMYFUNCTION("""COMPUTED_VALUE"""),0.65) -> 0.65 | D27: =IFERROR(__xludf.DUMMYFUNCTION("""COMPUTED_VALUE"""),0.82) -> 0.82 | E27: =IFERROR(__xludf.DUMMYFUNCTION("""COMPUTED_VALUE"""),0.69) -> 0.69 | F27: =IFERROR(__xludf.DUMMYFUNCTION("""COMPUTED_VALUE"""),0.85) -> 0.85 | G27: =IFERROR(__xludf.DUMMYFUNCTION("""COMPUTED_VALUE"""),0.89) -> 0.89 | H27: =IFERROR(__xludf.DUMMYFUNCTION("""COMPUTED_VALUE"""),0.97) -> 0.97 | I27: =IFERROR(__xludf.DUMMYFUNCTION("""COMPUTED_VALUE"""),0.98) -> 0.98 | J27: =IFERROR(__xludf.DUMMYFUNCTION("""COMPUTED_VALUE"""),1.0) -> 1 | K27: =IFERROR(__xludf.DUMMYFUNCTION("""COMPUTED_VALUE"""),0.98) -> 0.98 | L27: =IFERROR(__xludf.DUMMYFUNCTION("""COMPUTED_VALUE"""),0.97) -> 0.97 | M27: =IFERROR(__xludf.DUMMYFUNCTION("""COMPUTED_VALUE"""),0.88) -> 0.88 | N27: =IFERROR(__xludf.DUMMYFUNCTION("""COMPUTED_VALUE"""),0.82) -> 0.82
A28: 27 0.76 0.90 0.79 0.92 0.95 0.99 1.00 0.99 0.95 0.92 0.79 0.73 | B28: =IFERROR(__xludf.DUMMYFUNCTION("SPLIT(A28,"" "")"),27.0) -> 27 | C28: =IFERROR(__xludf.DUMMYFUNCTION("""COMPUTED_VALUE"""),0.76) -> 0.76 | D28: =IFERROR(__xludf.DUMMYFUNCTION("""COMPUTED_VALUE"""),0.9) -> 0.9 | E28: =IFERROR(__xludf.DUMMYFUNCTION("""COMPUTED_VALUE"""),0.79) -> 0.79 | F28: =IFERROR(__xludf.DUMMYFUNCTION("""COMPUTED_VALUE"""),0.92) -> 0.92 | G28: =IFERROR(__xludf.DUMMYFUNCTION("""COMPUTED_VALUE"""),0.95) -> 0.95 | H28: =IFERROR(__xludf.DUMMYFUNCTION("""COMPUTED_VALUE"""),0.99) -> 0.99 | I28: =IFERROR(__xludf.DUMMYFUNCTION("""COMPUTED_VALUE"""),1.0) -> 1 | J28: =IFERROR(__xludf.DUMMYFUNCTION("""COMPUTED_VALUE"""),0.99) -> 0.99 | K28: =IFERROR(__xludf.DUMMYFUNCTION("""COMPUTED_VALUE"""),0.95) -> 0.95 | L28: =IFERROR(__xludf.DUMMYFUNCTION("""COMPUTED_VALUE"""),0.92) -> 0.92 | M28: =IFERROR(__xludf.DUMMYFUNCTION("""COMPUTED_VALUE"""),0.79) -> 0.79 | N28: =IFERROR(__xludf.DUMMYFUNCTION("""COMPUTED_VALUE"""),0.73) -> 0.73
A29: 28 0.85 0.96 0.88 0.97 0.98 1.00 1.00 0.97 0.89 0.85 0.69 0.62 | B29: =IFERROR(__xludf.DUMMYFUNCTION("SPLIT(A29,"" "")"),28.0) -> 28 | C29: =IFERROR(__xludf.DUMMYFUNCTION("""COMPUTED_VALUE"""),0.85) -> 0.85 | D29: =IFERROR(__xludf.DUMMYFUNCTION("""COMPUTED_VALUE"""),0.96) -> 0.96 | E29: =IFERROR(__xludf.DUMMYFUNCTION("""COMPUTED_VALUE"""),0.88) -> 0.88 | F29: =IFERROR(__xludf.DUMMYFUNCTION("""COMPUTED_VALUE"""),0.97) -> 0.97 | G29: =IFERROR(__xludf.DUMMYFUNCTION("""COMPUTED_VALUE"""),0.98) -> 0.98 | H29: =IFERROR(__xludf.DUMMYFUNCTION("""COMPUTED_VALUE"""),1.0) -> 1 | I29: =IFERROR(__xludf.DUMMYFUNCTION("""COMPUTED_VALUE"""),1.0) -> 1 | J29: =IFERROR(__xludf.DUMMYFUNCTION("""COMPUTED_VALUE"""),0.97) -> 0.97 | K29: =IFERROR(__xludf.DUMMYFUNCTION("""COMPUTED_VALUE"""),0.89) -> 0.89 | L29: =IFERROR(__xludf.DUMMYFUNCTION("""COMPUTED_VALUE"""),0.85) -> 0.85 | M29: =IFERROR(__xludf.DUMMYFUNCTION("""COMPUTED_VALUE"""),0.69) -> 0.69 | N29: =IFERROR(__xludf.DUMMYFUNCTION("""COMPUTED_VALUE"""),0.62) -> 0.62
A30: 29 0.93 x 0.94 0.99 1.00 0.99 0.98 0.92 0.82 0.76 0.58 0.51 | B30: =IFERROR(__xludf.DUMMYFUNCTION("SPLIT(A30,"" "")"),29.0) -> 29 | C30: =IFERROR(__xludf.DUMMYFUNCTION("""COMPUTED_VALUE"""),0.93) -> 0.93 | D30: =IFERROR(__xludf.DUMMYFUNCTION("""COMPUTED_VALUE"""),"x") -> x | E30: =IFERROR(__xludf.DUMMYFUNCTION("""COMPUTED_VALUE"""),0.94) -> 0.94 | F30: =IFERROR(__xludf.DUMMYFUNCTION("""COMPUTED_VALUE"""),0.99) -> 0.99 | G30: =IFERROR(__xludf.DUMMYFUNCTION("""COMPUTED_VALUE"""),1.0) -> 1 | H30: =IFERROR(__xludf.DUMMYFUNCTION("""COMPUTED_VALUE"""),0.99) -> 0.99 | I30: =IFERROR(__xludf.DUMMYFUNCTION("""COMPUTED_VALUE"""),0.98) -> 0.98 | J30: =IFERROR(__xludf.DUMMYFUNCTION("""COMPUTED_VALUE"""),0.92) -> 0.92 | K30: =IFERROR(__xludf.DUMMYFUNCTION("""COMPUTED_VALUE"""),0.82) -> 0.82 | L30: =IFERROR(__xludf.DUMMYFUNCTION("""COMPUTED_VALUE"""),0.76) -> 0.76 | M30: =IFERROR(__xludf.DUMMYFUNCTION("""COMPUTED_VALUE"""),0.58) -> 0.58 | N30: =IFERROR(__xludf.DUMMYFUNCTION("""COMPUTED_VALUE"""),0.51) -> 0.51
A31: 30 0.98 x 0.98 1.00 0.99 0.96 0.94 0.86 0.72 0.65 0.47 0.40 | B31: =IFERROR(__xludf.DUMMYFUNCTION("SPLIT(A31,"" "")"),30.0) -> 30 | C31: =IFERROR(__xludf.DUMMYFUNCTION("""COMPUTED_VALUE"""),0.98) -> 0.98 | D31: =IFERROR(__xludf.DUMMYFUNCTION("""COMPUTED_VALUE"""),"x") -> x | E31: =IFERROR(__xludf.DUMMYFUNCTION("""COMPUTED_VALUE"""),0.98) -> 0.98 | F31: =IFERROR(__xludf.DUMMYFUNCTION("""COMPUTED_VALUE"""),1.0) -> 1 | G31: =IFERROR(__xludf.DUMMYFUNCTION("""COMPUTED_VALUE"""),0.99) -> 0.99 | H31: =IFERROR(__xludf.DUMMYFUNCTION("""COMPUTED_VALUE"""),0.96) -> 0.96 | I31: =IFERROR(__xludf.DUMMYFUNCTION("""COMPUTED_VALUE"""),0.94) -> 0.94 | J31: =IFERROR(__xludf.DUMMYFUNCTION("""COMPUTED_VALUE"""),0.86) -> 0.86 | K31: =IFERROR(__xludf.DUMMYFUNCTION("""COMPUTED_VALUE"""),0.72) -> 0.72 | L31: =IFERROR(__xludf.DUMMYFUNCTION("""COMPUTED_VALUE"""),0.65) -> 0.65 | M31: =IFERROR(__xludf.DUMMYFUNCTION("""COMPUTED_VALUE"""),0.47) -> 0.47 | N31: =IFERROR(__xludf.DUMMYFUNCTION("""COMPUTED_VALUE"""),0.4) -> 0.4
A32: 31 1.00 x 1.00 x 0.97 x 0.89 0.78 x 0.54 x 0.30 | B32: =IFERROR(__xludf.DUMMYFUNCTION("SPLIT(A32,"" "")"),31.0) -> 31 | C32: =IFERROR(__xludf.DUMMYFUNCTION("""COMPUTED_VALUE"""),1.0) -> 1 | D32: =IFERROR(__xludf.DUMMYFUNCTION("""COMPUTED_VALUE"""),"x") -> x | E32: =IFERROR(__xludf.DUMMYFUNCTION("""COMPUTED_VALUE"""),1.0) -> 1 | F32: =IFERROR(__xludf.DUMMYFUNCTION("""COMPUTED_VALUE"""),"x") -> x | G32: =IFERROR(__xludf.DUMMYFUNCTION("""COMPUTED_VALUE"""),0.97) -> 0.97 | H32: =IFERROR(__xludf.DUMMYFUNCTION("""COMPUTED_VALUE"""),"x") -> x | I32: =IFERROR(__xludf.DUMMYFUNCTION("""COMPUTED_VALUE"""),0.89) -> 0.89 | J32: =IFERROR(__xludf.DUMMYFUNCTION("""COMPUTED_VALUE"""),0.78) -> 0.78 | K32: =IFERROR(__xludf.DUMMYFUNCTION("""COMPUTED_VALUE"""),"x") -> x | L32: =IFERROR(__xludf.DUMMYFUNCTION("""COMPUTED_VALUE"""),0.54) -> 0.54 | M32: =IFERROR(__xludf.DUMMYFUNCTION("""COMPUTED_VALUE"""),"x") -> x | N32: =IFERROR(__xludf.DUMMYFUNCTION("""COMPUTED_VALUE"""),0.3) -> 0.3

Sheet moon phases 2019
A1: Day Jan. Feb. Mar. Apr. May June July Aug. Sep. Oct. Nov. Dec. | B1: =IFERROR(__xludf.DUMMYFUNCTION("split(A1,"" "")"),"Day") -> Day | C1: =IFERROR(__xludf.DUMMYFUNCTION("""COMPUTED_VALUE"""),"Jan.") -> Jan. | D1: =IFERROR(__xludf.DUMMYFUNCTION("""COMPUTED_VALUE"""),"Feb.") -> Feb. | E1: =IFERROR(__xludf.DUMMYFUNCTION("""COMPUTED_VALUE"""),"Mar.") -> Mar. | F1: =IFERROR(__xludf.DUMMYFUNCTION("""COMPUTED_VALUE"""),"Apr.") -> Apr. | G1: =IFERROR(__xludf.DUMMYFUNCTION("""COMPUTED_VALUE"""),"May") -> May | H1: =IFERROR(__xludf.DUMMYFUNCTION("""COMPUTED_VALUE"""),"June") -> June | I1: =IFERROR(__xludf.DUMMYFUNCTION("""COMPUTED_VALUE"""),"July") -> July | J1: =IFERROR(__xludf.DUMMYFUNCTION("""COMPUTED_VALUE"""),"Aug.") -> Aug. | K1: =IFERROR(__xludf.DUMMYFUNCTION("""COMPUTED_VALUE"""),"Sep.") -> Sep. | L1: =IFERROR(__xludf.DUMMYFUNCTION("""COMPUTED_VALUE"""),"Oct.") -> Oct. | M1: =IFERROR(__xludf.DUMMYFUNCTION("""COMPUTED_VALUE"""),"Nov.") -> Nov. | N1: =IFERROR(__xludf.DUMMYFUNCTION("""COMPUTED_VALUE"""),"Dec.") -> Dec.
A2: 01 0.09 0.20 0.09 0.23 0.31 0.48 0.53 0.66 0.77 0.79 0.89 0.92 | B2: 1 | C2: 0.21 | D2: 0.21 | E2: 0.21 | F2: 0.15 | G2: 0.13 | H2: 0.05 | I2: 0.03 | J2: 0 | K2: 0.06 | L2: 0.1 | M2: 0.21 | N2: 0.23
A3: 02 0.16 0.30 0.17 0.34 0.42 0.58 0.63 0.75 0.85 0.87 0.95 0.97 | B3: 2 | C3: 0.13 | D3: 0.13 | E3: 0.13 | F3: 0.09 | G3: 0.07 | H3: 0.02 | I3: 0 | J3: 0.02 | K3: 0.12 | L3: 0.17 | M3: 0.3 | N3: 0.32
A4: 03 0.24 0.41 0.26 0.45 0.52 0.68 0.72 0.82 0.91 0.93 0.99 1.00 | B4: 3 | C4: 0.07 | D4: 0.07 | E4: 0.07 | F4: 0.04 | G4: 0.03 | H4: 0 | I4: 0 | J4: 0.07 | K4: 0.21 | L4: 0.26 | M4: 0.39 | N4: 0.41
A5: 04 0.34 0.52 0.37 0.56 0.63 0.77 0.80 0.89 0.96 0.97 1.00 0.99 | B5: 4 | C5: 0.03 | D5: 0.03 | E5: 0.03 | F5: 0.01 | G5: 0.01 | H5: 0.01 | I5: 0.03 | J5: 0.15 | K5: 0.31 | L5: 0.36 | M5: 0.49 | N5: 0.51
A6: 05 0.45 0.63 0.48 0.67 0.73 0.85 0.87 0.94 0.99 1.00 0.98 0.96 | B6: 5 | C6: 0.01 | D6: 0.01 | E6: 0.01 | F6: 0 | G6: 0 | H6: 0.05 | I6: 0.09 | J6: 0.24 | K6: 0.42 | L6: 0.46 | M6: 0.59 | N6: 0.6
A7: 06 0.56 0.74 0.60 0.77 0.81 0.91 0.93 0.98 1.00 0.99 0.93 0.90 | B7: 6 | C7: 0 | D7: 0 | E7: 0 | F7: 0.01 | G7: 0.02 | H7: 0.11 | I7: 0.17 | J7: 0.35 | K7: 0.52 | L7: 0.56 | M7: 0.68 | N7: 0.69
A8: 07 0.67 0.83 0.71 0.85 0.88 0.95 0.97 1.00 0.99 0.97 0.86 0.81 | B8: 7 | C8: 0.01 | D8: 0.01 | E8: 0.01 | F8: 0.04 | G8: 0.06 | H8: 0.19 | I8: 0.27 | J8: 0.46 | K8: 0.62 | L8: 0.66 | M8: 0.76 | N8: 0.77
A9: 08 0.77 0.91 0.80 0.92 0.94 0.98 0.99 1.00 0.95 0.91 0.77 0.71 | B9: 8 | C9: 0.05 | D9: 0.05 | E9: 0.05 | F9: 0.09 | G9: 0.13 | H9: 0.29 | I9: 0.37 | J9: 0.57 | K9: 0.72 | L9: 0.75 | M9: 0.84 | N9: 0.85
A10: 09 0.86 0.96 0.88 0.96 0.98 1.00 1.00 0.97 0.89 0.84 0.67 0.61 | B10: 9 | C10: 0.09 | D10: 0.09 | E10: 0.09 | F10: 0.16 | G10: 0.21 | H10: 0.4 | I10: 0.49 | J10: 0.67 | K10: 0.8 | L10: 0.82 | M10: 0.9 | N10: 0.91
A11: 10 0.93 0.99 0.94 0.99 1.00 0.99 0.99 0.93 0.81 0.74 0.56 0.50 | B11: 10 | C11: 0.16 | D11: 0.16 | E11: 0.16 | F11: 0.24 | G11: 0.31 | H11: 0.51 | I11: 0.6 | J11: 0.76 | K11: 0.87 | L11: 0.89 | M11: 0.95 | N11: 0.96
A12: 11 0.98 1.00 0.98 1.00 1.00 0.97 0.96 0.87 0.72 0.64 0.45 0.40 | B12: 11 | C12: 0.23 | D12: 0.23 | E12: 0.23 | F12: 0.34 | G12: 0.42 | H12: 0.62 | I12: 0.7 | J12: 0.84 | K12: 0.93 | L12: 0.94 | M12: 0.98 | N12: 0.99
A13: 12 1.00 0.98 1.00 0.99 0.98 0.93 0.91 0.79 0.61 0.52 0.34 0.30 | B13: 12 | C13: 0.31 | D13: 0.31 | E13: 0.31 | F13: 0.45 | G13: 0.53 | H13: 0.73 | I13: 0.8 | J13: 0.91 | K13: 0.97 | L13: 0.98 | M13: 1 | N13: 1
... A31: 30 0.06 x 0.07 0.20 0.27 0.43 0.47 0.59 0.71 0.73 0.85 0.89 | B31: 30 | C31: 0.26 | D31: 0.26 | E31: 0.26 | F31: 0.2 | G31: 0.18 | H31: 0.08 | I31: 0.05 | J31: 0 | K31: 0.04 | L31: 0.06 | M31: 0.15 | N31: 0.17
A32: 31 0.12 x 0.14 x 0.37 x 0.57 0.69 x 0.82 x 0.95 | B32: 31 | C32: 0.18 | D32: 0.18 | E32: 0.18 | F32: X | G32: 0.11 | H32: X | I32: 0.01 | J32: 0.01 | K32: X | L32: 0.13 | M32: X | N32: 0.24

Sheet column labels
A1: nov | B1: dec | C1: jan | D1: feb | E1: mar | F1: apr
A2: Date | B2: Date | C2: Date | D2: Date | E2: Date | F2: Date | G2: Date
A3: Sunset | B3: Sunset | C3: Sunset | D3: Sunset | E3: Sunset | F3: Sunset | G3: Sunset
A4: Civil Twilight | B4: Civil Twilight | C4: Civil Twilight | D4: Civil Twilight | E4: Civil Twilight | F4: Civil Twilight | G4: Civil Twilight
A5: Captain | B5: Captain | C5: Captain | D5: Captain | E5: Captain | F5: Captain | G5: Captain
A6: Monitored (Y/N) | B6: Monitored (Y/N) | C6: Monitored (Y/N) | D6: Monitored (Y/N) | E6: Monitored (Y/N) | F6: Monitored (Y/N) | G6: Monitored (Y/N)
A7: Start time | B7: Start time | C7: Start time | D7: Start time | E7: Start time | F7: Start time | G7: Start time
A8: End time | B8: End time | C8: End time | D8: End time | E8: End time | F8: End time | G8: End time
A9: Hours | B9: Hours | C9: Hours | D9: Hours monitored | E9: Hours monitored | F9: Hours monitored | G9: Hours
A10: Team Hrs. | B10: Team Hrs. | C10: Team Hrs. | D10: Team Hrs. | E10: Team Hrs. | F10: Team Hrs. | G10: Team Hrs.
A11: Start Temp | B11: Start Temp | C11: Start Temp. | D11: Start Temp | E11: Start temp | F11: Start temp | G11: Start Temp
A12: End Temp | B12: End Temp | C12: End Temp | D12: End Temp | E12: End temp | F12: End temp | G12: End Temp
A13: Weather | B13: Weather | C13: Weather | D13: Weather | E13: Weather | F13: Weather | G13: Weather
A14: Females assisted down | B14: Females assisted down | C14: Females assisted down | D14: Females assisted down | E14: Females assisted down | F14: Females assisted down | G14: Females assisted down
A15: Males assisted down | B15: Males assisted down | C15: Males assisted down | D15: Males assisted down | E15: Males assisted down | F15: Males assisted down | G15: Males assisted down | H15: NOV_F_A_DN | I15: DEC_F_A_DN | J15: JAN_F_A_DN | K15: FEB_F_A_DN | L15: MAR_F_A_DN | M15: =IFERROR(__xludf.DUMMYFUNCTION("JOIN("" + "",H15:L15)"),"NOV_F_A_DN + DEC_F_A_DN + JAN_F_A_DN + FEB_F_A_DN + MAR_F_A_DN") -> NOV_F_A_DN + DEC_F_A_DN + JAN_F_A_DN + FEB_F_A_DN + MAR_F_A_DN
A16: Females unassisted down | B16: Females unassisted down | C16: Unassisted Females down | D16: Unassisted Females down | E16: Unassisted Females down | F16: Unassisted Females down | G16: Females unassisted down | H16: NOV_M_A_DN | I16: DEC_M_A_DN | J16: JAN_M_A_DN | K16: FEB_M_A_DN | L16: MAR_M_A_DN | M16: =IFERROR(__xludf.DUMMYFUNCTION("JOIN("" + "",H16:L16)"),"NOV_M_A_DN + DEC_M_A_DN + JAN_M_A_DN + FEB_M_A_DN + MAR_M_A_DN") -> NOV_M_A_DN + DEC_M_A_DN + JAN_M_A_DN + FEB_M_A_DN + MAR_M_A_DN
A17: Males unassisted down | B17: Males unassisted down | C17: Unasissted Males down | D17: Unasissted Males down | E17: Unasissted Males down | F17: Unasissted Males down | G17: Males unassisted down | H17: NOV_F_U_DN | I17: DEC_F_U_DN | J17: JAN_F_U_DN | K17: FEB_F_U_DN | L17: MAR_F_U_DN | M17: =IFERROR(__xludf.DUMMYFUNCTION("JOIN("" + "",H17:L17)"),"NOV_F_U_DN + DEC_F_U_DN + JAN_F_U_DN + FEB_F_U_DN + MAR_F_U_DN") -> NOV_F_U_DN + DEC_F_U_DN + JAN_F_U_DN + FEB_F_U_DN + MAR_F_U_DN
A18: Females assisted up | B18: Females assisted up | C18: Females assisted up | D18: Females assisted up | E18: Females assisted up | F18: Females assisted up | G18: Females assisted up | H18: NOV_M_U_DN | I18: DEC_M_U_DN | J18: JAN_M_U_DN | K18: FEB_M_U_DN | L18: MAR_M_U_DN | M18: =IFERROR(__xludf.DUMMYFUNCTION("JOIN("" + "",H18:L18)"),"NOV_M_U_DN + DEC_M_U_DN + JAN_M_U_DN + FEB_M_U_DN + MAR_M_U_DN") -> NOV_M_U_DN + DEC_M_U_DN + JAN_M_U_DN + FEB_M_U_DN + MAR_M_U_DN
A19: Males assisted up | B19: Males assisted up | C19: Males assisted up | D19: Males assisted up | E19: Males assisted up | F19: Males assisted up | G19: Males assisted up | H19: NOV_F_A_UP | I19: DEC_F_A_UP | J19: JAN_F_A_UP | K19: FEB_F_A_UP | L19: MAR_F_A_UP | M19: =IFERROR(__xludf.DUMMYFUNCTION("JOIN("" + "",H19:L19)"),"NOV_F_A_UP + DEC_F_A_UP + JAN_F_A_UP + FEB_F_A_UP + MAR_F_A_UP") -> NOV_F_A_UP + DEC_F_A_UP + JAN_F_A_UP + FEB_F_A_UP + MAR_F_A_UP
A20: Females unassisted up | B20: Females unassisted up | C20: Unassisted females up | D20: Unassisted females up | E20: Unassisted females up | F20: Unassisted females up | G20: Females unassisted up | H20: NOV_M_A_UP | I20: DEC_M_A_UP | J20: JAN_M_A_UP | K20: FEB_M_A_UP | L20: MAR_M_A_UP | M20: =IFERROR(__xludf.DUMMYFUNCTION("JOIN("" + "",H20:L20)"),"NOV_M_A_UP + DEC_M_A_UP + JAN_M_A_UP + FEB_M_A_UP + MAR_M_A_UP") -> NOV_M_A_UP + DEC_M_A_UP + JAN_M_A_UP + FEB_M_A_UP + MAR_M_A_UP
A21: Males unassisted up | B21: Males unassisted up | C21: Unassisted males up | D21: Unassisted males up | E21: Unassisted males up | F21: Unassisted males up | G21: Males unassisted up | H21: NOV_F_U_UP | I21: DEC_F_U_UP | J21: JAN_F_U_UP | K21: FEB_F_U_UP | L21: MAR_F_U_UP | M21: =IFERROR(__xludf.DUMMYFUNCTION("JOIN("" + "",H21:L21)"),"NOV_F_U_UP + DEC_F_U_UP + JAN_F_U_UP + FEB_F_U_UP + MAR_F_U_UP") -> NOV_F_U_UP + DEC_F_U_UP + JAN_F_U_UP + FEB_F_U_UP + MAR_F_U_UP
A22: Juveniles | B22: Juveniles | C22: Juveniles | D22: Juveniles assisted up | E22: Juveniles assisted up | F22: Juveniles assisted up | G22: Juveniles | H22: NOV_M_U_UP | I22: DEC_M_U_UP | J22: JAN_M_U_UP | K22: FEB_M_U_UP | L22: MAR_M_U_UP | M22: =IFERROR(__xludf.DUMMYFUNCTION("JOIN("" + "",H22:L22)"),"NOV_M_U_UP + DEC_M_U_UP + JAN_M_U_UP + FEB_M_U_UP + MAR_M_U_UP") -> NOV_M_U_UP + DEC_M_U_UP + JAN_M_U_UP + FEB_M_U_UP + MAR_M_U_UP
A23: Roadkills female | B23: Roadkills female | C23: Roadkill Females | D23: Roadkill Females | E23: Roadkill Females | F23: Roadkill Females | G23: Roadkills female | H23: NOV_JUV | I23: DEC_JUV | J23: JAN_JUV | K23: FEB_JUV | L23: MAR_JUV | M23: =IFERROR(__xludf.DUMMYFUNCTION("JOIN("" + "",H23:L23)"),"NOV_JUV + DEC_JUV + JAN_JUV + FEB_JUV + MAR_JUV") -> NOV_JUV + DEC_JUV + JAN_JUV + FEB_JUV + MAR_JUV
A24: Roadkills male | B24: Roadkills male | C24: Roadkill Males | D24: Roadkill Males | E24: Roadkill Males | F24: Roadkill Males | G24: Roadkills male | H24: NOV_M_ROADKILL | I24: DEC_M_ROADKILL | J24: JAN_M_ROADKILL | K24: FEB_M_ROADKILL | L24: MAR_M_ROADKILL | M24: =IFERROR(__xludf.DUMMYFUNCTION("JOIN("" + "",H24:L24)"),"NOV_M_ROADKILL + DEC_M_ROADKILL + JAN_M_ROADKILL + FEB_M_ROADKILL + MAR_M_ROADKILL") -> NOV_M_ROADKILL + DEC_M_ROADKILL + JAN_M_ROADKILL + FEB_M_ROADKILL + MAR_M_ROADKILL
A25: Roadkills unk | B25: Roadkills unk | C25: Roadkill Unk | D25: Roadkill Unk | E25: Roadkill Unk | F25: Roadkill Unk | G25: Roadkills unk | H25: NOV_F_ROADKILL | I25: DEC_F_ROADKILL | J25: JAN_F_ROADKILL | K25: FEB_F_ROADKILL | L25: MAR_F_ROADKILL | M25: =IFERROR(__xludf.DUMMYFUNCTION("JOIN("" + "",H25:L25)"),"NOV_F_ROADKILL + DEC_F_ROADKILL + JAN_F_ROADKILL + FEB_F_ROADKILL + MAR_F_ROADKILL") -> NOV_F_ROADKILL + DEC_F_ROADKILL + JAN_F_ROADKILL + FEB_F_ROADKILL + MAR_F_ROADKILL
A26: Total Frogs down | B26: Total Frogs down | C26: Total frogs down | D26: Total frogs down | E26: Total frogs down | F26: Total frogs down | G26: Total Frogs down | H26: NOV_UNK_ROADKILL | I26: DEC_UNK_ROADKILL | J26: JAN_UNK_ROADKILL | K26: FEB_UNK_ROADKILL | L26: MAR_UNK_ROADKILL | M26: =IFERROR(__xludf.DUMMYFUNCTION("JOIN("" + "",H26:L26)"),"NOV_UNK_ROADKILL + DEC_UNK_ROADKILL + JAN_UNK_ROADKILL + FEB_UNK_ROADKILL + MAR_UNK_ROADKILL") -> NOV_UNK_ROADKILL + DEC_UNK_ROADKILL + JAN_UNK_ROADKILL + FEB_UNK_ROADKILL + MAR_UNK_ROADKILL
A27: Total Frogs up | B27: Total Frogs up | C27: Total frogs up | D27: Total frogs up | E27: Total frogs up | F27: Total frogs up | G27: Total Frogs up
A28: Total Frogs Assisted | B28: Total Frogs Assisted | C28: Total Frogs Assisted | D28: Total Frogs Assisted | E28: Total Frogs Assisted | F28: Total Frogs Assisted | G28: Total Frogs Assisted
A29: Comments | B29: Comments | C29: Comments | D29: Comments | E29: Comments | F29: Comments | G29: Comments
C52: Date
C53: Sunset
C54: Civil Twilight
C55: Captain
C56: Monitored (Y/N)
C57: Start time
C58: End time
C59: Hours
C60: Team Hrs.
C61: Start Temp.
C62: End Temp
C63: Weather
C64: Females assisted down | D64: 2015/ | E64: Date
C65: Males assisted down | D65: Sunset | E65: Sunset
C66: Unassisted Females down | D66: Civil Twilight | E66: Civil Twilight
A67: Rain | B67: Date | C67: Unasissted Males down | D67: Captain | E67: Captain
A68: Sunset | B68: Sunset | C68: Females assisted up | D68: Monitored (Y/N) | E68: Monitored (Y/N)
A69: Civil Twilight | B69: Civil Twilight | C69: Males assisted up | D69: Start time | E69: Start time
A70: Shift | B70: Captain | C70: Unassisted females up | D70: End time | E70: End time
A71: Captain | B71: Monitored (Y/N) | C71: Unassisted males up | D71: Hours monitored | E71: Hours monitored
A72: Monitored (Y/N) | B72: Start time | C72: Juveniles | D72: Team Hrs. | E72: Team Hrs.
A73: Start time | B73: End time | C73: Roadkill Females | D73: Start Temp | E73: Start temp
A74: End time | B74: Hours | C74: Roadkill Males | D74: End Temp | E74: End temp
A75: Hours | B75: Team Hrs. | C75: Roadkill Unk | D75: Weather | E75: Weather
A76: Team Hrs. | B76: Start Temp | C76: Frogs down | D76: Females assisted down | E76: Females assisted down
A77: Start Temp | B77: End Temp | C77: Frogs up | D77: Males assisted down | E77: Males assisted down
A78: End Temp | B78: Weather | C78: Total assisted | D78: Unassisted Females down | E78: Unassisted Females down
A79: Weather | B79: Females assisted down | C79: Comments | D79: Unasissted Males down | E79: Unasissted Males down
A80: Females assisted down | B80: Males assisted down | D80: Females assisted up | E80: Females assisted up
A81: Males assisted down | B81: Females unassisted down | D81: Males assisted up | E81: Males assisted up
A82: Females unassisted down | B82: Males unassisted down | D82: Unassisted females up | E82: Unassisted females up
A83: Males unassisted down | B83: Females assisted up | D83: Unassisted males up | E83: Unassisted males up
A84: Females assisted up | B84: Males assisted up | D84: Juveniles | E84: Juveniles
A85: Males assisted up | B85: Females unassisted up | D85: Roadkill Females | E85: Roadkill Females
A86: Females unassisted up | B86: Males unassisted up | D86: Roadkill Males | E86: Roadkill Males
A87: Males unassisted up | B87: Juveniles | D87: Roadkill Unk | E87: Roadkill Unk
A88: Juveniles | B88: Roadkills female | D88: Total Frogs down | E88: Frogs down
A89: Roadkills female | B89: Roadkills male | D89: Total Frogs up | E89: Frogs up
A90: Roadkills male | B90: Total Frogs down | D90: Total Frogs Assisted | E90: Total Frogs Assisted
A91: Total Frogs down | B91: Total Frogs up | D91: Comments | E91: Comments
A92: Total Frogs up | B92: Comments
A93: Comments
A94: Baro Pressure
C100: Date
C101: Sunset
C102: Civil Twilight
C103: Captain
C104: Monitored (Y/N)
C105: Start time
C106: End time
C107: Hours
C108: Team Hrs.
C109: Start Temp.
C110: End Temp
C111: Weather
... C123: Roadkill Unk
C124: Frogs down | D124: 2015/ | E124: Date
C125: Frogs up | D125: Sunset | E125: Sunset
C126: Total assisted | D126: Civil Twilight | E126: Civil Twilight
C127: Comments | D127: Captain | E127: Captain
D128: Monitored (Y/N) | E128: Monitored (Y/N)
B129: Date | D129: Start time | E129: Start time
A130: Rain | B130: Sunset | D130: End time | E130: End time
A131: Sunset | B131: Civil Twilight | D131: Hours monitored | E131: Hours monitored
A132: Civil Twilight | B132: Captain | D132: Team Hrs. | E132: Team Hrs.
A133: Shift | B133: Monitored (Y/N) | D133: Start Temp | E133: Start temp
A134: Captain | B134: Start time | D134: End Temp | E134: End temp
A135: Monitored (Y/N) | B135: End time | D135: Weather | E135: Weather
A136: Start time | B136: Hours | D136: Females assisted down | E136: Females assisted down
A137: End time | B137: Team Hrs. | D137: Males assisted down | E137: Males assisted down
A138: Hours | B138: Start Temp | D138: Unassisted Females down | E138: Unassisted Females down
...

Sheet Legend
A1: Month | B1: Each month is stored in its own tab - DO NOT CHANGE
A2: Date | B2: Date of the observation - note that each month has its own tab. DO NOT CHANGE
A3: Sunset (Hidden) | B3: This is the time when the sun sets below the horizon. This is incuded as an aid to setting the time for volunteers to assemble. DO NOT CHANGE.
A4: Dark | B4: This is the time of the end of civil twilight - when it becomes too dark to see without artificial illumination.This is incuded as an aid to setting the time for volunteers to assemble. DO NOT CHANGE.
A5: Shift | B5: 1 = Regular, 2 = Night Owl
A6: Captain | B6: The captain in charge on this date. Each captain is responsible for making his/her own daily entry.
A7: Monitored (Y/N) | B7: Enter Y if you went out to the site and N if not.
A8: Start time | B8: The time of arrival on site.
A9: End time | B9: The final time of departure from the site.
A10: Start temp | B10: The temperature when you arrived on site OR the temperature you used to make the go/no-go decision for the evening.
A11: End temp | B11: The temperature when everyone went home for the night
A12: Weather | B12: The weather you used to make the go/no-go decision for the evening.
... A18: Barometric Pressure | B18: Available at http://w1.weather.gov/obhistory/KPDX.html. Suffix + indicates rising, - indicates falling.

Sheet Sheet23
A2: 43374 | B2: 43375 | C2: 0.78125 | D2: 0.041666667 | E2: =24*( DATEDIF(A2,B2,"D")+TIMEVALUE(D2)-TIMEVALUE(C2)) -> 6.25
A5: 43448 | B5: 0.20972222
A6: 43455 | B6: 0.21111111
A7: 43462 | B7: 0.21458333
A8: 43469 | B8: 0.21875
A9: 43476 | B9: 0.22361111
A10: 43483 | B10: 0.22916667
A11: 43490 | B11: 0.23541667
A12: 43497 | B12: 0.24236111
A13: 43504 | B13: 0.24861111
A14: 43511 | B14: 0.25555556
A15: 43518 | B15: 0.2625
A16: 43525 | B16: 0.26875
A17: 43532 | B17: 0.27569444
A18: 43539 | B18: 0.32361111 | C18: DST
A19: 43546 | B19: 0.32986111 | C19: DST
A20: 43553 | B20: 0.33680556 | C20: DST
A21: 43560 | B21: 0.34305556 | C21: DST
A22: 43567
